province,title,link
ha-noi,1900 Le Théâtre (Hà Nội),https://gody.vn/chau-a/viet-nam/ha-noi/1900-le-theatre-ha-noi
ha-noi,Ẩm thực đường phố Hà Nội (Hanoi street food tour),https://gody.vn/chau-a/viet-nam/ha-noi/am-thuc-duong-pho-ha-noi-hanoi-street-food-tour
ha-noi,Backyard Coffee,https://gody.vn/chau-a/viet-nam/ha-noi/backyard-coffee
ha-noi,Bản Rõm – Sóc Sơn,https://gody.vn/chau-a/viet-nam/ha-noi/ban-rom-soc-son
ha-noi,Bánh canh ghẹ 69 Ô Chợ Dừa,https://gody.vn/chau-a/viet-nam/ha-noi/banh-canh-ghe-69-o-cho-dua
ha-noi,Bánh mì bà Dần (Hà Nội),https://gody.vn/chau-a/viet-nam/ha-noi/banh-mi-ba-dan-ha-noi
ha-noi,Bánh Mì Nguyên Sinh (Hà Nội),https://gody.vn/chau-a/viet-nam/ha-noi/banh-mi-nguyen-sinh-ha-noi
ha-noi,Bánh Tôm Hồ Tây,https://gody.vn/chau-a/viet-nam/ha-noi/banh-tom-ho-tay
ha-noi,Bảo tàng chiến sĩ cách mạng bị bắt đi tù đày,https://gody.vn/chau-a/viet-nam/ha-noi/bao-tang-chien-si-cach-mang-bi-bat-di-tu-day
ha-noi,Bảo tàng chiến thắng B52,https://gody.vn/chau-a/viet-nam/ha-noi/bao-tang-chien-thang-b52
ha-noi,Bảo tàng công an Hà Nội (Hanoi Police Museum),https://gody.vn/chau-a/viet-nam/ha-noi/bao-tang-cong-an-ha-noi-hanoi-police-museum
ha-noi,Bảo Tàng Dân Tộc Học,https://gody.vn/chau-a/viet-nam/ha-noi/bao-tang-dan-toc-hoc
ha-noi,Bảo tàng địa chất Hà Nội,https://gody.vn/chau-a/viet-nam/ha-noi/bao-tang-dia-chat-ha-noi
ha-noi,Bảo tàng Hà Nội (Hanoi Museum),https://gody.vn/chau-a/viet-nam/ha-noi/bao-tang-ha-noi-hanoi-museum
ha-noi,Bảo tang lịch sử quân sự Việt Nam,https://gody.vn/chau-a/viet-nam/ha-noi/bao-tang-lich-su-quan-su-viet-nam
ha-noi,Bảo tàng mỹ thuật Việt Nam,https://gody.vn/chau-a/viet-nam/ha-noi/bao-tang-my-thuat-viet-nam
ha-noi,Bảo tàng phụ nữ Việt Nam (Vietnamese woman’s museum),https://gody.vn/chau-a/viet-nam/ha-noi/bao-tang-phu-nu-viet-nam-vietnamese-womans-museum
ha-noi,Bảo tàng thiên nhiên Việt Nam,https://gody.vn/chau-a/viet-nam/ha-noi/bao-tang-thien-nhien-viet-nam
ha-noi,Bến Hàn Quốc (Hà Nội),https://gody.vn/chau-a/viet-nam/ha-noi/ben-han-quoc-ha-noi
ha-noi,Bún bò Nam Bộ (Hàng Điếu - Hà Nội),https://gody.vn/chau-a/viet-nam/ha-noi/bun-bo-nam-bo-hang-dieu-ha-noi
ha-noi,Ca trù Thăng Long,https://gody.vn/chau-a/viet-nam/ha-noi/ca-tru-thang-long
ha-noi,Cafe Giảng,https://gody.vn/chau-a/viet-nam/ha-noi/cafe-giang
ha-noi,Câu Lạc Bộ Ca trù Hà Nội,https://gody.vn/chau-a/viet-nam/ha-noi/cau-lac-bo-ca-tru-ha-noi
ha-noi,Cầu Long Biên (Long Bien bridge),https://gody.vn/chau-a/viet-nam/ha-noi/cau-long-bien-long-bien-bridge
ha-noi,Cầu Thê Húc,https://gody.vn/chau-a/viet-nam/ha-noi/cau-the-huc
ha-noi,Chả cá lăng chị Bình (Hà Nội),https://gody.vn/chau-a/viet-nam/ha-noi/cha-ca-lang-chi-binh-ha-noi
ha-noi,Chợ đêm Phố Cổ Hà Nội,https://gody.vn/chau-a/viet-nam/ha-noi/cho-dem-pho-co-ha-noi
ha-noi,Chợ Đồng Xuân (Dong Xuan Market),https://gody.vn/chau-a/viet-nam/ha-noi/cho-dong-xuan-dong-xuan-market
ha-noi,Chợ Hàng Da,https://gody.vn/chau-a/viet-nam/ha-noi/cho-hang-da-ha-noi
ha-noi,Chợ Hôm - Đức Viên,https://gody.vn/chau-a/viet-nam/ha-noi/cho-hom-duc-vien
ha-noi,Chợ Long Biên (Hà Nội),https://gody.vn/chau-a/viet-nam/ha-noi/cho-long-bien-ha-noi
ha-noi,Chùa Bộc,https://gody.vn/chau-a/viet-nam/ha-noi/chua-boc
ha-noi,Chùa Giải Oan (Quần thể danh thắng Chùa Hương),https://gody.vn/chau-a/viet-nam/ha-noi/chua-giai-oan-quan-the-danh-thang-chua-huong
ha-noi,Chùa Hà (Hà Nội),https://gody.vn/chau-a/viet-nam/ha-noi/chua-ha-ha-noi
ha-noi,Chùa Hương (Huong Pagoda),https://gody.vn/chau-a/viet-nam/ha-noi/chua-huong-huong-pagoda
ha-noi,Chùa Khai Nguyên,https://gody.vn/chau-a/viet-nam/ha-noi/chua-khai-nguyen
ha-noi,Chùa Láng (Lang Pagoda),https://gody.vn/chau-a/viet-nam/ha-noi/chua-lang-lang-pagoda
ha-noi,Chùa Mía (Hà Nội),https://gody.vn/chau-a/viet-nam/ha-noi/chua-mia-ha-noi
ha-noi,Chùa Một Cột,https://gody.vn/chau-a/viet-nam/ha-noi/chua-mot-cot
ha-noi,Chùa Pháp Vân,https://gody.vn/chau-a/viet-nam/ha-noi/chua-phap-van
ha-noi,Chùa Quán Sứ (Ambassador's Pagoda),https://gody.vn/chau-a/viet-nam/ha-noi/chua-quan-su-ambassadors-pagoda
ha-noi,Chùa Thầy (Hà Nội),https://gody.vn/chau-a/viet-nam/ha-noi/chua-thay-ha-noi
ha-noi,Chùa Thiên Trù,https://gody.vn/chau-a/viet-nam/ha-noi/chua-thien-tru
ha-noi,Chùa Trầm (Hà Nội),https://gody.vn/chau-a/viet-nam/ha-noi/chua-tram-ha-noi
ha-noi,Chùa Trấn Quốc,https://gody.vn/chau-a/viet-nam/ha-noi/chua-tran-quoc
ha-noi,Chùa Vô Vi (Hà Nội),https://gody.vn/chau-a/viet-nam/ha-noi/chua-vo-vi-ha-noi
ha-noi,Chương Trình Giải Trí Lonah (Lonah Show),https://gody.vn/chau-a/viet-nam/ha-noi/chuong-trinh-giai-tri-lonah-lonah-show
ha-noi,Cơm gà Tuyết Nhung (Hà Nội),https://gody.vn/chau-a/viet-nam/ha-noi/com-ga-tuyet-nhung-ha-noi
ha-noi,"Con Đường Gốm sứ, Hà Nội",https://gody.vn/chau-a/viet-nam/ha-noi/con-duong-gom-su-ha-noi
ha-noi,Công viên bách thảo Hà Nội,https://gody.vn/chau-a/viet-nam/ha-noi/cong-vien-bach-thao-ha-noi
ha-noi,Công viên Cầu Giấy Hà Nội,https://gody.vn/chau-a/viet-nam/ha-noi/cong-vien-cau-giay-ha-noi
ha-noi,Công viên Hòa Bình,https://gody.vn/chau-a/viet-nam/ha-noi/cong-vien-hoa-binh
ha-noi,Công viên Indira Gandhi,https://gody.vn/chau-a/viet-nam/ha-noi/cong-vien-indira-gandhi
ha-noi,Công viên Nghĩa Đô (Nghia Do Park),https://gody.vn/chau-a/viet-nam/ha-noi/cong-vien-nghia-do-nghia-do-park
ha-noi,Công viên nước Hồ Tây (Ho Tay Water Park),https://gody.vn/chau-a/viet-nam/ha-noi/cong-vien-nuoc-ho-tay-ho-tay-water-park
ha-noi,Công Viên Thiên Đường Bảo Sơn,https://gody.vn/chau-a/viet-nam/ha-noi/cong-vien-thien-duong-bao-son
ha-noi,Công viên Thống Nhất,https://gody.vn/chau-a/viet-nam/ha-noi/cong-vien-thong-nhat
ha-noi,Công viên Thủ Lệ,https://gody.vn/chau-a/viet-nam/ha-noi/cong-vien-thu-le
ha-noi,Công viên Yên Sở,https://gody.vn/chau-a/viet-nam/ha-noi/cong-vien-yen-so
ha-noi,Cột cờ Hà Nội,https://gody.vn/chau-a/viet-nam/ha-noi/cot-co-ha-noi
ha-noi,Đài quan sát Lotte (Lotte Observation Deck),https://gody.vn/chau-a/viet-nam/ha-noi/dai-quan-sat-lotte-lotte-observation-deck
ha-noi,Đền Bạch Mã,https://gody.vn/chau-a/viet-nam/ha-noi/den-bach-ma
ha-noi,Đền - Đình Kim Liên,https://gody.vn/chau-a/viet-nam/ha-noi/den-dinh-kim-lien
ha-noi,Đền Ngọc Sơn,https://gody.vn/chau-a/viet-nam/ha-noi/den-ngoc-son
ha-noi,Đền Quán Thánh,https://gody.vn/chau-a/viet-nam/ha-noi/den-quan-thanh
ha-noi,Đền Voi Phục,https://gody.vn/chau-a/viet-nam/ha-noi/den-voi-phuc
ha-noi,Đình Nghi Tàm,https://gody.vn/chau-a/viet-nam/ha-noi/dinh-nghi-tam
ha-noi,Động Hương Tích,https://gody.vn/chau-a/viet-nam/ha-noi/dong-huong-tich
ha-noi,Foglian Coffee,https://gody.vn/chau-a/viet-nam/ha-noi/foglian-coffee
ha-noi,Ga tàu Cát Linh - Hà Đông,https://gody.vn/chau-a/viet-nam/ha-noi/ga-tau-cat-linh-ha-dong
ha-noi,Giếng Cổ Ở Đường Lâm,https://gody.vn/chau-a/viet-nam/ha-noi/gieng-co-o-duong-lam
ha-noi,Gusto Coffee Tree,https://gody.vn/chau-a/viet-nam/ha-noi/gusto-coffee-tree
ha-noi,Hồ Chòm Núi,https://gody.vn/chau-a/viet-nam/ha-noi/ho-chom-nui
ha-noi,Hồ Đồng Quan,https://gody.vn/chau-a/viet-nam/ha-noi/ho-dong-quan
ha-noi,Hồ Hoa Sơn,https://gody.vn/chau-a/viet-nam/ha-noi/ho-hoa-son
ha-noi,Hồ Hoàn Kiếm,https://gody.vn/chau-a/viet-nam/ha-noi/ho-hoan-kiem
ha-noi,Hồ Linh Đàm (Hà Nội),https://gody.vn/chau-a/viet-nam/ha-noi/ho-linh-dam-ha-noi
ha-noi,Hồ Tây (West Lake),https://gody.vn/chau-a/viet-nam/ha-noi/ho-tay-west-lake
ha-noi,Hoàng Thành Thăng Long,https://gody.vn/chau-a/viet-nam/ha-noi/hoang-thanh-thang-long
ha-noi,Home Hanoi Restaurant,https://gody.vn/chau-a/viet-nam/ha-noi/home-hanoi-restaurant
ha-noi,Joie Coffee,https://gody.vn/chau-a/viet-nam/ha-noi/joie-coffee
ha-noi,KeangNam Hanoi Landmark Tower (Tòa nhà cao nhất Hà Nội),https://gody.vn/chau-a/viet-nam/ha-noi/keangnam-hanoi-landmark-tower-toa-nha-cao-nhat-ha-noi
ha-noi,Kem Tràng Tiền (Hà Nội),https://gody.vn/chau-a/viet-nam/ha-noi/kem-trang-tien-ha-noi
ha-noi,Khu bảo tồn thiên nhiên Krông Trai (Phú Yên),https://gody.vn/chau-a/viet-nam/ha-noi/khu-bao-ton-thien-nhien-krong-trai-phu-yen
ha-noi,Khu cắm trại Sixdoong,https://gody.vn/chau-a/viet-nam/ha-noi/khu-cam-trai-bo-song-hong-sixdoong
ha-noi,Khu di tích chủ tịch Hồ Chí Minh tại Phủ Chủ Tịch,https://gody.vn/chau-a/viet-nam/ha-noi/khu-di-tich-chu-tich-ho-chi-minh-tai-phu-chu-tich
ha-noi,Khu du lịch Ao Vua,https://gody.vn/chau-a/viet-nam/ha-noi/khu-du-lich-ao-vua
ha-noi,Khu du lịch Đồng Mô,https://gody.vn/chau-a/viet-nam/ha-noi/khu-du-lich-dong-mo
ha-noi,Khu du lịch Long Việt,https://gody.vn/chau-a/viet-nam/ha-noi/khu-du-lich-long-viet
ha-noi,Khu du lịch sinh thái Ecopark,https://gody.vn/chau-a/viet-nam/ha-noi/khu-du-lich-sinh-thai-ecopark
ha-noi,Khu du lịch sinh thái Hồ Quan Sơn (Hà Nội),https://gody.vn/chau-a/viet-nam/ha-noi/khu-du-lich-sinh-thai-ho-quan-son-ha-noi
ha-noi,Khu du lịch sinh thái Hồ Tiên Sa,https://gody.vn/chau-a/viet-nam/ha-noi/khu-du-lich-sinh-thai-ho-tien-sa
ha-noi,Khu du lịch sinh thái Thác Đa,https://gody.vn/chau-a/viet-nam/ha-noi/khu-du-lich-sinh-thai-thac-da
ha-noi,Khu du lịch Thiên Phú Lâm,https://gody.vn/chau-a/viet-nam/ha-noi/khu-du-lich-thien-phu-lam
ha-noi,Là Nhà Glamping,https://gody.vn/chau-a/viet-nam/ha-noi/la-nha-glamping
ha-noi,Lăng Chủ Tịch Hồ Chí Minh,https://gody.vn/chau-a/viet-nam/ha-noi/lang-chu-tich-ho-chi-minh
ha-noi,Làng cổ Đường Lâm,https://gody.vn/chau-a/viet-nam/ha-noi/lang-co-duong-lam
ha-noi,Làng Cổ Nghi Tàm,https://gody.vn/chau-a/viet-nam/ha-noi/lang-co-nghi-tam
ha-noi,Làng đào phú thượng,https://gody.vn/chau-a/viet-nam/ha-noi/lang-dao-phu-thuong
ha-noi,Làng gốm Bát Tràng,https://gody.vn/chau-a/viet-nam/ha-noi/lang-gom-bat-trang
ha-noi,Làng hoa Ngọc Hà (Hà Nội),https://gody.vn/chau-a/viet-nam/ha-noi/lang-hoa-ngoc-ha-ha-noi
ha-noi,Làng hoa Tây tựu (Hà Nội),https://gody.vn/chau-a/viet-nam/ha-noi/lang-hoa-tay-tuu-ha-noi
ha-noi,Làng Lụa Hà Đông (Van Phuc Silk Village),https://gody.vn/chau-a/viet-nam/ha-noi/lang-lua-ha-dong-van-phuc-silk-village
ha-noi,Lang Toi (My Village) by Lune Production,https://gody.vn/chau-a/viet-nam/ha-noi/lang-toi-my-village-by-lune-production
ha-noi,Làng Vòng (Hà Nội),https://gody.vn/chau-a/viet-nam/ha-noi/lang-vong-ha-noi
ha-noi,Le Chalet Café (Hanoi),https://gody.vn/chau-a/viet-nam/ha-noi/le-chalet-cafe-hanoi
ha-noi,Lễ Hội Gióng (Sóc Sơn - Hà Nội),https://gody.vn/chau-a/viet-nam/ha-noi/le-hoi-giong-soc-son-ha-noi
ha-noi,Ngôi nhà Gương (Công viên Thống Nhất),https://gody.vn/chau-a/viet-nam/ha-noi/ngoi-nha-guong-cong-vien-thong-nhat
ha-noi,Nhà Hàng Thành Cổ,https://gody.vn/chau-a/viet-nam/ha-noi/nha-hang-thanh-co
ha-noi,Nhà hát lớn Hà Nội,https://gody.vn/chau-a/viet-nam/ha-noi/nha-hat-lon-ha-noi
ha-noi,Nhà Hát Múa Rối Nước Thăng Long (Thang Long Water Puppet Theater),https://gody.vn/chau-a/viet-nam/ha-noi/nha-hat-mua-roi-nuoc-thang-long-thang-long-water-puppet-theater
ha-noi,Nhà Thờ Lớn Hà Nội,https://gody.vn/chau-a/viet-nam/ha-noi/nha-tho-lon-ha-noi
ha-noi,Nhà Tù Hỏa Lò,https://gody.vn/chau-a/viet-nam/ha-noi/nha-tu-hoa-lo
ha-noi,Núi hàm lợn (Sóc Sơn - Hà Nội),https://gody.vn/chau-a/viet-nam/ha-noi/nui-ham-lon-soc-son-ha-noi
ha-noi,Núi Trầm – Ngũ hành sơn,https://gody.vn/chau-a/viet-nam/ha-noi/nui-tram-ngu-hanh-son
ha-noi,Ơ Kìa Hà Nội Coffee,https://gody.vn/chau-a/viet-nam/ha-noi/o-kia-ha-noi-coffee
ha-noi,Phố ẩm thực Hàng Buồm,https://gody.vn/chau-a/viet-nam/ha-noi/pho-am-thuc-hang-buom
ha-noi,Phố ẩm thực Nhà Thờ Hà Nội,https://gody.vn/chau-a/viet-nam/ha-noi/pho-am-thuc-nha-tho-ha-noi
ha-noi,Phố bia Tạ Hiện,https://gody.vn/chau-a/viet-nam/ha-noi/pho-bia-ta-hien
ha-noi,Phố Bít Tết Hòe Nhai (Hà Nội),https://gody.vn/chau-a/viet-nam/ha-noi/pho-bit-tet-hoe-nhai-ha-noi
ha-noi,Phố Chân Gà Nướng Lý Văn Phức (Hà Nội),https://gody.vn/chau-a/viet-nam/ha-noi/pho-chan-ga-nuong-ly-van-phuc-ha-noi
ha-noi,Phố cổ Hà Nội,https://gody.vn/chau-a/viet-nam/ha-noi/pho-co-ha-noi
ha-noi,Phố đường tàu Phùng Hưng,https://gody.vn/chau-a/viet-nam/ha-noi/pho-duong-tau-phung-hung
ha-noi,Phố Gầm Cầu (Hà Nội),https://gody.vn/chau-a/viet-nam/ha-noi/pho-gam-cau-ha-noi
ha-noi,Phở gia truyền Bát Đàn,https://gody.vn/chau-a/viet-nam/ha-noi/pho-gia-truyen-bat-dan
ha-noi,Phố Nộm Hồ Hoàn Kiếm,https://gody.vn/chau-a/viet-nam/ha-noi/pho-nom-ho-hoan-kiem
ha-noi,Phố Ốc Tây Hồ - Tửu Quán,https://gody.vn/chau-a/viet-nam/ha-noi/pho-oc-tay-ho-tuu-quan
ha-noi,Phố Phở Cuốn Ngũ Xã (Hà Nội),https://gody.vn/chau-a/viet-nam/ha-noi/pho-pho-cuon-ngu-xa-ha-noi
ha-noi,Phố sách Đinh Lễ,https://gody.vn/chau-a/viet-nam/ha-noi/pho-sach-dinh-le-ha-noi
ha-noi,Phố sách Hà Nội (Hanoi Book Street),https://gody.vn/chau-a/viet-nam/ha-noi/pho-sach-ha-noi-hanoi-book-street
ha-noi,Phố Tô Tịch (Hoa Qủa Dầm),https://gody.vn/chau-a/viet-nam/ha-noi/pho-to-tich-hoa-qua-dam
ha-noi,Phủ Tây Hồ,https://gody.vn/chau-a/viet-nam/ha-noi/phu-tay-ho
ha-noi,Quán café Cư Xá (Hà Nội),https://gody.vn/chau-a/viet-nam/ha-noi/quan-cafe-cu-xa-ha-noi
ha-noi,Quảng trường Đông Kinh Nghĩa Thục,https://gody.vn/chau-a/viet-nam/ha-noi/quang-truong-dong-kinh-nghia-thuc
ha-noi,Rạp chiếu phim quốc gia Hà Nội,https://gody.vn/chau-a/viet-nam/ha-noi/rap-chieu-phim-quoc-gia-ha-noi
ha-noi,Royal City,https://gody.vn/chau-a/viet-nam/ha-noi/royal-city
ha-noi,Sân vận động Mỹ Đình (Vietnam National Stadium),https://gody.vn/chau-a/viet-nam/ha-noi/san-van-dong-my-dinh-vietnam-national-stadium
ha-noi,Suối Yến - Danh thắng chùa Hương,https://gody.vn/chau-a/viet-nam/ha-noi/suoi-yen-danh-thang-chua-huong
ha-noi,Tâm hồn làng Việt (The Heritage Show),https://gody.vn/chau-a/viet-nam/ha-noi/tam-hon-lang-viet-the-heritage-show
ha-noi,Tayta Coffee,https://gody.vn/chau-a/viet-nam/ha-noi/tayta-coffee
ha-noi,Thang Long Art Gallery,https://gody.vn/chau-a/viet-nam/ha-noi/thang-long-art-gallery
ha-noi,Thành Cổ Loa (Hà Nội),https://gody.vn/chau-a/viet-nam/ha-noi/thanh-co-loa-ha-noi
ha-noi,Thành Cổ Sơn Tây,https://gody.vn/chau-a/viet-nam/ha-noi/thanh-co-son-tay
ha-noi,Thảo Nguyên Hoa Long Biên (Hà Nội),https://gody.vn/chau-a/viet-nam/ha-noi/thao-nguyen-hoa-long-bien-ha-noi
ha-noi,Tháp Rùa (Thap Rua Tower),https://gody.vn/chau-a/viet-nam/ha-noi/thap-rua-thap-rua-tower
ha-noi,Thung lũng hoa Hồ Tây,https://gody.vn/chau-a/viet-nam/ha-noi/thung-lung-hoa-ho-tay
ha-noi,Thung lũng xanh - hồ Kẻo Cà,https://gody.vn/chau-a/viet-nam/ha-noi/thung-lung-xanh-ho-keo-ca
ha-noi,Thủy Cung Times City,https://gody.vn/chau-a/viet-nam/ha-noi/thuy-cung-times-city
ha-noi,Tim Ho Wan (Hà Nội),https://gody.vn/chau-a/viet-nam/ha-noi/tim-ho-wan-ha-noi
ha-noi,Tinh Hoa Bắc Bộ (The Quintessence of Tonkin),https://gody.vn/chau-a/viet-nam/ha-noi/tinh-hoa-bac-bo-the-quintessence-of-tonkin
ha-noi,Tranquil Books & Coffee,https://gody.vn/chau-a/viet-nam/ha-noi/tranquil-books-coffee
ha-noi,Trill Rooftop Cafe,https://gody.vn/chau-a/viet-nam/ha-noi/trill-rooftop-cafe
ha-noi,Trung tâm ẩm thực & hội nghị Almaz,https://gody.vn/chau-a/viet-nam/ha-noi/trung-tam-am-thuc-hoi-nghi-almaz
ha-noi,Tượng đài vua Lê Thái Tổ,https://gody.vn/chau-a/viet-nam/ha-noi/tuong-dai-vua-le-thai-to
ha-noi,Văn Miếu Quốc Tử Giám,https://gody.vn/chau-a/viet-nam/ha-noi/van-mieu-quoc-tu-giam
ha-noi,Việt Phủ Thành Chương,https://gody.vn/chau-a/viet-nam/ha-noi/viet-phu-thanh-chuong
ha-noi,Vườn hoa bãi đá sông Hồng,https://gody.vn/chau-a/viet-nam/ha-noi/vuon-hoa-bai-da-song-hong
ha-noi,Công Viên Lênin,https://gody.vn/chau-a/viet-nam/ha-noi/vuon-hoa-chi-lang-cong-vien-le-nin
ha-noi,Vườn hoa Nhật Tân,https://gody.vn/chau-a/viet-nam/ha-noi/vuon-hoa-nhat-tan
ha-noi,Vườn hoa quốc tử giám (Hà Nội),https://gody.vn/chau-a/viet-nam/ha-noi/vuon-hoa-quoc-tu-giam-ha-noi
ha-noi,Vườn quất Tứ Liên,https://gody.vn/chau-a/viet-nam/ha-noi/vuon-quat-tu-lien
ha-noi,Vườn quốc gia Ba Vì (Ba Vi National Park),https://gody.vn/chau-a/viet-nam/ha-noi/vuon-quoc-gia-ba-vi-ba-vi-national-park
ha-noi,Xofa Café & Bistro,https://gody.vn/chau-a/viet-nam/ha-noi/xofa-cafe-bistro
ha-noi,Đi đến,https://gody.vn/chau-a/viet-nam/ha-noi/di-den
ha-noi,Ăn uống,https://gody.vn/chau-a/viet-nam/ha-noi/an-uong
ha-noi,Mua sắm,https://gody.vn/chau-a/viet-nam/ha-noi/mua-sam
ha-noi,Đi khi nào,https://gody.vn/chau-a/viet-nam/ha-noi/di-khi-nao
son-la,Bản Hua Tạt - Mộc Châu,https://gody.vn/chau-a/viet-nam/son-la/ban-hua-tat
son-la,Bản Mòng - Sơn La,https://gody.vn/chau-a/viet-nam/son-la/ban-mong-son-la
son-la,Bản Pa Phách - Mộc Châu,https://gody.vn/chau-a/viet-nam/son-la/ban-pa-phach
son-la,Bản Thung Cuông (Thông Cuông) - Mộc Châu,https://gody.vn/chau-a/viet-nam/son-la/ban-thung-cuong-thong-cuong
son-la,Cao nguyên Mộc Châu,https://gody.vn/chau-a/viet-nam/son-la/cao-nguyen-moc-chau
son-la,Cầu Pá Uôn,https://gody.vn/chau-a/viet-nam/son-la/cau-pa-uon
son-la,Cửa khẩu Lóng Sập - Mộc Châu,https://gody.vn/chau-a/viet-nam/son-la/cua-khau-long-sap
son-la,Cụm di tích cao nguyên Mộc Châu,https://gody.vn/chau-a/viet-nam/son-la/cum-di-tich-cao-nguyen-moc-chau
son-la,Cụm du lịch Sông Đà,https://gody.vn/chau-a/viet-nam/son-la/cum-du-lich-song-da
son-la,Di tích Văn bia Quế Lâm ngự chế,https://gody.vn/chau-a/viet-nam/son-la/di-tich-van-bia-que-lam-ngu-che
son-la,Địa điểm Chiềng Cọ,https://gody.vn/chau-a/viet-nam/son-la/dia-diem-chieng-co
son-la,Địa điểm Hồng Ngài,https://gody.vn/chau-a/viet-nam/son-la/dia-diem-hong-ngai
son-la,Địa điểm Ngọc Chiến,https://gody.vn/chau-a/viet-nam/son-la/dia-diem-ngoc-chien
son-la,Địa điểm Xím Vàng,https://gody.vn/chau-a/viet-nam/son-la/dia-diem-xim-vang
son-la,Đồi Chè Mộc Sương - Mộc Châu,https://gody.vn/chau-a/viet-nam/son-la/doi-che-moc-suong
son-la,Đồi chè trái tim - Mộc Châu,https://gody.vn/chau-a/viet-nam/son-la/doi-che-trai-tim
son-la,Động Sơn Mộc Hương - Mộc Châu,https://gody.vn/chau-a/viet-nam/son-la/dong-son-moc-huong
son-la,Hang Chi Đẩy,https://gody.vn/chau-a/viet-nam/son-la/hang-chi-day
son-la,Hang Co Noong,https://gody.vn/chau-a/viet-nam/son-la/hang-co-noong
son-la,Hang Nhả Nhung,https://gody.vn/chau-a/viet-nam/son-la/hang-nha-nhung
son-la,Hang Thẩm Tét Toòng,https://gody.vn/chau-a/viet-nam/son-la/hang-tham-tet-toong
son-la,Hồ Chiềng Khoi,https://gody.vn/chau-a/viet-nam/son-la/ho-chieng-khoi
son-la,Hồ Tiền Phong,https://gody.vn/chau-a/viet-nam/son-la/ho-tien-phong
son-la,Khu bảo tồn thiên nhiên Tà Xùa - Mõm Tà Xùa,https://gody.vn/chau-a/viet-nam/son-la/khu-bao-ton-thien-nhien-ta-xua-mom-ta-xua
son-la,Khu di tích Nhà tù và Bảo tàng Sơn La,https://gody.vn/chau-a/viet-nam/son-la/khu-di-tich-nha-tu-va-bao-tang-son-la
son-la,Mộc Châu Happy land,https://gody.vn/chau-a/viet-nam/son-la/moc-chau-happy-land
son-la,Ngũ động bản Ôn - Mộc Châu,https://gody.vn/chau-a/viet-nam/son-la/ngu-dong-ban-on
son-la,Nhà máy thủy điện Sơn La,https://gody.vn/chau-a/viet-nam/son-la/nha-may-thuy-dien-son-la
son-la,Núi Pha Luông - Mộc Châu,https://gody.vn/chau-a/viet-nam/son-la/nui-pha-luong
son-la,Rừng Đại tướng Võ Nguyên Giáp,https://gody.vn/chau-a/viet-nam/son-la/rung-dai-tuong-vo-nguyen-giap
son-la,Rừng thông Bản Áng - Mộc Châu,https://gody.vn/chau-a/viet-nam/son-la/rung-thong-ban-ang
son-la,Rừng thông Noong Cốp,https://gody.vn/chau-a/viet-nam/son-la/rung-thong-noong-cop
son-la,Sân bay Nà Sản,https://gody.vn/chau-a/viet-nam/son-la/san-bay-na-san
son-la,Suối nước nóng bản Moòng,https://gody.vn/chau-a/viet-nam/son-la/suoi-nuoc-nong-ban-moong
son-la,Suối nước nóng Mường Lèo,https://gody.vn/chau-a/viet-nam/son-la/suoi-nuoc-nong-muong-leo
son-la,Thác Chiềng Khoa,https://gody.vn/chau-a/viet-nam/son-la/thac-chieng-khoa
son-la,Thác Dải Yếm - Mộc Châu,https://gody.vn/chau-a/viet-nam/son-la/thac-dai-yem
son-la,Thác Tạt Nàng,https://gody.vn/chau-a/viet-nam/son-la/thac-tat-nang
son-la,Tháp Mường Bám,https://gody.vn/chau-a/viet-nam/son-la/thap-muong-bam
son-la,Thung lũng hoa Núi Đá Trắng - Mộc Châu,https://gody.vn/chau-a/viet-nam/son-la/thung-lung-hoa-nui-da-trang
son-la,Thung lũng mận Nà Ka - Mộc Châu,https://gody.vn/chau-a/viet-nam/son-la/thung-lung-man-na-ka
son-la,"Vườn hoa mận, cải vàng, cải trắng - Mộc Châu",https://gody.vn/chau-a/viet-nam/son-la/vuon-hoa-man-cai-vang-cai-trang
lang-son,Ải Chi Lăng,https://gody.vn/chau-a/viet-nam/lang-son/ai-chi-lang
lang-son,Bánh áp chao Xuân Sửu,https://gody.vn/chau-a/viet-nam/lang-son/banh-ap-chao-xuan-suu
lang-son,Bánh cuốn trứng bà Thắm,https://gody.vn/chau-a/viet-nam/lang-son/banh-cuon-trung-ba-tham
lang-son,Chợ Đông Kinh,https://gody.vn/chau-a/viet-nam/lang-son/cho-dong-kinh
lang-son,Chùa Giếng Tiên,https://gody.vn/chau-a/viet-nam/lang-son/chua-gieng-tien
lang-son,Chùa Tam Giáo,https://gody.vn/chau-a/viet-nam/lang-son/chua-tam-giao
lang-son,Chùa Tam Thanh,https://gody.vn/chau-a/viet-nam/lang-son/chua-tam-thanh
lang-son,Cột Cờ Phai Vệ,https://gody.vn/chau-a/viet-nam/lang-son/cot-co-phai-ve
lang-son,Cửa Khẩu Quốc Tế Hữu Nghị,https://gody.vn/chau-a/viet-nam/lang-son/cua-khau-quoc-te-huu-nghi
lang-son,Đền Bắc Lệ,https://gody.vn/chau-a/viet-nam/lang-son/den-bac-le
lang-son,Đền Kỳ Cùng,https://gody.vn/chau-a/viet-nam/lang-son/den-ky-cung
lang-son,Đền Mẫu Đồng Đăng,https://gody.vn/chau-a/viet-nam/lang-son/den-mau-dong-dang
lang-son,Địa điểm Bắc Xa,https://gody.vn/chau-a/viet-nam/lang-son/dia-diem-bac-xa
lang-son,Động Nhị Thanh,https://gody.vn/chau-a/viet-nam/lang-son/dong-nhi-thanh
lang-son,Hồ nước Pắc Mỏ,https://gody.vn/chau-a/viet-nam/lang-son/ho-nuoc-pac-mo
lang-son,Hòn Vọng Phu,https://gody.vn/chau-a/viet-nam/lang-son/hon-vong-phu
lang-son,Nàng Tô Thị,https://gody.vn/chau-a/viet-nam/lang-son/nang-to-thi
lang-son,Nhà hàng Hải Xồm,https://gody.vn/chau-a/viet-nam/lang-son/nha-hang-hai-xom
lang-son,Núi Mẫu Sơn,https://gody.vn/chau-a/viet-nam/lang-son/nui-mau-son
lang-son,Núi Nà Lay,https://gody.vn/chau-a/viet-nam/lang-son/nui-na-lay
lang-son,Núi Phai Vệ,https://gody.vn/chau-a/viet-nam/lang-son/nui-phai-ve
lang-son,Phố Kỳ Lừa,https://gody.vn/chau-a/viet-nam/lang-son/pho-ky-lua
lang-son,Suối Long Đầu,https://gody.vn/chau-a/viet-nam/lang-son/suoi-long-dau
lang-son,Thác Đăng Mò,https://gody.vn/chau-a/viet-nam/lang-son/thac-dang-mo
lang-son,Thành Cổ Lạng Sơn,https://gody.vn/chau-a/viet-nam/lang-son/thanh-co-lang-son
lang-son,Thành nhà Mạc,https://gody.vn/chau-a/viet-nam/lang-son/thanh-nha-mac
lang-son,Thung lũng hoa Bắc Sơn,https://gody.vn/chau-a/viet-nam/lang-son/thung-lung-hoa-bac-son
binh-phuoc,CĂN CỨ TÀ THIẾT,https://gody.vn/chau-a/viet-nam/binh-phuoc/can-cu-ta-thiet
binh-phuoc,CÁP TREO BÀ RÁ,https://gody.vn/chau-a/viet-nam/binh-phuoc/cap-treo-ba-ra
binh-phuoc,CẦU 38 BÌNH PHƯỚC,https://gody.vn/chau-a/viet-nam/binh-phuoc/cau-38-binh-phuoc
binh-phuoc,Chùa Đức Hạnh,https://gody.vn/chau-a/viet-nam/binh-phuoc/chua-duc-hanh
binh-phuoc,Chùa Linh Thông,https://gody.vn/chau-a/viet-nam/binh-phuoc/chua-linh-thong
binh-phuoc,Chùa Quang Minh,https://gody.vn/chau-a/viet-nam/binh-phuoc/chua-quang-minh
binh-phuoc,Chùa Sóc Lớn (Retchamaha Chettava NaRam),https://gody.vn/chau-a/viet-nam/binh-phuoc/chua-soc-lon-retchamaha-chettava-naram
binh-phuoc,Chùa Tam Bảo,https://gody.vn/chau-a/viet-nam/binh-phuoc/chua-tam-bao
binh-phuoc,Chùa Tứ Phương Tăng,https://gody.vn/chau-a/viet-nam/binh-phuoc/chua-tu-phuong-tang
binh-phuoc,Đài tưởng niệm phú tiềng đỏ,https://gody.vn/chau-a/viet-nam/binh-phuoc/dai-tuong-niem-phu-tieng-do
binh-phuoc,Đền thờ Đức thánh Trần,https://gody.vn/chau-a/viet-nam/binh-phuoc/den-tho-duc-thanh-tran
binh-phuoc,Đền thờ Vua Hùng,https://gody.vn/chau-a/viet-nam/binh-phuoc/den-tho-vua-hung
binh-phuoc,Di tích Bãi Tiên,https://gody.vn/chau-a/viet-nam/binh-phuoc/di-tich-bai-tien
binh-phuoc,Di tích bệnh viện Lộc Ninh- công trình kiến trúc thời Pháp,https://gody.vn/chau-a/viet-nam/binh-phuoc/di-tich-benh-vien-loc-ninh-cong-trinh-kien-truc-thoi-phap
binh-phuoc,Di tích Bồn Xăng – Kho nhiên liệu VK98,https://gody.vn/chau-a/viet-nam/binh-phuoc/di-tich-bon-xang-kho-nhien-lieu-vk98
binh-phuoc,Di tích Căn cứ Sở Nhỏ,https://gody.vn/chau-a/viet-nam/binh-phuoc/di-tich-can-cu-so-nho
binh-phuoc,Di tích Chùa Đức Bổn A Lan Nhã,https://gody.vn/chau-a/viet-nam/binh-phuoc/di-tich-chua-duc-bon-a-lan-nha
binh-phuoc,Di tích điểm cuối đường ống dẫn xăng dầu VK96,https://gody.vn/chau-a/viet-nam/binh-phuoc/di-tich-diem-cuoi-duong-ong-dan-xang-dau-vk96
binh-phuoc,Di tích lịch sử dốc 31,https://gody.vn/chau-a/viet-nam/binh-phuoc/di-tich-lich-su-doc-31
binh-phuoc,Di tích lịch sử Hồ Cầu Trắng,https://gody.vn/chau-a/viet-nam/binh-phuoc/di-tich-lich-su-ho-cau-trang
binh-phuoc,Di tích sân bay quân sự Lộc Ninh,https://gody.vn/chau-a/viet-nam/binh-phuoc/di-tich-san-bay-quan-su-loc-ninh
binh-phuoc,Di tích trụ sở Chính phủ Cách mạng lâm thời Cộng hòa miền Nam Việt Nam (Nhà Giao tế- Bảo tàng tỉnh Bình Phước),https://gody.vn/chau-a/viet-nam/binh-phuoc/di-tich-tru-so-chinh-phu-cach-mang-lam-thoi-cong-hoa-mien-nam-viet-nam-nha-giao-te-bao-tang-tinh-binh-phuoc
binh-phuoc,Đình Tân Lập Phú (Bình Long),https://gody.vn/chau-a/viet-nam/binh-phuoc/dinh-tan-lap-phu-binh-long
binh-phuoc,Đình Thần Hưng Long (Chơn Thành),https://gody.vn/chau-a/viet-nam/binh-phuoc/dinh-than-hung-long-chon-thanh
binh-phuoc,Đình Thần xã Tân Khai,https://gody.vn/chau-a/viet-nam/binh-phuoc/dinh-than-xa-tan-khai
binh-phuoc,Đình Thanh An (Hớn Quản),https://gody.vn/chau-a/viet-nam/binh-phuoc/dinh-thanh-an-hon-quan
binh-phuoc,Dinh tỉnh trưởng Bình Long,https://gody.vn/chau-a/viet-nam/binh-phuoc/dinh-tinh-truong-binh-long
binh-phuoc,Hang Bà Bảy Tuyết,https://gody.vn/chau-a/viet-nam/binh-phuoc/hang-ba-bay-tuyet
binh-phuoc,Hồ suối giai,https://gody.vn/chau-a/viet-nam/binh-phuoc/ho-suoi-giai
binh-phuoc,Hồ Suối Lam,https://gody.vn/chau-a/viet-nam/binh-phuoc/ho-suoi-lam
binh-phuoc,Hồ Thác Mơ,https://gody.vn/chau-a/viet-nam/binh-phuoc/ho-thac-mo
binh-phuoc,Họa Mi Karaoke,https://gody.vn/chau-a/viet-nam/binh-phuoc/hoa-mi-karaoke
binh-phuoc,Khu bảo tồn Sóc Bom Bo,https://gody.vn/chau-a/viet-nam/binh-phuoc/khu-bao-ton-soc-bom-bo
binh-phuoc,KHU BẢO TỒN VĂN HÓA DÂN TỘC S’TIÊNG SÓC BOM BO,https://gody.vn/chau-a/viet-nam/binh-phuoc/khu-bao-ton-van-hoa-dan-toc-stieng-soc-bom-bo
binh-phuoc,Khu du lịch sinh thái Mỹ Lệ,https://gody.vn/chau-a/viet-nam/binh-phuoc/khu-du-lich-sinh-thai-my-le
binh-phuoc,KHU DU LỊCH SINH THÁI NGHỈ DƯỠNG ĐẢO YẾN SƠN HÀ,https://gody.vn/chau-a/viet-nam/binh-phuoc/khu-du-lich-sinh-thai-nghi-duong-dao-yen-son-ha
binh-phuoc,Khu du lịch Sóc Xiêm,https://gody.vn/chau-a/viet-nam/binh-phuoc/khu-du-lich-soc-xiem
binh-phuoc,Khu vui chơi giải trí Hoàng Gia,https://gody.vn/chau-a/viet-nam/binh-phuoc/khu-vui-choi-giai-tri-hoang-gia
binh-phuoc,Khu vui chơi Yoro Chơn Thành,https://gody.vn/chau-a/viet-nam/binh-phuoc/khu-vui-choi-yoro-chon-thanh
binh-phuoc,Mộ 3.000 đồng bào An Lộc,https://gody.vn/chau-a/viet-nam/binh-phuoc/mo-3000-dong-bao-an-loc
binh-phuoc,Nhà thờ Đăk Ân,https://gody.vn/chau-a/viet-nam/binh-phuoc/nha-tho-dak-an
binh-phuoc,Nhà truyền thống Phước Long,https://gody.vn/chau-a/viet-nam/binh-phuoc/nha-truyen-thong-phuoc-long
binh-phuoc,Nhà tù Bà Rá,https://gody.vn/chau-a/viet-nam/binh-phuoc/nha-tu-ba-ra
binh-phuoc,Núi Bà Rá - Hồ Thác Mơ,https://gody.vn/chau-a/viet-nam/binh-phuoc/nui-ba-ra-ho-thac-mo
binh-phuoc,Quần thể Thác số 4,https://gody.vn/chau-a/viet-nam/binh-phuoc/quan-the-thac-so-4
binh-phuoc,Rừng cao su Bù Đăng,https://gody.vn/chau-a/viet-nam/binh-phuoc/rung-cao-su-bu-dang
binh-phuoc,Thác 34 (Thác Pan Toong),https://gody.vn/chau-a/viet-nam/binh-phuoc/thac-34-thac-pan-toong
binh-phuoc,THÁC BÙ XA (ĐẮK TI),https://gody.vn/chau-a/viet-nam/binh-phuoc/thac-bu-xa-dak-ti
binh-phuoc,Thác Đắk Mai (THÁC DAKMOK),https://gody.vn/chau-a/viet-nam/binh-phuoc/thac-dak-mai-thac-dakmok
binh-phuoc,Thác Đứng (Bù Đăng),https://gody.vn/chau-a/viet-nam/binh-phuoc/thac-dung-bu-dang
binh-phuoc,Thác Voi (thác Nokrop),https://gody.vn/chau-a/viet-nam/binh-phuoc/thac-voi-thac-nokrop
binh-phuoc,Thiền viện trúc lâm,https://gody.vn/chau-a/viet-nam/binh-phuoc/thien-vien-truc-lam
binh-phuoc,Tổ hợp giải trí 93 City,https://gody.vn/chau-a/viet-nam/binh-phuoc/to-hop-giai-tri-93-city
binh-phuoc,Trảng Cỏ Bù Lạch,https://gody.vn/chau-a/viet-nam/binh-phuoc/trang-co-bu-lach
binh-phuoc,Tượng đài chiến thắng Đồng Xoài,https://gody.vn/chau-a/viet-nam/binh-phuoc/tuong-dai-chien-thang-dong-xoai
binh-phuoc,Tượng Đài Thuận Phú,https://gody.vn/chau-a/viet-nam/binh-phuoc/tuong-dai-thuan-phu
binh-phuoc,Vườn Quốc Gia Bù Gia Mập,https://gody.vn/chau-a/viet-nam/binh-phuoc/vuon-quoc-gia-bu-gia-map
binh-phuoc,Vườn quốc gia Cát Tiên,https://gody.vn/chau-a/viet-nam/binh-phuoc/vuon-quoc-gia-cat-tien
hai-phong,Bãi biển Đồ Sơn (Do Son Beach),https://gody.vn/chau-a/viet-nam/hai-phong/bai-bien-do-son-do-son-beach
hai-phong,Bánh bèo Hải Phòng (Speciality: Bánh bèo Hải Phòng),https://gody.vn/chau-a/viet-nam/hai-phong/banh-beo-hai-phong-speciality-banh-beo-hai-phong
hai-phong,Bánh đa cua Hải Phòng (Speciality: Bánh đa cua),https://gody.vn/chau-a/viet-nam/hai-phong/banh-da-cua-hai-phong-speciality-banh-da-cua
hai-phong,Bánh đúc tàu Hải Phòng (Speciality: Bánh đúc tàu),https://gody.vn/chau-a/viet-nam/hai-phong/banh-duc-tau-hai-phong-speciality-banh-duc-tau
hai-phong,Bánh mì que cay Hải Phòng (Speciality: Spicy Bread),https://gody.vn/chau-a/viet-nam/hai-phong/banh-mi-que-cay-hai-phong-speciality-spicy-bread
hai-phong,Bảo tàng Hải Phòng (Hai Phong Museum),https://gody.vn/chau-a/viet-nam/hai-phong/bao-tang-hai-phong-hai-phong-museum
hai-phong,Bảo tàng Hải Quân (Navy Museum),https://gody.vn/chau-a/viet-nam/hai-phong/bao-tang-hai-quan-navy-museum
hai-phong,Bến Nghiêng (Nghieng Port),https://gody.vn/chau-a/viet-nam/hai-phong/ben-nghieng-nghieng-port
hai-phong,Biệt thự Bảo Đại (Bao Dai Villa),https://gody.vn/chau-a/viet-nam/hai-phong/biet-thu-bao-dai-bao-dai-villa
hai-phong,Bún cá cay (Speciality: Spicy fish noodle),https://gody.vn/chau-a/viet-nam/hai-phong/bun-ca-cay-speciality-spicy-fish-noodle
hai-phong,Cầu Bính (Binh Bridge),https://gody.vn/chau-a/viet-nam/hai-phong/cau-binh-binh-bridge
hai-phong,Cầu Đình Vũ (Tân Vũ),https://gody.vn/chau-a/viet-nam/hai-phong/cau-dinh-vu-cat-hai-dinh-vu-cat-hai-bridge
hai-phong,Cây đa 13 gốc,https://gody.vn/chau-a/viet-nam/hai-phong/cay-da-13-goc
hai-phong,Chợ Sắt,https://gody.vn/chau-a/viet-nam/hai-phong/cho-sat
hai-phong,Chùa Cao Linh (Cao Linh Pagoda),https://gody.vn/chau-a/viet-nam/hai-phong/chua-cao-linh-cao-linh-pagoda
hai-phong,Chùa Đỏ (Red Pagoda),https://gody.vn/chau-a/viet-nam/hai-phong/chua-do-red-pagoda
hai-phong,Chùa Dư Hàng (Du Hang Pagoda),https://gody.vn/chau-a/viet-nam/hai-phong/chua-du-hang-du-hang-pagoda
hai-phong,Chùa Phổ Chiếu (Pho Chieu Pagoda),https://gody.vn/chau-a/viet-nam/hai-phong/chua-pho-chieu-pho-chieu-pagoda
hai-phong,Chùa Vân Tra (Van Tra Pagoda),https://gody.vn/chau-a/viet-nam/hai-phong/chua-van-tra-van-tra-pagoda
hai-phong,Chùa Vẽ (Ve Pagoda),https://gody.vn/chau-a/viet-nam/hai-phong/chua-ve-ve-pagoda
hai-phong,Đảo Bạch Long Vỹ (Bach Long Vy Island),https://gody.vn/chau-a/viet-nam/hai-phong/dao-bach-long-vy-bach-long-vy-island
hai-phong,Đảo Cát Bà (Cat Ba Island),https://gody.vn/chau-a/viet-nam/hai-phong/dao-cat-ba-cat-ba-island
hai-phong,Đền Nghè (Nghe Temple),https://gody.vn/chau-a/viet-nam/hai-phong/den-nghe-nghe-temple
hai-phong,Đền Tam Kỳ (Tam Ky Temple),https://gody.vn/chau-a/viet-nam/hai-phong/den-tam-ky-tam-ky-temple
hai-phong,Đền Tiên Nga (Tien Nga Temple),https://gody.vn/chau-a/viet-nam/hai-phong/den-tien-nga-tien-nga-temple
hai-phong,Di tích Pháo đài (Cannon Fort),https://gody.vn/chau-a/viet-nam/hai-phong/di-tich-phao-dai-cannon-fort
hai-phong,Đình Ngọc Xuyên (Ngoc Xuyen Temple),https://gody.vn/chau-a/viet-nam/hai-phong/dinh-ngoc-xuyen-ngoc-xuyen-temple
hai-phong,Đồi Thiên Văn (Astronomy Hill),https://gody.vn/chau-a/viet-nam/hai-phong/doi-thien-van-astronomy-hill
hai-phong,Hải đăng Đảo Dấu (Lighthouse on Dau Island),https://gody.vn/chau-a/viet-nam/hai-phong/hai-dang-dao-dau-lighthouse-on-dau-island
hai-phong,Hang Luồn (Piercing hole),https://gody.vn/chau-a/viet-nam/hai-phong/hang-luon-piercing-hole
hai-phong,Hồ Phương Lưu (Phuong Luu Lake),https://gody.vn/chau-a/viet-nam/hai-phong/ho-phuong-luu-phuong-luu-lake
hai-phong,Hồ Tam Bạc (Tam Bac Lake),https://gody.vn/chau-a/viet-nam/hai-phong/ho-tam-bac-tam-bac-lake
hai-phong,Khu di tích Bạch Đằng - Tràng Kênh (Bach Dang - Trang Kenh Relic Site),https://gody.vn/chau-a/viet-nam/hai-phong/khu-di-tich-bach-dang-trang-kenh-bach-dang-trang-kenh-relic-site
hai-phong,Khu di tích Trạng Trình Nguyễn Bỉnh Khiêm (Trang Trinh Nguyen Binh Khiem Relic Site),https://gody.vn/chau-a/viet-nam/hai-phong/khu-di-tich-trang-trinh-nguyen-binh-khiem-trang-trinh-nguyen-binh-khiem-relic-site
hai-phong,Khu trải nghiệm Big Sun - Hải phòng,https://gody.vn/chau-a/viet-nam/hai-phong/khu-trai-nghiem-big-sun
hai-phong,Làng nghề tạc tượng Bảo Hà (Bao Ha Sculpture Village),https://gody.vn/chau-a/viet-nam/hai-phong/lang-nghe-tac-tuong-bao-ha-bao-ha-sculpture-village
hai-phong,Lẩu cua đồng (Speciality: Crab Hotpot),https://gody.vn/chau-a/viet-nam/hai-phong/lau-cua-dong-speciality-crab-hotpot
hai-phong,Miếu Bảo Hà (Bao Ha Temple),https://gody.vn/chau-a/viet-nam/hai-phong/mieu-bao-ha-bao-ha-temple
hai-phong,Nhà hát Thành phố Hải Phòng,https://gody.vn/chau-a/viet-nam/hai-phong/nha-hat-thanh-pho-hai-phong
hai-phong,Nhà Thờ Chính Toà Giáo Phận Hải Phòng (Cathedral of the Diocese of Hai Phong),https://gody.vn/chau-a/viet-nam/hai-phong/nha-tho-chinh-toa-giao-phan-hai-phong-cathedral-of-the-diocese-of-hai-phong
hai-phong,"Núi Voi, An Lão",https://gody.vn/chau-a/viet-nam/hai-phong/nui-voi
hai-phong,Pháo đài Thần Công Cát Bà,https://gody.vn/chau-a/viet-nam/hai-phong/phao-dai-than-cong
hai-phong,Phủ Thượng Đoạn (Phu Thuong Doan Temple),https://gody.vn/chau-a/viet-nam/hai-phong/phu-thuong-doan-phu-thuong-doan-temple
hai-phong,Rừng Bằng Tạ (Ba vì),https://gody.vn/chau-a/viet-nam/hai-phong/rung-bang-ta-ba-vi
hai-phong,Sủi dìn (Speciality: Sủi dìn),https://gody.vn/chau-a/viet-nam/hai-phong/sui-din-speciality-sui-din
hai-phong,Suối khoáng nóng Tiên Lãng (Tien Lang Hot Spring Area),https://gody.vn/chau-a/viet-nam/hai-phong/suoi-khoang-nong-tien-lang-tien-lang-hot-spring-area
hai-phong,Tháp Tường Long (Tuong Long Temple),https://gody.vn/chau-a/viet-nam/hai-phong/thap-tuong-long-tuong-long-temple
hai-phong,Từ Lương Xâm (Tu Luong Xam Temple),https://gody.vn/chau-a/viet-nam/hai-phong/tu-luong-xam-tu-luong-xam-temple
hai-phong,Vịnh Lan Hạ (Lan Ha Bay),https://gody.vn/chau-a/viet-nam/hai-phong/vinh-lan-ha-lan-ha-bay
hai-phong,Vườn quốc gia Cát Bà (Cat Ba National Park),https://gody.vn/chau-a/viet-nam/hai-phong/vuon-quoc-gia-cat-ba-cat-ba-national-park
tien-giang,Bảo tàng Tiền Giang,https://gody.vn/chau-a/viet-nam/tien-giang/bao-tang-tien-giang
tien-giang,Biển Tân Thành,https://gody.vn/chau-a/viet-nam/tien-giang/bien-tan-thanh
tien-giang,Cầu Mỹ Thuận,https://gody.vn/chau-a/viet-nam/tien-giang/cau-my-thuan
tien-giang,Chiến lũy pháo đài của Trương Định,https://gody.vn/chau-a/viet-nam/tien-giang/chien-luy-phao-dai-cua-truong-dinh
tien-giang,Chợ nổi Cái Bè,https://gody.vn/chau-a/viet-nam/tien-giang/cho-noi-cai-be
tien-giang,Chùa Bửu Lâm Tiền Giang,https://gody.vn/chau-a/viet-nam/tien-giang/chua-buu-lam-tien-giang
tien-giang,Chùa Linh Phong,https://gody.vn/chau-a/viet-nam/tien-giang/chua-linh-phong
tien-giang,Chùa Linh Thứu,https://gody.vn/chau-a/viet-nam/tien-giang/chua-linh-thuu
tien-giang,Chùa Thanh Trước,https://gody.vn/chau-a/viet-nam/tien-giang/chua-thanh-truoc
tien-giang,Chùa Vĩnh Tràng,https://gody.vn/chau-a/viet-nam/tien-giang/chua-vinh-trang
tien-giang,Cù Lao Thới Sơn,https://gody.vn/chau-a/viet-nam/tien-giang/cu-lao-thoi-son
tien-giang,Khu di tích Ấp Bắc,https://gody.vn/chau-a/viet-nam/tien-giang/khu-di-tich-ap-bac
tien-giang,Làng cổ Đông Hòa Hiệp,https://gody.vn/chau-a/viet-nam/tien-giang/lang-co-dong-hoa-hiep
tien-giang,Lăng Tứ Kiệt,https://gody.vn/chau-a/viet-nam/tien-giang/lang-tu-kiet
tien-giang,Nhà cổ Bà Đức,https://gody.vn/chau-a/viet-nam/tien-giang/nha-co-ba-duc
tien-giang,Nhà thờ Cái Bè,https://gody.vn/chau-a/viet-nam/tien-giang/nha-tho-cai-be
tien-giang,Nhà thờ chánh Toà Mỹ Tho,https://gody.vn/chau-a/viet-nam/tien-giang/nha-tho-chanh-toa-my-tho
tien-giang,Thiền viện Trúc Lâm Chánh Giác,https://gody.vn/chau-a/viet-nam/tien-giang/thien-vien-truc-lam-chanh-giac
tien-giang,Trại rắn Đồng Tâm,https://gody.vn/chau-a/viet-nam/tien-giang/trai-ran-dong-tam
tien-giang,Vĩnh Tràng,https://gody.vn/chau-a/viet-nam/tien-giang/vinh-trang
tien-giang,Vườn cây trái Vĩnh Kim,https://gody.vn/chau-a/viet-nam/tien-giang/vuon-cay-trai-vinh-kim
tien-giang,Vườn hoa Bách Nhật Hoa Viên,https://gody.vn/chau-a/viet-nam/tien-giang/vuon-hoa-bach-nhat-hoa-vien
tien-giang,Vườn hoa Mãn Đình Hồng,https://gody.vn/chau-a/viet-nam/tien-giang/vuon-hoa-man-dinh-hong
hung-yen,Chùa Hiến (Hien Pagoda),https://gody.vn/chau-a/viet-nam/hung-yen/chua-hien-hien-pagoda
hung-yen,Chùa Nôm - Linh thông Cổ tự (Nom Pagoda),https://gody.vn/chau-a/viet-nam/hung-yen/chua-nom-linh-thong-co-tu-nom-pagoda
hung-yen,Đặc sản Bún thang lươn Phố hiến Xưa,https://gody.vn/chau-a/viet-nam/hung-yen/dac-san-bun-thang-luon-pho-hien-xua
hung-yen,Đền Đa Hòa,https://gody.vn/chau-a/viet-nam/hung-yen/den-da-hoa
hung-yen,Đền Hóa Dạ Trạch,https://gody.vn/chau-a/viet-nam/hung-yen/den-hoa-da-trach
hung-yen,Đền Mẫu (Mau Temple),https://gody.vn/chau-a/viet-nam/hung-yen/den-mau-mau-temple
hung-yen,Điểm thưởng thức Đặc sản Canh cá rô đồng,https://gody.vn/chau-a/viet-nam/hung-yen/diem-thuong-thuc-dac-san-canh-ca-ro-dong
hung-yen,Hồ Bán Nguyệt (Bán Nguyệt Lake),https://gody.vn/chau-a/viet-nam/hung-yen/ho-ban-nguyet-ban-nguyet-lake
hung-yen,Làng Nôm (Nom Village),https://gody.vn/chau-a/viet-nam/hung-yen/lang-nom-nom-village
hung-yen,Quần thể di tích Phố Hiến,https://gody.vn/chau-a/viet-nam/hung-yen/quan-the-di-tich-pho-hien
hung-yen,Văn Miếu Xích Đằng (Xich Dang Confucian Temple),https://gody.vn/chau-a/viet-nam/hung-yen/van-mieu-xich-dang-xich-dang-confucian-temple
hai-duong,Bàn Cờ Tiên (Fairy Chessboard),https://gody.vn/chau-a/viet-nam/hai-duong/ban-co-tien-fairy-chessboard
hai-duong,Bảo tàng tỉnh Hải Dương (Hai Duong Provincial Museum),https://gody.vn/chau-a/viet-nam/hai-duong/bao-tang-tinh-hai-duong-hai-duong-provincial-museum
hai-duong,Câu lạc bộ golf Ngôi sao Chí Linh (Chi Linh Star Golf & Country Club Hải Dương),https://gody.vn/chau-a/viet-nam/hai-duong/cau-lac-bo-golf-ngoi-sao-chi-linh-chi-linh-star-golf-country-club-hai-duong
hai-duong,Chùa Giám (Giam Pagoda),https://gody.vn/chau-a/viet-nam/hai-duong/chua-giam-giam-pagoda
hai-duong,Chùa Nhẫm Dương (Nham Duong Pagoda),https://gody.vn/chau-a/viet-nam/hai-duong/chua-nham-duong-nham-duong-pagoda
hai-duong,Chùa Thanh Mai (Thanh Mai Pagoda),https://gody.vn/chau-a/viet-nam/hai-duong/chua-thanh-mai-thanh-mai-pagoda
hai-duong,Chùa Trông (Trong Pagoda),https://gody.vn/chau-a/viet-nam/hai-duong/chua-trong-trong-pagoda
hai-duong,Danh thắng Côn Sơn (Con Son Scenic),https://gody.vn/chau-a/viet-nam/hai-duong/danh-thang-con-son-con-son-scenic
hai-duong,Đảo Cò (Stork Island),https://gody.vn/chau-a/viet-nam/hai-duong/dao-co-stork-island
hai-duong,Đền Cao An Phụ (Cao An Phu Temple),https://gody.vn/chau-a/viet-nam/hai-duong/den-cao-an-phu-cao-an-phu-temple
hai-duong,Đền Kiếp Bạc (Kiep Bac Temple),https://gody.vn/chau-a/viet-nam/hai-duong/den-kiep-bac-kiep-bac-temple
hai-duong,Đền thờ Chu Văn An (Chu Van An Temple),https://gody.vn/chau-a/viet-nam/hai-duong/den-tho-chu-van-an-chu-van-an-temple
hai-duong,Đền Tranh (Tranh Temple),https://gody.vn/chau-a/viet-nam/hai-duong/den-tranh-tranh-temple
hai-duong,Địa điểm chụp hình: Cánh đồng cà rốt (Carrot Farm),https://gody.vn/chau-a/viet-nam/hai-duong/dia-diem-chup-hinh-canh-dong-ca-rot-carrot-farm
hai-duong,Động Kính Chủ (Kinh Chu cave),https://gody.vn/chau-a/viet-nam/hai-duong/dong-kinh-chu-kinh-chu-cave
hai-duong,Giếng Ngọc (Pearl Well),https://gody.vn/chau-a/viet-nam/hai-duong/gieng-ngoc-pearl-well
hai-duong,Hồ Bạch Đằng (Bach Dang Lake),https://gody.vn/chau-a/viet-nam/hai-duong/ho-bach-dang-bach-dang-lake
hai-duong,Hồ Côn Sơn (Con Son Lake),https://gody.vn/chau-a/viet-nam/hai-duong/ho-con-son-con-son-lake
hai-duong,Làng Đông Giao (Đong Giao village),https://gody.vn/chau-a/viet-nam/hai-duong/lang-dong-giao-dong-giao-village
hai-duong,Làng gốm Chu Đậu (Chu Dau ceramic village),https://gody.vn/chau-a/viet-nam/hai-duong/lang-gom-chu-dau-chu-dau-ceramic-village
hai-duong,Làng rối nước Thanh Hải (Thanh Hai waterpuppet village),https://gody.vn/chau-a/viet-nam/hai-duong/lang-roi-nuoc-thanh-hai-thanh-hai-waterpuppet-village
hai-duong,Rừng phong Chí Linh (Chi Linh  Maple Forest),https://gody.vn/chau-a/viet-nam/hai-duong/rung-phong-chi-linh-chi-linh-maple-forest
hai-duong,Rừng Rễ (Re Forest),https://gody.vn/chau-a/viet-nam/hai-duong/rung-re-re-forest
hai-duong,Văn miếu Mao Điền (The Memorial of Literature Mao Dien),https://gody.vn/chau-a/viet-nam/hai-duong/van-mieu-mao-dien-the-memorial-of-literature-mao-dien
nam-dinh,Bãi Biển Quất Lâm,https://gody.vn/chau-a/viet-nam/nam-dinh/bai-bien-quat-lam
nam-dinh,Bãi biển Thịnh Long,https://gody.vn/chau-a/viet-nam/nam-dinh/bai-bien-thinh-long
nam-dinh,Bãi tắm Đông Hà,https://gody.vn/chau-a/viet-nam/nam-dinh/bai-tam-dong-ha
nam-dinh,Bãi tắm Thịnh Long,https://gody.vn/chau-a/viet-nam/nam-dinh/bai-tam-thinh-long
nam-dinh,Bảo tàng dệt may Việt Nam ở Nam Định,https://gody.vn/chau-a/viet-nam/nam-dinh/bao-tang-det-may-viet-nam-o-nam-dinh
nam-dinh,Bảo Tàng Dệt Nam Định,https://gody.vn/chau-a/viet-nam/nam-dinh/bao-tang-det-nam-dinh
nam-dinh,Bảo tàng đồng quê Nam Định,https://gody.vn/chau-a/viet-nam/nam-dinh/bao-tang-dong-que-nam-dinh
nam-dinh,Bảo tàng Nam Định,https://gody.vn/chau-a/viet-nam/nam-dinh/bao-tang-nam-dinh
nam-dinh,Cánh Đồng Muối Bạch Long,https://gody.vn/chau-a/viet-nam/nam-dinh/canh-dong-muoi-bach-long
nam-dinh,Cánh đồng muối Hải Hòa,https://gody.vn/chau-a/viet-nam/nam-dinh/canh-dong-muoi-hai-hoa
nam-dinh,Cầu Ngói Chợ Lương,https://gody.vn/chau-a/viet-nam/nam-dinh/cau-ngoi-cho-luong
nam-dinh,Chùa Cổ Lễ,https://gody.vn/chau-a/viet-nam/nam-dinh/chua-co-le
nam-dinh,Chùa Keo Hành Thiện,https://gody.vn/chau-a/viet-nam/nam-dinh/chua-keo-hanh-thien
nam-dinh,Chùa Phổ Minh,https://gody.vn/chau-a/viet-nam/nam-dinh/chua-pho-minh
nam-dinh,Cồn Lu,https://gody.vn/chau-a/viet-nam/nam-dinh/con-lu
nam-dinh,Cột cờ Nam Định,https://gody.vn/chau-a/viet-nam/nam-dinh/cot-co-nam-dinh
nam-dinh,Cửa Ba Lạt,https://gody.vn/chau-a/viet-nam/nam-dinh/cua-ba-lat
nam-dinh,Đền Trần Nam Định,https://gody.vn/chau-a/viet-nam/nam-dinh/den-tran-nam-dinh
nam-dinh,Di tích Phủ Giầy,https://gody.vn/chau-a/viet-nam/nam-dinh/di-tich-phu-giay
nam-dinh,Hồ Vị Xuyên,https://gody.vn/chau-a/viet-nam/nam-dinh/ho-vi-xuyen
nam-dinh,Khu chợ Viềng,https://gody.vn/chau-a/viet-nam/nam-dinh/khu-cho-vieng
nam-dinh,Nhà Thờ Chính Tòa Giáo Phận Bùi Chu,https://gody.vn/chau-a/viet-nam/nam-dinh/nha-tho-chinh-toa-giao-phan-bui-chu
nam-dinh,Nhà thờ đổ Hải Lý,https://gody.vn/chau-a/viet-nam/nam-dinh/nha-tho-do-hai-ly
nam-dinh,Nhà thờ Đông Cường,https://gody.vn/chau-a/viet-nam/nam-dinh/nha-tho-dong-cuong
nam-dinh,Nhà thờ Trung Linh,https://gody.vn/chau-a/viet-nam/nam-dinh/nha-tho-trung-linh
nam-dinh,Nhà thờ Xương Điền,https://gody.vn/chau-a/viet-nam/nam-dinh/nha-tho-xuong-dien
nam-dinh,Nhà thờ Xương Điền – Nam Định,https://gody.vn/chau-a/viet-nam/nam-dinh/nha-tho-xuong-dien-nam-dinh
nam-dinh,"Núi Ngăm, Vụ Bản – Nam Định",https://gody.vn/chau-a/viet-nam/nam-dinh/nui-ngam-vu-ban-nam-dinh
nam-dinh,Phố Cổ Thành Nam,https://gody.vn/chau-a/viet-nam/nam-dinh/pho-co-thanh-nam
nam-dinh,Phủ Thiên Trường- Đền Trần,https://gody.vn/chau-a/viet-nam/nam-dinh/phu-thien-truong-den-tran
nam-dinh,Tháp Phổ Minh,https://gody.vn/chau-a/viet-nam/nam-dinh/thap-pho-minh
nam-dinh,Tòa giám mục Bùi Chu,https://gody.vn/chau-a/viet-nam/nam-dinh/toa-giam-muc-bui-chu
nam-dinh,Tượng đài Trần Hưng Đạo,https://gody.vn/chau-a/viet-nam/nam-dinh/tuong-dai-tran-hung-dao
nam-dinh,Tượng đài Trần Hưng Đạo – Nam Định,https://gody.vn/chau-a/viet-nam/nam-dinh/tuong-dai-tran-hung-dao-nam-dinh
nam-dinh,Vườn kinh Ave Maria,https://gody.vn/chau-a/viet-nam/nam-dinh/vuon-kinh-ave-maria
nam-dinh,Vườn quốc gia Xuân Thủy,https://gody.vn/chau-a/viet-nam/nam-dinh/vuon-quoc-gia-xuan-thuy
nam-dinh,Vương Cung Thánh Đường Phú Nhai,https://gody.vn/chau-a/viet-nam/nam-dinh/vuong-cung-thanh-duong-phu-nhai
tra-vinh,Bãi biển Ba Động (Ba Dong Beach),https://gody.vn/chau-a/viet-nam/tra-vinh/bai-bien-ba-dong-ba-dong-beach
tra-vinh,Bảo tàng Khmer (Khmer Museum),https://gody.vn/chau-a/viet-nam/tra-vinh/bao-tang-khmer-khmer-museum
tra-vinh,Chợ Lớn Trà Vinh,https://gody.vn/chau-a/viet-nam/tra-vinh/cho-lon-tra-vinh
tra-vinh,Chùa Âng (Angkorajaborey),https://gody.vn/chau-a/viet-nam/tra-vinh/chua-ang-angkorajaborey
tra-vinh,Chùa Cò - Chùa Nodol (Crane Pagoda),https://gody.vn/chau-a/viet-nam/tra-vinh/chua-co-chua-nodol-crane-pagoda
tra-vinh,Chùa Giác Linh ở Trà Vinh,https://gody.vn/chau-a/viet-nam/tra-vinh/chua-giac-linh-o-tra-vinh
tra-vinh,Chùa Hang (Chùa Kamponnigrodha),https://gody.vn/chau-a/viet-nam/tra-vinh/chua-hang-chua-kamponnigrodha
tra-vinh,Chùa Vàm Rây (Vam Ray Pagoda),https://gody.vn/chau-a/viet-nam/tra-vinh/chua-vam-ray-vam-ray-pagoda
tra-vinh,Classique Farm,https://gody.vn/chau-a/viet-nam/tra-vinh/classique-farm
tra-vinh,Cù lao Long Trị,https://gody.vn/chau-a/viet-nam/tra-vinh/cu-lao-long-tri
tra-vinh,Cù lao Tân Quy,https://gody.vn/chau-a/viet-nam/tra-vinh/cu-lao-tan-quy
tra-vinh,Khu Du Lịch Sinh Thái Déjà Vu Huỳnh Kha,https://gody.vn/chau-a/viet-nam/tra-vinh/khu-du-lich-sinh-thai-deja-vu-huynh-kha
tra-vinh,Khu du lịch sinh thái Huỳnh Kha,https://gody.vn/chau-a/viet-nam/tra-vinh/khu-du-lich-sinh-thai-huynh-kha
tra-vinh,Khu du lịch sinh thái Phượng Hoàng (Phuong Hoang restaurant and resort),https://gody.vn/chau-a/viet-nam/tra-vinh/khu-du-lich-sinh-thai-phuong-hoang-phuong-hoang-restaurant-and-resort
tra-vinh,Khu du lịch sinh thái Rừng Đước,https://gody.vn/chau-a/viet-nam/tra-vinh/khu-du-lich-sinh-thai-rung-duoc
tra-vinh,Nhà thờ họ đạo Mặc Bắc,https://gody.vn/chau-a/viet-nam/tra-vinh/nha-tho-ho-dao-mac-bac
tra-vinh,Thắng cảnh ao Bà Om,https://gody.vn/chau-a/viet-nam/tra-vinh/thang-canh-ao-ba-om
tuyen-quang,Bến Bình Ca,https://gody.vn/chau-a/viet-nam/tuyen-quang/ben-binh-ca
tuyen-quang,Cây đa Tân Trào,https://gody.vn/chau-a/viet-nam/tuyen-quang/cay-da-tan-trao
tuyen-quang,Chùa Phúc Lâm,https://gody.vn/chau-a/viet-nam/tuyen-quang/chua-phuc-lam
tuyen-quang,Danh Thắng Thượng Lâm,https://gody.vn/chau-a/viet-nam/tuyen-quang/danh-thang-thuong-lam
tuyen-quang,Đền Cấm Tuyên Quang,https://gody.vn/chau-a/viet-nam/tuyen-quang/den-cam-tuyen-quang
tuyen-quang,Đền Cảnh Xanh,https://gody.vn/chau-a/viet-nam/tuyen-quang/den-canh-xanh
tuyen-quang,Đền Hạ Tuyên Quang,https://gody.vn/chau-a/viet-nam/tuyen-quang/den-ha-tuyen-quang
tuyen-quang,Động Song Long,https://gody.vn/chau-a/viet-nam/tuyen-quang/dong-song-long
tuyen-quang,Động Tiên Tuyên Quang,https://gody.vn/chau-a/viet-nam/tuyen-quang/dong-tien-tuyen-quang
tuyen-quang,Hồ Khởn Tuyên Quang,https://gody.vn/chau-a/viet-nam/tuyen-quang/ho-khon-tuyen-quang
tuyen-quang,Khu Di Tích Nhà Ở Tôn Đức Thắng,https://gody.vn/chau-a/viet-nam/tuyen-quang/khu-di-tich-nha-o-ton-duc-thang
tuyen-quang,Khu Du Lịch Sinh Thái Nà Hang,https://gody.vn/chau-a/viet-nam/tuyen-quang/khu-du-lich-sinh-thai-na-hang
tuyen-quang,Khu du lịch sinh thái Thác Lăn,https://gody.vn/chau-a/viet-nam/tuyen-quang/khu-du-lich-sinh-thai-thac-lan
tuyen-quang,Làng Chài Phúc Yên,https://gody.vn/chau-a/viet-nam/tuyen-quang/lang-chai-phuc-yen
tuyen-quang,Suối khoáng Mỹ Lâm,https://gody.vn/chau-a/viet-nam/tuyen-quang/suoi-khoang-my-lam
tuyen-quang,Thác Mơ Tuyên Quang,https://gody.vn/chau-a/viet-nam/tuyen-quang/thac-mo-tuyen-quang
soc-trang,Bãi biển Mỏ Ó (Mo O beach),https://gody.vn/chau-a/viet-nam/soc-trang/bai-bien-mo-o-mo-o-beach
soc-trang,Bảo tàng Khmer,https://gody.vn/chau-a/viet-nam/soc-trang/bao-tang-khmer
soc-trang,Chợ nổi Ngã Năm,https://gody.vn/chau-a/viet-nam/soc-trang/cho-noi-nga-nam
soc-trang,Chùa Bốn Mặt (Four Face Pagoda),https://gody.vn/chau-a/viet-nam/soc-trang/chua-bon-mat-four-face-pagoda
soc-trang,Chùa Bôtum Vong Sa Som Rong (Bôtum Vong Sa Som Rong Pagoda),https://gody.vn/chau-a/viet-nam/soc-trang/chua-botum-vong-sa-som-rong-botum-vong-sa-som-rong-pagoda
soc-trang,Chùa Chén Kiểu,https://gody.vn/chau-a/viet-nam/soc-trang/chua-chen-kieu
soc-trang,Chùa Đất Sét,https://gody.vn/chau-a/viet-nam/soc-trang/chua-dat-set
soc-trang,Chùa Dơi (Temple),https://gody.vn/chau-a/viet-nam/soc-trang/chua-doi-temple
soc-trang,Chùa Kh'Leang (Kh'Leang Temple),https://gody.vn/chau-a/viet-nam/soc-trang/chua-khleang-khleang-temple
soc-trang,Chùa La Hán (La Han Pagoda),https://gody.vn/chau-a/viet-nam/soc-trang/chua-la-han-la-han-pagoda
soc-trang,Chùa Ông Bổn (Ong Bon Pagoda),https://gody.vn/chau-a/viet-nam/soc-trang/chua-ong-bon-ong-bon-pagoda
soc-trang,Chùa Phật học 2 (Buddhist Temple 2),https://gody.vn/chau-a/viet-nam/soc-trang/chua-phat-hoc-2-buddhist-temple-2
soc-trang,Chùa Sêrây Cro Săng (Sêrây Cro Săng Pagoda),https://gody.vn/chau-a/viet-nam/soc-trang/chua-seray-cro-sang-seray-cro-sang-pagoda
soc-trang,Chùa Trà Tim (Tra Tim Pagoda),https://gody.vn/chau-a/viet-nam/soc-trang/chua-tra-tim-tra-tim-pagoda
soc-trang,Chùa Vĩnh Hưng (Vinh Hung Pagoda),https://gody.vn/chau-a/viet-nam/soc-trang/chua-vinh-hung-vinh-hung-pagoda
soc-trang,Cồn Mỹ Phước (My Phuoc Island),https://gody.vn/chau-a/viet-nam/soc-trang/con-my-phuoc-my-phuoc-island
soc-trang,Đình Hòa Tú (Hoa Tu temple),https://gody.vn/chau-a/viet-nam/soc-trang/dinh-hoa-tu-hoa-tu-temple
soc-trang,Hồ Nước Ngọt (Freshwater Lake),https://gody.vn/chau-a/viet-nam/soc-trang/ho-nuoc-ngot-freshwater-lake
soc-trang,Hủ tiếu cá Sóc Trăng (Soc Trang Fish Noodle),https://gody.vn/chau-a/viet-nam/soc-trang/hu-tieu-ca-soc-trang-soc-trang-fish-noodle
soc-trang,Khu căn cứ tỉnh ủy Sóc Trăng,https://gody.vn/chau-a/viet-nam/soc-trang/khu-can-cu-tinh-uy-soc-trang
soc-trang,Lễ hội Ooc Om Boc (Ooc Om Boc Festival),https://gody.vn/chau-a/viet-nam/soc-trang/le-hoi-ooc-om-boc-ooc-om-boc-festival
soc-trang,Lễ hội Thác Côn (Thac Con festival),https://gody.vn/chau-a/viet-nam/soc-trang/le-hoi-thac-con-thac-con-festival
soc-trang,Tiệm bánh pía Tân Huê Viên,https://gody.vn/chau-a/viet-nam/soc-trang/tiem-banh-pia-tan-hue-vien
soc-trang,Trường Taberd (Taberd School),https://gody.vn/chau-a/viet-nam/soc-trang/truong-taberd-taberd-school
soc-trang,Vườn cò Tân Long,https://gody.vn/chau-a/viet-nam/soc-trang/vuon-co-tan-long
quang-binh,Bãi biển Bảo Ninh,https://gody.vn/chau-a/viet-nam/quang-binh/bai-bien-bao-ninh
quang-binh,Bãi đá nhảy,https://gody.vn/chau-a/viet-nam/quang-binh/bai-da-nhay
quang-binh,Bàu Tró - Quảng Bình,https://gody.vn/chau-a/viet-nam/quang-binh/bau-tro-quang-binh
quang-binh,Biển Nhật Lệ,https://gody.vn/chau-a/viet-nam/quang-binh/bien-nhat-le
quang-binh,Chày Lập Farmstay,https://gody.vn/chau-a/viet-nam/quang-binh/chay-lap-farmstay
quang-binh,Chùa Hoằng Phúc,https://gody.vn/chau-a/viet-nam/quang-binh/chua-hoang-phuc
quang-binh,Chùa Quan Âm Tự,https://gody.vn/chau-a/viet-nam/quang-binh/chua-quan-am-tu
quang-binh,Chùa Thanh Quang​,https://gody.vn/chau-a/viet-nam/quang-binh/chua-thanh-quang
quang-binh,Cồn cát Quang Phú,https://gody.vn/chau-a/viet-nam/quang-binh/con-cat-quang-phu
quang-binh,Đền thờ thánh mẫu Liễu Hạnh,https://gody.vn/chau-a/viet-nam/quang-binh/den-tho-thanh-mau-lieu-hanh
quang-binh,Đồi cát Quảng Bình,https://gody.vn/chau-a/viet-nam/quang-binh/doi-cat-quang-binh
quang-binh,Động Phong Nha,https://gody.vn/chau-a/viet-nam/quang-binh/dong-phong-nha
quang-binh,Động Thiên Đường,https://gody.vn/chau-a/viet-nam/quang-binh/dong-thien-duong
quang-binh,Eco Farm - Quảng Bình,https://gody.vn/chau-a/viet-nam/quang-binh/eco-farm-quang-binh
quang-binh,Hang Én,https://gody.vn/chau-a/viet-nam/quang-binh/hang-en
quang-binh,Hang Sơn Đoòng,https://gody.vn/chau-a/viet-nam/quang-binh/hang-son-doong
quang-binh,Hang Tiên,https://gody.vn/chau-a/viet-nam/quang-binh/hang-tien
quang-binh,Hệ thống hang Tú Làn,https://gody.vn/chau-a/viet-nam/quang-binh/hang-tu-lan
quang-binh,Hang Va,https://gody.vn/chau-a/viet-nam/quang-binh/hang-va
quang-binh,Khu du lịch Vũng Chùa – Đảo Yến,https://gody.vn/chau-a/viet-nam/quang-binh/khu-du-lich-vung-chua-dao-yen
quang-binh,Mũi Độc Quảng Bình,https://gody.vn/chau-a/viet-nam/quang-binh/mui-doc-quang-binh
quang-binh,Nhà thờ Tam Tòa,https://gody.vn/chau-a/viet-nam/quang-binh/nha-tho-tam-toa
quang-binh,Núi Thần Đinh,https://gody.vn/chau-a/viet-nam/quang-binh/nui-than-dinh
quang-binh,Quảng Bình Quan,https://gody.vn/chau-a/viet-nam/quang-binh/quang-binh-quan
quang-binh,Sông Chày - Hang tối,https://gody.vn/chau-a/viet-nam/quang-binh/song-chay-hang-toi
quang-binh,Sông Son (sông Tróc),https://gody.vn/chau-a/viet-nam/quang-binh/song-son-song-troc
quang-binh,Suối nước Mọoc,https://gody.vn/chau-a/viet-nam/quang-binh/suoi-nuoc-mooc
quang-binh,Thung lũng Bồng Lai,https://gody.vn/chau-a/viet-nam/quang-binh/thung-lung-bong-lai
quang-binh,Tượng đài Mẹ Suốt,https://gody.vn/chau-a/viet-nam/quang-binh/tuong-dai-me-suot
quang-binh,Vũng Chùa – Đảo Yến,https://gody.vn/chau-a/viet-nam/quang-binh/vung-chua-dao-yen
quang-binh,Vườn quốc gia Phong Nha - Kẻ Bàng (Phong Nha-Ke Bang National Park),https://gody.vn/chau-a/viet-nam/quang-binh/vuon-quoc-gia-phong-nha-ke-bang-phong-nha-ke-bang-national-park
quang-binh,Đi đến,https://gody.vn/chau-a/viet-nam/quang-binh/di-den
quang-binh,Đi lại,https://gody.vn/chau-a/viet-nam/quang-binh/di-lai
quang-binh,Ăn uống,https://gody.vn/chau-a/viet-nam/quang-binh/an-uong
quang-binh,Mua sắm,https://gody.vn/chau-a/viet-nam/quang-binh/mua-sam
quang-binh,Đi khi nào,https://gody.vn/chau-a/viet-nam/quang-binh/di-khi-nao
ho-chi-minh,Bảo tàng áo dài Việt Nam,https://gody.vn/chau-a/viet-nam/ho-chi-minh/bao-tang-ao-dai-viet-nam
ho-chi-minh,Bảo tàng Chiến dịch Hồ Chí Minh,https://gody.vn/chau-a/viet-nam/ho-chi-minh/bao-tang-chien-dich-ho-chi-minh
ho-chi-minh,Bảo tàng chứng tích chiến tranh,https://gody.vn/chau-a/viet-nam/ho-chi-minh/bao-tang-chung-tich-chien-tranh
ho-chi-minh,Bảo tàng Địa chất,https://gody.vn/chau-a/viet-nam/ho-chi-minh/bao-tang-dia-chat
ho-chi-minh,Bảo tàng Không quân Nhân dân Việt Nam (Tan Son Nhut Air Force Museum),https://gody.vn/chau-a/viet-nam/ho-chi-minh/bao-tang-khong-quan-nhan-dan-viet-nam-tan-son-nhut-air-force-museum
ho-chi-minh,Bảo tàng lịch sử Việt Nam,https://gody.vn/chau-a/viet-nam/ho-chi-minh/bao-tang-lich-su-viet-nam
ho-chi-minh,Bảo tàng Mỹ thuật Thành phố Hồ Chí Minh,https://gody.vn/chau-a/viet-nam/ho-chi-minh/bao-tang-my-thuat-thanh-pho-ho-chi-minh
ho-chi-minh,Bảo tàng Phụ nữ Nam Bộ,https://gody.vn/chau-a/viet-nam/ho-chi-minh/bao-tang-phu-nu-nam-bo
ho-chi-minh,Bảo Tàng Thành phố Hồ Chí Minh,https://gody.vn/chau-a/viet-nam/ho-chi-minh/bao-tang-thanh-pho-ho-chi-minh
ho-chi-minh,Bảo tàng Tôn Đức Thắng Sài Gòn,https://gody.vn/chau-a/viet-nam/ho-chi-minh/bao-tang-ton-duc-thang-sai-gon
ho-chi-minh,Bảo Tàng Y Học Cổ Truyền Việt Nam,https://gody.vn/chau-a/viet-nam/ho-chi-minh/bao-tang-y-hoc-co-truyen-viet-nam
ho-chi-minh,Bến Nhà Rồng,https://gody.vn/chau-a/viet-nam/ho-chi-minh/ben-nha-rong
ho-chi-minh,Bến sông Bạch Đằng,https://gody.vn/chau-a/viet-nam/ho-chi-minh/ben-song-bach-dang
ho-chi-minh,Bưu điện trung tâm Sài Gòn,https://gody.vn/chau-a/viet-nam/ho-chi-minh/buu-dien-trung-tam-thanh-pho
ho-chi-minh,Cà Phê Cô Ba,https://gody.vn/chau-a/viet-nam/ho-chi-minh/ca-phe-co-ba-dong-khoi
ho-chi-minh,Cafe bệt,https://gody.vn/chau-a/viet-nam/ho-chi-minh/cafe-bet
ho-chi-minh,Cafe Vợt 330 Phan Đình Phùng,https://gody.vn/chau-a/viet-nam/ho-chi-minh/cafe-vot-330-phan-dinh-phung
ho-chi-minh,Cầu Mống (Cầu Xanh),https://gody.vn/chau-a/viet-nam/ho-chi-minh/cau-mong-cau-xanh
ho-chi-minh,Chợ Bà Chiểu,https://gody.vn/chau-a/viet-nam/ho-chi-minh/cho-ba-chieu
ho-chi-minh,Chợ Bến Thành,https://gody.vn/chau-a/viet-nam/ho-chi-minh/cho-ben-thanh
ho-chi-minh,Chợ Hồ Thị Kỷ,https://gody.vn/chau-a/viet-nam/ho-chi-minh/cho-ho-thi-ky
ho-chi-minh,Chợ Lớn (Chợ Bình Tây),https://gody.vn/chau-a/viet-nam/ho-chi-minh/cho-lon
ho-chi-minh,Chợ Tân Định,https://gody.vn/chau-a/viet-nam/ho-chi-minh/cho-tan-dinh
ho-chi-minh,Chùa Ấn Quang,https://gody.vn/chau-a/viet-nam/ho-chi-minh/chua-an-quang
ho-chi-minh,Chùa bà Thiên Hậu,https://gody.vn/chau-a/viet-nam/ho-chi-minh/chua-ba-thien-hau
ho-chi-minh,Chùa Bửu Long (Chùa Thái Lan),https://gody.vn/chau-a/viet-nam/ho-chi-minh/chua-buu-long
ho-chi-minh,Chùa Giác Lâm (Giac Lam Pagoda),https://gody.vn/chau-a/viet-nam/ho-chi-minh/chua-giac-lam-giac-lam-pagoda
ho-chi-minh,Chùa Giác Viên,https://gody.vn/chau-a/viet-nam/ho-chi-minh/chua-giac-vien
ho-chi-minh,Chùa Hoằng Pháp,https://gody.vn/chau-a/viet-nam/ho-chi-minh/chua-hoang-phap-tphcm
ho-chi-minh,Chùa Khánh Vân,https://gody.vn/chau-a/viet-nam/ho-chi-minh/chua-khanh-van
ho-chi-minh,Chùa Kỳ Quang 2,https://gody.vn/chau-a/viet-nam/ho-chi-minh/chua-ky-quang-2
ho-chi-minh,Chùa Miếu Nổi,https://gody.vn/chau-a/viet-nam/ho-chi-minh/chua-mieu-noi
ho-chi-minh,Chùa Ngọc Hoàng (Phước Hải Tự),https://gody.vn/chau-a/viet-nam/ho-chi-minh/chua-ngoc-hoang-phuoc-hai-tu
ho-chi-minh,Chùa Quán Thế Âm - Hồ Chí Minh,https://gody.vn/chau-a/viet-nam/ho-chi-minh/chua-quan-the-am-ho-chi-minh
ho-chi-minh,Chùa Tam Sơn Hội Quan (Tam Son Hoi Quan Pagoda),https://gody.vn/chau-a/viet-nam/ho-chi-minh/chua-tam-son-hoi-quan-tam-son-hoi-quan-pagoda
ho-chi-minh,Chùa Vạn Phật,https://gody.vn/chau-a/viet-nam/ho-chi-minh/chua-van-phat
ho-chi-minh,Chùa Vĩnh Nghiêm,https://gody.vn/chau-a/viet-nam/ho-chi-minh/chua-vinh-nghiem
ho-chi-minh,Chùa Xá Lợi,https://gody.vn/chau-a/viet-nam/ho-chi-minh/chua-xa-loi
ho-chi-minh,Chung cư Cà phê Nguyễn Huệ,https://gody.vn/chau-a/viet-nam/ho-chi-minh/chung-cu-ca-phe-nguyen-hue
ho-chi-minh,Công viên 23 tháng 9,https://gody.vn/chau-a/viet-nam/ho-chi-minh/cong-vien-23-thang-9
ho-chi-minh,Công viên bến Bạch Đằng,https://gody.vn/chau-a/viet-nam/ho-chi-minh/cong-vien-ben-bach-dang
ho-chi-minh,Công viên Gia Định,https://gody.vn/chau-a/viet-nam/ho-chi-minh/cong-vien-gia-dinh
ho-chi-minh,Công viên giải trí Suối Tiên,https://gody.vn/chau-a/viet-nam/ho-chi-minh/cong-vien-giai-tri-suoi-tien
ho-chi-minh,Công viên nước đầm Sen,https://gody.vn/chau-a/viet-nam/ho-chi-minh/cong-vien-nuoc-dam-sen
ho-chi-minh,Công viên Rin Rin (Rin Rin Park),https://gody.vn/chau-a/viet-nam/ho-chi-minh/cong-vien-rin-rin-rin-rin-park
ho-chi-minh,Công viên Tào Đàn,https://gody.vn/chau-a/viet-nam/ho-chi-minh/cong-vien-tao-dan
ho-chi-minh,Công viên Thỏ Trắng,https://gody.vn/chau-a/viet-nam/ho-chi-minh/cong-vien-tho-trang
ho-chi-minh,Công viên tượng đài Bồ Tát Thích Quảng Đức,https://gody.vn/chau-a/viet-nam/ho-chi-minh/cong-vien-tuong-dai-bo-tat-thich-quang-duc
ho-chi-minh,ĐÀI QUAN SÁT LANDMARK 81 SKYVIEW,https://gody.vn/chau-a/viet-nam/ho-chi-minh/dai-quan-sat-landmark-81-skyview
ho-chi-minh,De Olla Café,https://gody.vn/chau-a/viet-nam/ho-chi-minh/de-olla-cafe
ho-chi-minh,Đền Nữ thần Mariamman (Mariamman Hindu Temple),https://gody.vn/chau-a/viet-nam/ho-chi-minh/den-nu-than-mariamman-mariamman-hindu-temple
ho-chi-minh,Đền thờ Đức Thánh Trần Hưng Đạo,https://gody.vn/chau-a/viet-nam/ho-chi-minh/den-tho-duc-thanh-tran-hung-dao
ho-chi-minh,Địa đạo Củ Chi,https://gody.vn/chau-a/viet-nam/ho-chi-minh/dia-dao-cu-chi
ho-chi-minh,Dinh Độc Lập,https://gody.vn/chau-a/viet-nam/ho-chi-minh/dinh-doc-lap
ho-chi-minh,Đường Đồng Khởi,https://gody.vn/chau-a/viet-nam/ho-chi-minh/duong-dong-khoi
ho-chi-minh,Đường sách Nguyễn Văn Bình,https://gody.vn/chau-a/viet-nam/ho-chi-minh/duong-sach-nguyen-van-binh
ho-chi-minh,Hồ Bán Nguyệt và Cầu Ánh Sao,https://gody.vn/chau-a/viet-nam/ho-chi-minh/ho-ban-nguyet-va-cau-anh-sao
ho-chi-minh,Hồ bơi Hải Quân,https://gody.vn/chau-a/viet-nam/ho-chi-minh/ho-boi-hai-quan
ho-chi-minh,Hồ bơi Lam Sơn,https://gody.vn/chau-a/viet-nam/ho-chi-minh/ho-boi-lam-son
ho-chi-minh,Hồ bơi Văn Thánh,https://gody.vn/chau-a/viet-nam/ho-chi-minh/ho-boi-van-thanh
ho-chi-minh,Chùa Quan Âm (Hội Quán Ôn Lăng),https://gody.vn/chau-a/viet-nam/ho-chi-minh/hoi-quan-on-lang
ho-chi-minh,Hội quán Phước An,https://gody.vn/chau-a/viet-nam/ho-chi-minh/hoi-quan-phuoc-an
ho-chi-minh,Kho Nhà Mình Cafeteria,https://gody.vn/chau-a/viet-nam/ho-chi-minh/kho-nha-minh-cafeteria
ho-chi-minh,Khóm Coffee & Tea,https://gody.vn/chau-a/viet-nam/ho-chi-minh/khom-coffee-tea
ho-chi-minh,Khu du lịch The BCR,https://gody.vn/chau-a/viet-nam/ho-chi-minh/khu-du-lich-the-bcr
ho-chi-minh,LÀNG DU LỊCH BÌNH QUỚI,https://gody.vn/chau-a/viet-nam/ho-chi-minh/lang-du-lich-binh-quoi
ho-chi-minh,Lăng Ông Bà Chiểu,https://gody.vn/chau-a/viet-nam/ho-chi-minh/lang-ong-ba-chieu
ho-chi-minh,Nghĩa An Hội Quán,https://gody.vn/chau-a/viet-nam/ho-chi-minh/nghia-an-hoi-quan
ho-chi-minh,Nhà hát lớn Thành phố,https://gody.vn/chau-a/viet-nam/ho-chi-minh/nha-hat-thanh-pho
ho-chi-minh,Nhà thờ Cha Tam,https://gody.vn/chau-a/viet-nam/ho-chi-minh/nha-tho-cha-tam
ho-chi-minh,Nhà thờ chính tòa Đức Bà Sài Gòn,https://gody.vn/chau-a/viet-nam/ho-chi-minh/nha-tho-chinh-toa-duc-ba-sai-gon
ho-chi-minh,Nhà thờ Công Giáo Tân Định(Pink Church),https://gody.vn/chau-a/viet-nam/ho-chi-minh/nha-tho-cong-giao-tan-dinhpink-church
ho-chi-minh,Nhà thờ Huyện Sĩ,https://gody.vn/chau-a/viet-nam/ho-chi-minh/nha-tho-huyen-si
ho-chi-minh,Oromia Coffee & Lounge,https://gody.vn/chau-a/viet-nam/ho-chi-minh/oromia-coffee-lounge
ho-chi-minh,Pháp viện Minh Đăng Quang,https://gody.vn/chau-a/viet-nam/ho-chi-minh/phap-vien-minh-dang-quang
ho-chi-minh,Phố đi bộ Nguyễn Huệ,https://gody.vn/chau-a/viet-nam/ho-chi-minh/pho-di-bo-nguyen-hue
ho-chi-minh,Phố Tây Bùi Viện,https://gody.vn/chau-a/viet-nam/ho-chi-minh/pho-tay
ho-chi-minh,Phố Trung Quốc - Chợ Lớn (Chinatown (Cholon) - District 5),https://gody.vn/chau-a/viet-nam/ho-chi-minh/pho-trung-quoc-cho-lon-chinatown-cholon-district-5
ho-chi-minh,Phòng tranh Minh Anh,https://gody.vn/chau-a/viet-nam/ho-chi-minh/phong-tranh-minh-anh
ho-chi-minh,Phòng tranh Nghệ thuật Galerie Quỳnh,https://gody.vn/chau-a/viet-nam/ho-chi-minh/phong-tranh-nghe-thuat-galerie-quynh
ho-chi-minh,Phòng trưng bày nghệ thuật Craig Thomas (Craig Thomas Gallery),https://gody.vn/chau-a/viet-nam/ho-chi-minh/phong-trung-bay-nghe-thuat-craig-thomas-craig-thomas-gallery
ho-chi-minh,Rừng ngập mặn Cần Giờ,https://gody.vn/chau-a/viet-nam/ho-chi-minh/rung-ngap-man-can-gio
ho-chi-minh,SQUARE 39,https://gody.vn/chau-a/viet-nam/ho-chi-minh/SQUARE-39
ho-chi-minh,Thánh đường trung tâm Sài Gòn (Saigon Central Mosque),https://gody.vn/chau-a/viet-nam/ho-chi-minh/thanh-duong-trung-tam-sai-gon-saigon-central-mosque
ho-chi-minh,Thảo Cầm Viên,https://gody.vn/chau-a/viet-nam/ho-chi-minh/thao-cam-vien
ho-chi-minh,Bitexco Financial Tower,https://gody.vn/chau-a/viet-nam/ho-chi-minh/toa-nha-bitexco
ho-chi-minh,TRẠM CỨU HỘ ĐỘNG VẬT HOANG DÃ CỦ CHI,https://gody.vn/chau-a/viet-nam/ho-chi-minh/tram-cuu-ho-dong-vat-hoang-da-cu-chi
ho-chi-minh,Trụ sở Ủy ban nhân dân Thành phố Hồ Chí Minh (Ho Chi Minh People's Committee Hall),https://gody.vn/chau-a/viet-nam/ho-chi-minh/tru-so-uy-ban-nhan-dan-thanh-pho-ho-chi-minh-ho-chi-minh-peoples-committee-hall
ho-chi-minh,Trung tâm Hội nghị và Triển lãm Sài Gòn (SECC),https://gody.vn/chau-a/viet-nam/ho-chi-minh/trung-tam-hoi-nghi-va-trien-lam-sai-gon-secc
ho-chi-minh,Trung tâm thương mại Diamond Plaza,https://gody.vn/chau-a/viet-nam/ho-chi-minh/trung-tam-thuong-mai-diamond-plaza
ho-chi-minh,Trung tâm thương mại Gigamall Thủ Đức,https://gody.vn/chau-a/viet-nam/ho-chi-minh/trung-tam-thuong-mai-gigamall
ho-chi-minh,Trung tâm thương mại Saigon Centre,https://gody.vn/chau-a/viet-nam/ho-chi-minh/trung-tam-thuong-mai-sai-gon
ho-chi-minh,Trung tâm thương mại Vincom,https://gody.vn/chau-a/viet-nam/ho-chi-minh/trung-tam-thuong-mai-vincom
ho-chi-minh,Trung tâm thương mại SC Vivocity,https://gody.vn/chau-a/viet-nam/ho-chi-minh/trung-tam-thuong-mai-vivocity
ho-chi-minh,Tu viện Khánh An,https://gody.vn/chau-a/viet-nam/ho-chi-minh/tu-vien-khanh-an
ho-chi-minh,Tu viện Vĩnh Nghiêm,https://gody.vn/chau-a/viet-nam/ho-chi-minh/tu-vien-vinh-nghiem
ho-chi-minh,Việt Nam Quốc Tự,https://gody.vn/chau-a/viet-nam/ho-chi-minh/viet-nam-quoc-tu
ho-chi-minh,Vinaracing Kart 1,https://gody.vn/chau-a/viet-nam/ho-chi-minh/vinaracing-kart-1
ho-chi-minh,VinSpace - Lớp học nghệ thuật,https://gody.vn/chau-a/viet-nam/ho-chi-minh/vinspace-lop-hoc-nghe-thuat
ho-chi-minh,Vòm Coffee,https://gody.vn/chau-a/viet-nam/ho-chi-minh/vom-coffee
thanh-hoa,Bãi biển Bãi Đông ở Thanh Hóa,https://gody.vn/chau-a/viet-nam/thanh-hoa/bai-bien-bai-dong-o-thanh-hoa
thanh-hoa,Bãi cò Tiến Nông,https://gody.vn/chau-a/viet-nam/thanh-hoa/bai-co-tien-nong
thanh-hoa,Biển Hải Hòa (Hai Hoa sea),https://gody.vn/chau-a/viet-nam/thanh-hoa/bien-hai-hoa-hai-hoa-sea
thanh-hoa,Biển Hải Tiến (Hai Tien sea),https://gody.vn/chau-a/viet-nam/thanh-hoa/bien-hai-tien-hai-tien-sea
thanh-hoa,Chiến khu Ba Đình,https://gody.vn/chau-a/viet-nam/thanh-hoa/chien-khu-ba-dinh
thanh-hoa,Đền Chín Gian,https://gody.vn/chau-a/viet-nam/thanh-hoa/den-chin-gian
thanh-hoa,Đền thờ Lê Lợi,https://gody.vn/chau-a/viet-nam/thanh-hoa/den-tho-le-loi
thanh-hoa,Đền thờ Mai An Tiêm,https://gody.vn/chau-a/viet-nam/thanh-hoa/den-tho-mai-an-tiem
thanh-hoa,Đèo Ba Dội,https://gody.vn/chau-a/viet-nam/thanh-hoa/deo-ba-doi
thanh-hoa,Di tích cầu Hàm Rồng,https://gody.vn/chau-a/viet-nam/thanh-hoa/di-tich-cau-ham-rong
thanh-hoa,Động Cửa Buồng,https://gody.vn/chau-a/viet-nam/thanh-hoa/dong-cua-buong
thanh-hoa,Động Từ Thức,https://gody.vn/chau-a/viet-nam/thanh-hoa/dong-tu-thuc
thanh-hoa,Động Vĩnh An,https://gody.vn/chau-a/viet-nam/thanh-hoa/dong-vinh-an
thanh-hoa,Hang Mắt Rồng (Động Long Quang),https://gody.vn/chau-a/viet-nam/thanh-hoa/hang-mat-rong-dong-long-quang
thanh-hoa,Hồ Cánh Chim,https://gody.vn/chau-a/viet-nam/thanh-hoa/ho-canh-chim
thanh-hoa,Khu bảo tồn thiên nhiên Pù Luông,https://gody.vn/chau-a/viet-nam/thanh-hoa/khu-bao-ton-thien-nhien-pu-luong
thanh-hoa,Khu di tích Lam Kinh,https://gody.vn/chau-a/viet-nam/thanh-hoa/khu-di-tich-lam-kinh
thanh-hoa,Lăng vua Lê Thái Tổ,https://gody.vn/chau-a/viet-nam/thanh-hoa/lang-vua-le-thai-to
thanh-hoa,Mường Lát ở Thanh Hóa,https://gody.vn/chau-a/viet-nam/thanh-hoa/muong-lat-o-thanh-hoa
thanh-hoa,Nhà cổ 200 năm tuổi ở Thanh Hóa,https://gody.vn/chau-a/viet-nam/thanh-hoa/nha-co-200-nam-tuoi-o-thanh-hoa
thanh-hoa,Nhà hàng OceanWave,https://gody.vn/chau-a/viet-nam/thanh-hoa/nha-hang-oceanwave
thanh-hoa,Quán bar Skyview (Skyview Bar),https://gody.vn/chau-a/viet-nam/thanh-hoa/quan-bar-skyview-skyview-bar
thanh-hoa,Sầm Sơn,https://gody.vn/chau-a/viet-nam/thanh-hoa/sam-son
thanh-hoa,Suối cá thần,https://gody.vn/chau-a/viet-nam/thanh-hoa/suoi-ca-than
thanh-hoa,Thác Cổng Trời ở Thanh Hóa,https://gody.vn/chau-a/viet-nam/thanh-hoa/thac-cong-troi-o-thanh-hoa
thanh-hoa,Thác Ma Hao,https://gody.vn/chau-a/viet-nam/thanh-hoa/thac-ma-hao
thanh-hoa,Thác Mây ở Thanh Hóa,https://gody.vn/chau-a/viet-nam/thanh-hoa/thac-may-o-thanh-hoa
thanh-hoa,Thác Mây (Thac May),https://gody.vn/chau-a/viet-nam/thanh-hoa/thac-may-thac-may
thanh-hoa,Thác Voi ở Thanh Hóa,https://gody.vn/chau-a/viet-nam/thanh-hoa/thac-voi-o-thanh-hoa
thanh-hoa,Thành Nhà Hồ,https://gody.vn/chau-a/viet-nam/thanh-hoa/thanh-nha-ho
thanh-hoa,Vườn quốc gia Bến En,https://gody.vn/chau-a/viet-nam/thanh-hoa/vuon-quoc-gia-ben-en
gia-lai,93 Quán - Bánh Canh & Bún Riêu,https://gody.vn/chau-a/viet-nam/gia-lai/93-quan-banh-canh-bun-rieu
gia-lai,Ẩm Thực Bạn Tôi,https://gody.vn/chau-a/viet-nam/gia-lai/am-thuc-ban-toi
gia-lai,An An Jjim-Jil-Bang Spa,https://gody.vn/chau-a/viet-nam/gia-lai/an-an-jjim-jil-bang-spa
gia-lai,Bà Nho - Bánh Cuốn Nguyễn Trãi,https://gody.vn/chau-a/viet-nam/gia-lai/ba-nho-banh-cuon-nguyen-trai
gia-lai,Baka Coffee,https://gody.vn/chau-a/viet-nam/gia-lai/baka-coffee
gia-lai,Bánh Căn Đà Lạt Hùng Vương,https://gody.vn/chau-a/viet-nam/gia-lai/banh-can-da-lat-hung-vuong
gia-lai,Bánh Canh Cô 7 Gia Lai,https://gody.vn/chau-a/viet-nam/gia-lai/banh-canh-co-7-gia-lai
gia-lai,Bánh canh cô Bông,https://gody.vn/chau-a/viet-nam/gia-lai/banh-canh-co-bong
gia-lai,Bánh kem Ngân Gold,https://gody.vn/chau-a/viet-nam/gia-lai/banh-kem-ngan-gold
gia-lai,Bánh Khọt Bình Dân,https://gody.vn/chau-a/viet-nam/gia-lai/banh-khot-binh-dan
gia-lai,Bánh Mì Thổ Nhĩ Kỳ - Hai Bà Trưng,https://gody.vn/chau-a/viet-nam/gia-lai/banh-mi-tho-nhi-ky-hai-ba-trung
gia-lai,Bánh Su Kem Chewy Junior - Hoàng Văn Thụ,https://gody.vn/chau-a/viet-nam/gia-lai/banh-su-kem-chewy-junior-hoang-van-thu
gia-lai,Bánh Tráng Cuốn Thịt Heo & Bò Nhúng Ớt Đồng Tiến,https://gody.vn/chau-a/viet-nam/gia-lai/banh-trang-cuon-thit-heo-bo-nhung-ot-dong-tien
gia-lai,Bánh xèo Bà Tám,https://gody.vn/chau-a/viet-nam/gia-lai/banh-xeo-ba-tam
gia-lai,"Bánh Xèo, Bánh Bèo & Trứng Lộn Chư Sê",https://gody.vn/chau-a/viet-nam/gia-lai/banh-xeo-banh-beo-trung-lon-chu-se
gia-lai,Bảo Tàng Hồ Chí Minh (Chi Nhánh Gia Lai - Kontum) - Pleiku,https://gody.vn/chau-a/viet-nam/gia-lai/bao-tang-ho-chi-minh-chi-nhanh-gia-lai-kontum
gia-lai,BBQ Đường Phố,https://gody.vn/chau-a/viet-nam/gia-lai/bbq-duong-pho
gia-lai,BBQ Sân Bay,https://gody.vn/chau-a/viet-nam/gia-lai/bbq-san-bay
gia-lai,Bê Nam - Chuyên Các Món Bê,https://gody.vn/chau-a/viet-nam/gia-lai/be-nam-chuyen-cac-mon-be
gia-lai,Berry Drinks&Cake,https://gody.vn/chau-a/viet-nam/gia-lai/berry-drinkscake
gia-lai,Biển Hồ,https://gody.vn/chau-a/viet-nam/gia-lai/bien-ho
gia-lai,Biển Hồ chè - Pleiku,https://gody.vn/chau-a/viet-nam/gia-lai/bien-ho-che
gia-lai,Bingsu Bisu's House,https://gody.vn/chau-a/viet-nam/gia-lai/bingsu-bisus-house
gia-lai,Bò né 3 Ngon,https://gody.vn/chau-a/viet-nam/gia-lai/bo-ne-3-ngon
gia-lai,Bốn Mùa Garden Coffee House and Tea Leaf,https://gody.vn/chau-a/viet-nam/gia-lai/bon-mua-garden-coffee-house-and-tea-leaf
gia-lai,Bông House Flowers & Tea,https://gody.vn/chau-a/viet-nam/gia-lai/bong-house-flowers-tea
gia-lai,Brother's Beer - Bia Thủ Công,https://gody.vn/chau-a/viet-nam/gia-lai/brothers-beer-bia-thu-cong
gia-lai,Buffet CẦU SẮT,https://gody.vn/chau-a/viet-nam/gia-lai/buffet-cau-sat
gia-lai,Bún bò Huế Hường,https://gody.vn/chau-a/viet-nam/gia-lai/bun-bo-hue-huong
gia-lai,Bún cua chị Hương,https://gody.vn/chau-a/viet-nam/gia-lai/bun-cua-chi-huong
gia-lai,"BÚN ĐẬU ""2 MẸT""",https://gody.vn/chau-a/viet-nam/gia-lai/bun-dau-2-met
gia-lai,Bún Đậu Mắm Tôm Kennna Quán,https://gody.vn/chau-a/viet-nam/gia-lai/bun-dau-mam-tom-kenna-quan
gia-lai,Bún Đậu Mắm Tôm - Mạc Đĩnh Chi,https://gody.vn/chau-a/viet-nam/gia-lai/bun-dau-mam-tom-mac-dinh-chi
gia-lai,Bún đậu mắm tôm Thị Nở,https://gody.vn/chau-a/viet-nam/gia-lai/bun-dau-mam-tom-thi-no
gia-lai,Bún đậu Tờ rí,https://gody.vn/chau-a/viet-nam/gia-lai/bun-dau-to-ri
gia-lai,Bún mắm cua chợ đêm Pleiku,https://gody.vn/chau-a/viet-nam/gia-lai/bun-mam-cua-cho-dem-pleiku
gia-lai,Bún Quậy Phú Quốc - Gia Lai,https://gody.vn/chau-a/viet-nam/gia-lai/bun-quay-phu-quoc-gia-lai
gia-lai,Cà phê & trà sữa Cỏ,https://gody.vn/chau-a/viet-nam/gia-lai/ca-phe-tra-sua-co
gia-lai,Cafe De Roise – Quán cà phê đậm chất Hàn Quốc,https://gody.vn/chau-a/viet-nam/gia-lai/cafe-de-roise-quan-ca-phe-dam-chat-han-quoc
gia-lai,Cafe thềm xưa,https://gody.vn/chau-a/viet-nam/gia-lai/cafe-them-xua
gia-lai,Chai coffee & Ice Cream,https://gody.vn/chau-a/viet-nam/gia-lai/chai-coffee-ice-cream
gia-lai,Cháo Lươn Đồng Quán,https://gody.vn/chau-a/viet-nam/gia-lai/chao-luon-dong-quan
gia-lai,Chè bà Dũng (5 Nguyễn Thái Học),https://gody.vn/chau-a/viet-nam/gia-lai/che-ba-dung-5-nguyen-thai-hoc
gia-lai,Chùa Minh Thành - Pleiku,https://gody.vn/chau-a/viet-nam/gia-lai/chua-minh-thanh
gia-lai,Classic Coffee,https://gody.vn/chau-a/viet-nam/gia-lai/classic-coffee
gia-lai,Cocorico Coffee & Tea,https://gody.vn/chau-a/viet-nam/gia-lai/cocorico-coffee-tea
gia-lai,Cơm gà Hải Nam,https://gody.vn/chau-a/viet-nam/gia-lai/com-ga-hai-nam
gia-lai,Cơm gà Mỹ Tâm,https://gody.vn/chau-a/viet-nam/gia-lai/com-ga-my-tam
gia-lai,Cơm Gà Tam Kỳ,https://gody.vn/chau-a/viet-nam/gia-lai/com-ga-tam-ky
gia-lai,Công Viên Diên Hồng - Pleiku,https://gody.vn/chau-a/viet-nam/gia-lai/cong-vien-dien-hong
gia-lai,Công viên Đồng xanh,https://gody.vn/chau-a/viet-nam/gia-lai/cong-vien-dong-xanh
gia-lai,Corner House – “Thánh địa sống ảo” giữa Phố núi,https://gody.vn/chau-a/viet-nam/gia-lai/corner-house-thanh-dia-song-ao-giua-pho-nui
gia-lai,Đại Thắng Bakery & Party,https://gody.vn/chau-a/viet-nam/gia-lai/dai-thang-bakery-party
gia-lai,Di Tích Lịch Sử - Văn Hoá Plei Ơi,https://gody.vn/chau-a/viet-nam/gia-lai/di-tich-lich-su-van-hoa-plei-oi
gia-lai,Di Tích Tây Sơn Thượng Đạo,https://gody.vn/chau-a/viet-nam/gia-lai/di-tich-tay-son-thuong-dao
gia-lai,Diệp Chi Quán,https://gody.vn/chau-a/viet-nam/gia-lai/diep-chi-quan
gia-lai,Ding Tea - Trà Sữa Đài Loan,https://gody.vn/chau-a/viet-nam/gia-lai/ding-tea-tra-sua-dai-loan
gia-lai,Đỉnh coffee & lifestyle,https://gody.vn/chau-a/viet-nam/gia-lai/dinh-coffee-lifestyle
gia-lai,Doanh trại QĐ/NDVN (Căn cứ Quân sự Camp Holloway),https://gody.vn/chau-a/viet-nam/gia-lai/doanh-trai-qdndvn-can-cu-quan-su-camp-holloway
gia-lai,Dốc Vạn Long,https://gody.vn/chau-a/viet-nam/gia-lai/doc-van-long
gia-lai,Đồi Cỏ Hồng Đăk Đoa,https://gody.vn/chau-a/viet-nam/gia-lai/doi-co-hong-dak-doa
gia-lai,Đồi thông Hà Tam,https://gody.vn/chau-a/viet-nam/gia-lai/doi-thong-ha-tam
gia-lai,DU LỊCH CỘNG ĐỒNG CỤM BỐN LÀNG ĐÊ K’TU,https://gody.vn/chau-a/viet-nam/gia-lai/du-lich-cong-dong-cum-bon-lang-de-ktu
gia-lai,ĐƯỜNG 7 SÔNG BỜ - TUYẾN DU LỊCH XANH,https://gody.vn/chau-a/viet-nam/gia-lai/duong-7-song-bo-tuyen-du-lich-xanh
gia-lai,Emdrink - Tea & More,https://gody.vn/chau-a/viet-nam/gia-lai/emdrink-tea-more
gia-lai,Gà Nướng Cơm Lam Hương Đồng,https://gody.vn/chau-a/viet-nam/gia-lai/ga-nuong-com-lam-huong-dong
gia-lai,Gà Nướng PleiTiêng,https://gody.vn/chau-a/viet-nam/gia-lai/ga-nuong-pleitieng
gia-lai,Gà Nướng Plit,https://gody.vn/chau-a/viet-nam/gia-lai/ga-nuong-plit
gia-lai,Garden Kids Coffee,https://gody.vn/chau-a/viet-nam/gia-lai/garden-kids-coffee
gia-lai,Gia Lê Coffee,https://gody.vn/chau-a/viet-nam/gia-lai/gia-le-coffee
gia-lai,Glory Coffee,https://gody.vn/chau-a/viet-nam/gia-lai/glory-coffee
gia-lai,GoGi House KIM Center Gia Lai,https://gody.vn/chau-a/viet-nam/gia-lai/gogi-house-kim-center-gia-lai
gia-lai,Goshi Milk Tea - Hùng Vương,https://gody.vn/chau-a/viet-nam/gia-lai/goshi-milk-tea-hung-vuong
gia-lai,Hà Vy Quán,https://gody.vn/chau-a/viet-nam/gia-lai/ha-vy-quan
gia-lai,Hani – Kafe & Kitchen - Pleiku,https://gody.vn/chau-a/viet-nam/gia-lai/hani-kafe-kitchen
gia-lai,Happy Kids - Trung Tâm Vui Chơi Giải Trí - Lê Quý Đôn,https://gody.vn/chau-a/viet-nam/gia-lai/happy-kids-trung-tam-vui-choi-giai-tri-le-quy-don
gia-lai,HD Gialai Coffee,https://gody.vn/chau-a/viet-nam/gia-lai/hd-gialai-coffee
gia-lai,Hồ T’Nưng - Pleiku,https://gody.vn/chau-a/viet-nam/gia-lai/ho-t%27nung
gia-lai,Hồ Thác Bà,https://gody.vn/chau-a/viet-nam/gia-lai/ho-thac-ba
gia-lai,Hố Trời,https://gody.vn/chau-a/viet-nam/gia-lai/ho-troi
gia-lai,Hoàng Anh Gia lai Café - Pleiku,https://gody.vn/chau-a/viet-nam/gia-lai/hoang-anh-gia-lai-cafe
gia-lai,House Larva - Phố Ẩm Thực Hàn Quốc,https://gody.vn/chau-a/viet-nam/gia-lai/house-larva-pho-am-thuc-han-quoc
gia-lai,Huế Xưa Cafe - Pleiku,https://gody.vn/chau-a/viet-nam/gia-lai/hue-xua-cafe
gia-lai,Java Coffee - Pleiku,https://gody.vn/chau-a/viet-nam/gia-lai/java-coffee
gia-lai,Jery Bee House,https://gody.vn/chau-a/viet-nam/gia-lai/jery-bee-house
gia-lai,JINJU HOUSE,https://gody.vn/chau-a/viet-nam/gia-lai/jinju-house
gia-lai,Jollibee - CoopMart Pleiku,https://gody.vn/chau-a/viet-nam/gia-lai/jollibee-coopmart-pleiku
gia-lai,KAP Bistro,https://gody.vn/chau-a/viet-nam/gia-lai/kap-bistro
gia-lai,KAP Milk Tea & Coffee,https://gody.vn/chau-a/viet-nam/gia-lai/kap-milk-tea-coffee
gia-lai,Không Gian Tre - Trà & Cafe,https://gody.vn/chau-a/viet-nam/gia-lai/khong-gian-tre-tra-cafe
gia-lai,Khu căn cứ địa cách mạng Khu 10,https://gody.vn/chau-a/viet-nam/gia-lai/khu-can-cu-dia-cach-mang-khu-10
gia-lai,Khu du lịch sinh thái Hồ thuỷ điện An Khê-KaNak,https://gody.vn/chau-a/viet-nam/gia-lai/khu-du-lich-sinh-thai-ho-thuy-dien-an-khe-kanak
gia-lai,Khu du lịch sinh thái Suối Đá 1 và 2,https://gody.vn/chau-a/viet-nam/gia-lai/khu-du-lich-sinh-thai-suoi-da-1-va-2
gia-lai,"Khu du lịch sinh thái thác Hang Dơi, thị trấn Kbang",https://gody.vn/chau-a/viet-nam/gia-lai/khu-du-lich-sinh-thai-thac-hang-doi-thi-tran-kbang
gia-lai,Khu giải khát đường Hai Bà Trưng - Pleiku,https://gody.vn/chau-a/viet-nam/gia-lai/khu-giai-khat-duong-hai-ba-trung-nam-doi-dien-ben-phai-sieu-thi-vinatex
gia-lai,Khu Vui Chơi Dreamland,https://gody.vn/chau-a/viet-nam/gia-lai/khu-vui-choi-dreamland
gia-lai,Kichi Kichi,https://gody.vn/chau-a/viet-nam/gia-lai/kichi-kichi
gia-lai,Kicochi House Gia Lai,https://gody.vn/chau-a/viet-nam/gia-lai/kicochi-house-gia-lai
gia-lai,Kim Bap - Quán Ăn Hàn Quốc,https://gody.vn/chau-a/viet-nam/gia-lai/kim-bap-quan-an-han-quoc
gia-lai,Kim Lee Kitchen & Milk Tea,https://gody.vn/chau-a/viet-nam/gia-lai/kim-lee-kitchen-milk-tea
gia-lai,Kimbap - Trần Phú,https://gody.vn/chau-a/viet-nam/gia-lai/kimbap-tran-phu
gia-lai,King Coffee - Pleiku,https://gody.vn/chau-a/viet-nam/gia-lai/king-coffee
gia-lai,KupPlei Cafe n Tea,https://gody.vn/chau-a/viet-nam/gia-lai/kupplei-cafe-n-tea
gia-lai,L'amant Cafe,https://gody.vn/chau-a/viet-nam/gia-lai/lamant-cafe
gia-lai,Làng Đan Lát Ngơm Thung,https://gody.vn/chau-a/viet-nam/gia-lai/lang-dan-lat-ngom-thung
gia-lai,Làng H’way,https://gody.vn/chau-a/viet-nam/gia-lai/lang-hway
gia-lai,LÀNG JUT ( HUYỆN IA GRAI),https://gody.vn/chau-a/viet-nam/gia-lai/lang-jut-huyen-ia-grai
gia-lai,Làng Kháng Chiến Stơr,https://gody.vn/chau-a/viet-nam/gia-lai/lang-khang-chien-stor
gia-lai,Làng Nghề Dệt Thổ Cẩm Glar – Đăk Đoa,https://gody.vn/chau-a/viet-nam/gia-lai/lang-nghe-det-tho-cam-glar-dak-doa
gia-lai,Làng Nướng Tây Nguyên - Ẩm Thực Núi Rừng,https://gody.vn/chau-a/viet-nam/gia-lai/lang-nuong-tay-nguyen-am-thuc-nui-rung
gia-lai,Làng Ốp (tiếng Jrai là Plei Ốp) - Pleiku,https://gody.vn/chau-a/viet-nam/gia-lai/lang-op-tieng-jrai-la-plei-op
gia-lai,Làng Phung,https://gody.vn/chau-a/viet-nam/gia-lai/lang-phung
gia-lai,Làng Tờ Nùng,https://gody.vn/chau-a/viet-nam/gia-lai/lang-to-nung
gia-lai,Lau Nho 1975,https://gody.vn/chau-a/viet-nam/gia-lai/lau-nho-1975
gia-lai,Le Bonjour Cake,https://gody.vn/chau-a/viet-nam/gia-lai/le-bonjour-cake
gia-lai,Lotteria - Phan Bội Châu,https://gody.vn/chau-a/viet-nam/gia-lai/lotteria-phan-boi-chau
gia-lai,LuLu Dessert,https://gody.vn/chau-a/viet-nam/gia-lai/lulu-dessert
gia-lai,Mesa Bakery & Coffee,https://gody.vn/chau-a/viet-nam/gia-lai/mesa-bakery-coffee
gia-lai,Mì cay Kitachi Gia Lai,https://gody.vn/chau-a/viet-nam/gia-lai/mi-cay-kitachi-gia-lai
gia-lai,Mochi Mochi - Kem Tự Chọn - Hùng Vương,https://gody.vn/chau-a/viet-nam/gia-lai/mochi-mochi-kem-tu-chon-hung-vuong
gia-lai,MoMo Grill & coffee,https://gody.vn/chau-a/viet-nam/gia-lai/momo-grill-coffee
gia-lai,Nem Nướng Ninh Hòa Nguyễn Văn Trỗi,https://gody.vn/chau-a/viet-nam/gia-lai/nem-nuong-ninh-hoa-nguyen-van-troi
gia-lai,Ngày hội Hoa muồng vàng,https://gody.vn/chau-a/viet-nam/gia-lai/ngay-hoi-hoa-muong-vang
gia-lai,Ngon Avatar Bakery,https://gody.vn/chau-a/viet-nam/gia-lai/ngon-avatar-bakery
gia-lai,Nhà Hàng Bazan,https://gody.vn/chau-a/viet-nam/gia-lai/nha-hang-bazan
gia-lai,Nhà Hàng Biển Hồ Xanh,https://gody.vn/chau-a/viet-nam/gia-lai/nha-hang-bien-ho-xanh
gia-lai,Nhà Hàng Góc Hà Nội,https://gody.vn/chau-a/viet-nam/gia-lai/nha-hang-goc-ha-noi
gia-lai,Nhà Hàng Ngói Nâu,https://gody.vn/chau-a/viet-nam/gia-lai/nha-hang-ngoi-nau
gia-lai,Nhà Hàng Ngon 3 Miền,https://gody.vn/chau-a/viet-nam/gia-lai/nha-hang-ngon-3-mien
gia-lai,Nhà Hàng Phố Biển,https://gody.vn/chau-a/viet-nam/gia-lai/nha-hang-pho-bien
gia-lai,Nhà Hàng Pleiku Ngon,https://gody.vn/chau-a/viet-nam/gia-lai/nha-hang-pleiku-ngon
gia-lai,Nhà hàng Thiên Thanh,https://gody.vn/chau-a/viet-nam/gia-lai/nha-hang-thien-thanh
gia-lai,Nhà sách siêu thị văn hóa Pleiku Gia Lai,https://gody.vn/chau-a/viet-nam/gia-lai/nha-sach-sieu-thi-van-hoa-pleiku-gia-lai
gia-lai,Nhà tù Pleiku,https://gody.vn/chau-a/viet-nam/gia-lai/nha-tu-pleiku
gia-lai,Nhờ Thờ Thánh Tâm - Pleiku,https://gody.vn/chau-a/viet-nam/gia-lai/nho-tho-thanh-tam
gia-lai,Những chàng trai Bakery,https://gody.vn/chau-a/viet-nam/gia-lai/nhung-chang-trai-bakery
gia-lai,Note Coffee,https://gody.vn/chau-a/viet-nam/gia-lai/note-coffee
gia-lai,Núi Chư Nâm,https://gody.vn/chau-a/viet-nam/gia-lai/nui-chu-nam
gia-lai,Núi Hàm Rồng,https://gody.vn/chau-a/viet-nam/gia-lai/nui-ham-rong-gia-lai
gia-lai,Núi lửa Chư Đăng Ya,https://gody.vn/chau-a/viet-nam/gia-lai/nui-lua-chu-dang-ya
gia-lai,Ocha House - Tea & Coffee,https://gody.vn/chau-a/viet-nam/gia-lai/ocha-house-tea-coffee
gia-lai,Passata Bistro,https://gody.vn/chau-a/viet-nam/gia-lai/passata-bistro
gia-lai,Phở Bò viên Tàu Lý - Pleiku,https://gody.vn/chau-a/viet-nam/gia-lai/pho-bo-vien-tau-ly
gia-lai,Phở Hồng (Phở 2 tô) - Pleiku,https://gody.vn/chau-a/viet-nam/gia-lai/pho-hong-pho-2-to
gia-lai,Phố Mỳ Cay Seoul 12 Cấp Độ,https://gody.vn/chau-a/viet-nam/gia-lai/pho-my-cay-seoul-12-cap-do
gia-lai,Phở Ngọc Sơn,https://gody.vn/chau-a/viet-nam/gia-lai/pho-ngoc-son
gia-lai,Phở Ông Kẹo,https://gody.vn/chau-a/viet-nam/gia-lai/pho-ong-keo
gia-lai,Phượt pleiku coffee,https://gody.vn/chau-a/viet-nam/gia-lai/phuot-pleiku-coffee
gia-lai,Pizza ĐÔ ĐÔ,https://gody.vn/chau-a/viet-nam/gia-lai/pizza-do-do
gia-lai,Pt - Tào Phớ Gia Lai,https://gody.vn/chau-a/viet-nam/gia-lai/pt-tao-pho-gia-lai
gia-lai,Quán 85 - Bún Riêu Cua Đồng & Cơm Bình Dân,https://gody.vn/chau-a/viet-nam/gia-lai/quan-85-bun-rieu-cua-dong-com-binh-dan
gia-lai,Quán ăn Hàn Quốc Maang Chi,https://gody.vn/chau-a/viet-nam/gia-lai/quan-an-han-quoc-maang-chi
gia-lai,Quán Baron Bar,https://gody.vn/chau-a/viet-nam/gia-lai/quan-baron-bar
gia-lai,Quán Bé Tư 2,https://gody.vn/chau-a/viet-nam/gia-lai/quan-be-tu-2
gia-lai,Quán Bò Né 760,https://gody.vn/chau-a/viet-nam/gia-lai/quan-bo-ne-760
gia-lai,Quán bún mắm cua,https://gody.vn/chau-a/viet-nam/gia-lai/quan-bun-mam-cua
gia-lai,Quán Cà Phê Thu Hà,https://gody.vn/chau-a/viet-nam/gia-lai/quan-ca-phe-thu-ha
gia-lai,Quán Cafe City View,https://gody.vn/chau-a/viet-nam/gia-lai/quan-cafe-city-view
gia-lai,Quán Café Cuội,https://gody.vn/chau-a/viet-nam/gia-lai/quan-cafe-cuoi
gia-lai,Quán Chay Thanh Thảo,https://gody.vn/chau-a/viet-nam/gia-lai/quan-chay-thanh-thao
gia-lai,Quán Chi - Bánh Canh Lá Hẹ,https://gody.vn/chau-a/viet-nam/gia-lai/quan-chi-banh-canh-la-he
gia-lai,Quán Hiệp - Phở Khô,https://gody.vn/chau-a/viet-nam/gia-lai/quan-hiep-pho-kho
gia-lai,Quán IA GUI,https://gody.vn/chau-a/viet-nam/gia-lai/quan-ia-gui
gia-lai,Quán Ka Coffee,https://gody.vn/chau-a/viet-nam/gia-lai/quan-ka-coffee
gia-lai,Quán Lẩu 10 - Pleiku,https://gody.vn/chau-a/viet-nam/gia-lai/quan-lau-10
gia-lai,Quán lẩu anh Chín,https://gody.vn/chau-a/viet-nam/gia-lai/quan-lau-anh-chin
gia-lai,Quán Lộc Vừng,https://gody.vn/chau-a/viet-nam/gia-lai/quan-loc-vung
gia-lai,Quán lụi bà Sáu,https://gody.vn/chau-a/viet-nam/gia-lai/quan-lui-ba-sau
gia-lai,Quán Lụi Nướng Phùng Khác Khoan,https://gody.vn/chau-a/viet-nam/gia-lai/quan-lui-nuong-phung-khac-khoan
gia-lai,Quán Maya Café - Pleiku,https://gody.vn/chau-a/viet-nam/gia-lai/quan-maya-cafe
gia-lai,Quán Nhà Tôi,https://gody.vn/chau-a/viet-nam/gia-lai/quan-nha-toi
gia-lai,Quán Paris,https://gody.vn/chau-a/viet-nam/gia-lai/quan-paris
gia-lai,Quán Phở Nữ,https://gody.vn/chau-a/viet-nam/gia-lai/quan-pho-nu
gia-lai,Quán Phương Bún Thịt Nướng,https://gody.vn/chau-a/viet-nam/gia-lai/quan-phuong-bun-thit-nuong
gia-lai,Quán Yaourt Thủy,https://gody.vn/chau-a/viet-nam/gia-lai/quan-yaourt-thuy
gia-lai,Quảng trường Đại Đoàn Kết - Pleiku,https://gody.vn/chau-a/viet-nam/gia-lai/quang-truong-dai-doan-ket
gia-lai,Quảng trường Đại đoàn kết - Festival văn hóa cồng chiêng Tây Nguyên - Pleiku,https://gody.vn/chau-a/viet-nam/gia-lai/quang-truong-dai-doan-ket-festival-van-hoa-cong-chieng-tay-nguyen
gia-lai,Rơm Quán - Nguyễn Hữu Huân,https://gody.vn/chau-a/viet-nam/gia-lai/rom-quan-nguyen-huu-huan
gia-lai,Sê San coffee,https://gody.vn/chau-a/viet-nam/gia-lai/se-san-coffee
gia-lai,Sê San Xanh,https://gody.vn/chau-a/viet-nam/gia-lai/se-san-xanh
gia-lai,S.E.F Lounge & Chill,https://gody.vn/chau-a/viet-nam/gia-lai/sef-lounge-chill
gia-lai,Shusu Kem Bánh,https://gody.vn/chau-a/viet-nam/gia-lai/shusu-kem-banh
gia-lai,Siêu Thị Coopmart,https://gody.vn/chau-a/viet-nam/gia-lai/sieu-thi-coopmart
gia-lai,Sinh tố - chè Thái (368 Phạm Văn Đồng),https://gody.vn/chau-a/viet-nam/gia-lai/sinh-to-che-thai-368-pham-van-dong
gia-lai,Soho Cà Phê,https://gody.vn/chau-a/viet-nam/gia-lai/soho-ca-phe
gia-lai,Suối Đá Đĩa Nam Trung,https://gody.vn/chau-a/viet-nam/gia-lai/suoi-da-dia-nam-trung
gia-lai,Tamba Bakery - Trần Phú,https://gody.vn/chau-a/viet-nam/gia-lai/tamba-bakery-tran-phu
gia-lai,Tatto Quán - Trà Chanh & Ăn Vặt,https://gody.vn/chau-a/viet-nam/gia-lai/tatto-quan-tra-chanh-an-vat
gia-lai,Tàu Hủ Quán - Lẩu Tàu Hủ & Xiên Que,https://gody.vn/chau-a/viet-nam/gia-lai/tau-hu-quan-lau-tau-hu-xien-que
gia-lai,Tây Nguyên Sound Coffee,https://gody.vn/chau-a/viet-nam/gia-lai/tay-nguyen-sound-coffee
gia-lai,Thác Hang Én,https://gody.vn/chau-a/viet-nam/gia-lai/thac-hang-en
gia-lai,Thác Phú Cường,https://gody.vn/chau-a/viet-nam/gia-lai/thac-phu-cuong
gia-lai,Thẩm mỹ Bướm Spa,https://gody.vn/chau-a/viet-nam/gia-lai/tham-my-buom-spa
gia-lai,The 9 town,https://gody.vn/chau-a/viet-nam/gia-lai/the-9-town
gia-lai,Thế Giới Vui Chơi Tyty Kids,https://gody.vn/chau-a/viet-nam/gia-lai/the-gioi-vui-choi-tyty-kids
gia-lai,The Macchiato Coffee,https://gody.vn/chau-a/viet-nam/gia-lai/the-macchiato-coffee
gia-lai,Thiên Trúc Cafe,https://gody.vn/chau-a/viet-nam/gia-lai/thien-truc-cafe
gia-lai,Thủy điện Yaly,https://gody.vn/chau-a/viet-nam/gia-lai/thuy-dien-yaly
gia-lai,Tiệm cơm gia đình Ngọc Lâm,https://gody.vn/chau-a/viet-nam/gia-lai/tiem-com-gia-dinh-ngoc-lam
gia-lai,Tiệm trà bánh Yên,https://gody.vn/chau-a/viet-nam/gia-lai/tiem-tra-banh-yen
gia-lai,Tiệm trà sữa Út Danhh,https://gody.vn/chau-a/viet-nam/gia-lai/tiem-tra-sua-ut-danhh
gia-lai,Tín Phát - Bakery & Coffee - Đinh Tiên Hoàng,https://gody.vn/chau-a/viet-nam/gia-lai/tin-phat-bakery-coffee-dinh-tien-hoang
gia-lai,Touch Cinema,https://gody.vn/chau-a/viet-nam/gia-lai/touch-cinema
gia-lai,Trà Sữa - Ăn Vặt Phố Nhỏ,https://gody.vn/chau-a/viet-nam/gia-lai/tra-sua-an-vat-pho-nho
gia-lai,Trà Sữa Anh Béo,https://gody.vn/chau-a/viet-nam/gia-lai/tra-sua-anh-beo
gia-lai,Trà sữa Bố Tèo,https://gody.vn/chau-a/viet-nam/gia-lai/tra-sua-bo-teo
gia-lai,Trà sữa Orange Pleiku,https://gody.vn/chau-a/viet-nam/gia-lai/tra-sua-orange-pleiku
gia-lai,Trà Sữa Sharetea - Hùng Vương,https://gody.vn/chau-a/viet-nam/gia-lai/tra-sua-sharetea-hung-vuong
gia-lai,Trà Sữa Zipper,https://gody.vn/chau-a/viet-nam/gia-lai/tra-sua-zipper
gia-lai,Trung tâm Thương Mại TP. Pleiku,https://gody.vn/chau-a/viet-nam/gia-lai/trung-tam-thuong-mai-tp-pleiku
gia-lai,Viễn Đông BBQ,https://gody.vn/chau-a/viet-nam/gia-lai/vien-dong-bbq
gia-lai,Vịnh Xuân Đài Quán - Hải Sản & Các Món Nhậu Bình Dân,https://gody.vn/chau-a/viet-nam/gia-lai/vinh-xuan-dai-quan-hai-san-cac-mon-nhau-binh-dan
gia-lai,Vivuz Club,https://gody.vn/chau-a/viet-nam/gia-lai/vivuz-club
gia-lai,Vườn Dâu Tây Gia Lai - Pleiku,https://gody.vn/chau-a/viet-nam/gia-lai/vuon-dau-tay-gia-lai
gia-lai,Vườn quốc gia Kon Ka Kinh,https://gody.vn/chau-a/viet-nam/gia-lai/vuon-quoc-gia-kon-ka-kinh
gia-lai,Vương Cát Coffee & Tea Garden,https://gody.vn/chau-a/viet-nam/gia-lai/vuong-cat-coffee-tea-garden
gia-lai,Woncha Gia Lai,https://gody.vn/chau-a/viet-nam/gia-lai/woncha-gia-lai
gia-lai,Zone Cafe - Hoàng Văn Thụ,https://gody.vn/chau-a/viet-nam/gia-lai/zone-cafe-hoang-van-thu
yen-bai,Bản Chao Hạ,https://gody.vn/chau-a/viet-nam/yen-bai/ban-chao-ha
yen-bai,Bản Đêu Yên Bái,https://gody.vn/chau-a/viet-nam/yen-bai/ban-deu-yen-bai
yen-bai,Bản Lìm Mông (Lim Mong Village),https://gody.vn/chau-a/viet-nam/yen-bai/ban-lim-mong-lim-mong-village
yen-bai,Bản Sà Rèn,https://gody.vn/chau-a/viet-nam/yen-bai/ban-sa-ren
yen-bai,Bảo tàng tỉnh Yên Bái,https://gody.vn/chau-a/viet-nam/yen-bai/bao-tang-tinh-yen-bai
yen-bai,Bình nguyên xanh Khai Trung,https://gody.vn/chau-a/viet-nam/yen-bai/binh-nguyen-xanh-khai-trung
yen-bai,Bình Nguyên Xanh Khai Trung (Thuỷ Điều),https://gody.vn/chau-a/viet-nam/yen-bai/binh-nguyen-xanh-khai-trung-thuy-dieu
yen-bai,Cánh đồng Mường Lò,https://gody.vn/chau-a/viet-nam/yen-bai/canh-dong-muong-lo
yen-bai,Chùa tháp Hắc Y,https://gody.vn/chau-a/viet-nam/yen-bai/chua-thap-hac-y
yen-bai,Đền Đại Cại Yên Bái,https://gody.vn/chau-a/viet-nam/yen-bai/den-dai-cai-yen-bai
yen-bai,Đền mẫu Đông Cuông,https://gody.vn/chau-a/viet-nam/yen-bai/den-mau-dong-cuong
yen-bai,Đền Nhược Sơn,https://gody.vn/chau-a/viet-nam/yen-bai/den-nhuoc-son
yen-bai,Đền Tuần Quán,https://gody.vn/chau-a/viet-nam/yen-bai/den-tuan-quan
yen-bai,Đèo Khau Phạ (Khau Pha Pass),https://gody.vn/chau-a/viet-nam/yen-bai/deo-khau-pha-khau-pha-pass
yen-bai,Di tích Căng Đồn Nghĩa Lộ,https://gody.vn/chau-a/viet-nam/yen-bai/di-tich-cang-don-nghia-lo
yen-bai,Đỉnh Lùng Cúng,https://gody.vn/chau-a/viet-nam/yen-bai/dinh-lung-cung
yen-bai,Đỉnh Tà Chì Nhù,https://gody.vn/chau-a/viet-nam/yen-bai/dinh-ta-chi-nhu
yen-bai,Hồ Thác Bà (Thac Ba Lake),https://gody.vn/chau-a/viet-nam/yen-bai/ho-thac-ba-thac-ba-lake
yen-bai,Huyện Mù Cang Chải (Mu Cang Chai District),https://gody.vn/chau-a/viet-nam/yen-bai/huyen-mu-cang-chai-mu-cang-chai-district
yen-bai,Khu lăng mộ nguyễn thái học Yên Bái (Nguyen Thai Hoc Tomb),https://gody.vn/chau-a/viet-nam/yen-bai/khu-lang-mo-nguyen-thai-hoc-yen-bai-nguyen-thai-hoc-tomb
yen-bai,Khu sinh thái Ecolodge Mù Cang Chải (Mu cang chai Ecolodge),https://gody.vn/chau-a/viet-nam/yen-bai/khu-sinh-thai-ecolodge-mu-cang-chai-mu-cang-chai-ecolodge
yen-bai,Khu tưởng niệm Bác Hồ,https://gody.vn/chau-a/viet-nam/yen-bai/khu-tuong-niem-bac-ho
yen-bai,Núi Phú Lương,https://gody.vn/chau-a/viet-nam/yen-bai/nui-phu-luong
yen-bai,Ruộng bậc thang xã Chế Cu Nha,https://gody.vn/chau-a/viet-nam/yen-bai/ruong-bac-thang-xa-che-cu-nha
yen-bai,Suối Giàng,https://gody.vn/chau-a/viet-nam/yen-bai/suoi-giang
yen-bai,Suối nước nóng khu 5,https://gody.vn/chau-a/viet-nam/yen-bai/suoi-nuoc-nong-khu-5
yen-bai,Tà Xùa Yên Bái,https://gody.vn/chau-a/viet-nam/yen-bai/ta-xua-yen-bai
yen-bai,Thác Háng Tề Chơ,https://gody.vn/chau-a/viet-nam/yen-bai/thac-hang-te-cho
yen-bai,Thác Khe Cam,https://gody.vn/chau-a/viet-nam/yen-bai/thac-khe-cam
yen-bai,Thác Mơ Yên Bái,https://gody.vn/chau-a/viet-nam/yen-bai/thac-mo-yen-bai
yen-bai,Thác Pú Nhu (Pu Nhu Waterfall),https://gody.vn/chau-a/viet-nam/yen-bai/thac-pu-nhu-pu-nhu-waterfall
yen-bai,Xã La Pán Tẩn,https://gody.vn/chau-a/viet-nam/yen-bai/xa-la-pan-tan
yen-bai,Xã Tú Lệ ở Yên Bái,https://gody.vn/chau-a/viet-nam/yen-bai/xa-tu-le-o-yen-bai
yen-bai,Xôi Farmstay Yên Bái,https://gody.vn/chau-a/viet-nam/yen-bai/xoi-farmstay
ba-ria-vung-tau,Babylon Garden Coffee - Vũng Tàu,https://gody.vn/chau-a/viet-nam/ba-ria-vung-tau/babylon-garden-coffee
ba-ria-vung-tau,Bạch Dinh,https://gody.vn/chau-a/viet-nam/ba-ria-vung-tau/bach-dinh
ba-ria-vung-tau,Bãi biển Đầm Trầu - Côn Đảo,https://gody.vn/chau-a/viet-nam/ba-ria-vung-tau/bai-bien-dam-trau
ba-ria-vung-tau,Bãi Nhát - Côn Đảo,https://gody.vn/chau-a/viet-nam/ba-ria-vung-tau/bai-nhat-con-dao
ba-ria-vung-tau,Bãi Ông Đụng - Côn Đảo,https://gody.vn/chau-a/viet-nam/ba-ria-vung-tau/bai-ong-dung-con-dao
ba-ria-vung-tau,Bãi Thùy Vân (bãi Sau),https://gody.vn/chau-a/viet-nam/ba-ria-vung-tau/bai-sau
ba-ria-vung-tau,Bãi Trước,https://gody.vn/chau-a/viet-nam/ba-ria-vung-tau/bai-truoc
ba-ria-vung-tau,Bãi Vọng Nguyệt,https://gody.vn/chau-a/viet-nam/ba-ria-vung-tau/bai-vong-nguyet
ba-ria-vung-tau,Bánh bông lan trứng muối gốc Cột Điện,https://gody.vn/chau-a/viet-nam/ba-ria-vung-tau/banh-bong-lan-trung-muoi-goc-cot-dien
ba-ria-vung-tau,Bánh canh Long Hương,https://gody.vn/chau-a/viet-nam/ba-ria-vung-tau/banh-canh-long-huong
ba-ria-vung-tau,Bánh hỏi An Nhứt,https://gody.vn/chau-a/viet-nam/ba-ria-vung-tau/banh-hoi-an-nhut
ba-ria-vung-tau,Bánh khọt gốc Vú Sữa,https://gody.vn/chau-a/viet-nam/ba-ria-vung-tau/banh-khot-goc-vu-sua
ba-ria-vung-tau,Bảo tàng Bà Rịa - Vũng Tàu,https://gody.vn/chau-a/viet-nam/ba-ria-vung-tau/bao-tang-ba-ria-vung-tau
ba-ria-vung-tau,Bảo tàng vũ khí cổ Robert Taylor Vũng Tàu,https://gody.vn/chau-a/viet-nam/ba-ria-vung-tau/bao-tang-vu-khi-co-vung-tau
ba-ria-vung-tau,Bến du thuyền Vũng Tàu Marina,https://gody.vn/chau-a/viet-nam/ba-ria-vung-tau/ben-thuyen-vung-tau-marina
ba-ria-vung-tau,Biển Long Hải,https://gody.vn/chau-a/viet-nam/ba-ria-vung-tau/bien-long-hai
ba-ria-vung-tau,Bình An Cafe - Vũng Tàu,https://gody.vn/chau-a/viet-nam/ba-ria-vung-tau/binh-an-cafe
ba-ria-vung-tau,Black & White Coffee - Vũng Tàu,https://gody.vn/chau-a/viet-nam/ba-ria-vung-tau/black-white-coffee
ba-ria-vung-tau,Bún riêu cua Bà Hai Khiêm - Côn Đảo,https://gody.vn/chau-a/viet-nam/ba-ria-vung-tau/bun-rieu-cua-ba-hai-khiem
ba-ria-vung-tau,Cánh đồng cừu Suối Nghệ,https://gody.vn/chau-a/viet-nam/ba-ria-vung-tau/canh-dong-cuu-suoi-nghe
ba-ria-vung-tau,Chợ đêm Vũng Tàu,https://gody.vn/chau-a/viet-nam/ba-ria-vung-tau/cho-dem-hai-san-vung-tau
ba-ria-vung-tau,Chùa Quan Thế Âm Bồ Tát,https://gody.vn/chau-a/viet-nam/ba-ria-vung-tau/chua-quan-the-am-bo-tat
ba-ria-vung-tau,Đèo nước ngọt Vũng Tàu,https://gody.vn/chau-a/viet-nam/ba-ria-vung-tau/deo-nuoc-ngot-vung-tau
ba-ria-vung-tau,Đi Bụi Camping,https://gody.vn/chau-a/viet-nam/ba-ria-vung-tau/di-bui-campning
ba-ria-vung-tau,Đồi Con Heo,https://gody.vn/chau-a/viet-nam/ba-ria-vung-tau/doi-con-heo
ba-ria-vung-tau,Gazebo Beach Front Lounge & Café - Vũng Tàu,https://gody.vn/chau-a/viet-nam/ba-ria-vung-tau/gazebo-beach-front-lounge-cafe
ba-ria-vung-tau,Hải đăng Vũng Tàu,https://gody.vn/chau-a/viet-nam/ba-ria-vung-tau/hai-dang-vung-tau
ba-ria-vung-tau,Hồ Cốc (Ho Coc),https://gody.vn/chau-a/viet-nam/ba-ria-vung-tau/ho-coc-ho-coc
ba-ria-vung-tau,Biển Hồ Cốc - Hồ Tràm,https://gody.vn/chau-a/viet-nam/ba-ria-vung-tau/ho-coc-ho-tram
ba-ria-vung-tau,Hồ Đá Bàng,https://gody.vn/chau-a/viet-nam/ba-ria-vung-tau/ho-da-bang
ba-ria-vung-tau,Hồ Đá Xanh,https://gody.vn/chau-a/viet-nam/ba-ria-vung-tau/ho-da-xanh
ba-ria-vung-tau,Hồ Tràm (Ho Tram),https://gody.vn/chau-a/viet-nam/ba-ria-vung-tau/ho-tram-ho-tram
ba-ria-vung-tau,Hòn Bà,https://gody.vn/chau-a/viet-nam/ba-ria-vung-tau/hon-ba
ba-ria-vung-tau,Hòn Bảy Cạnh - Côn Đảo,https://gody.vn/chau-a/viet-nam/ba-ria-vung-tau/hon-bay-canh-con-dao
ba-ria-vung-tau,Hòn Rù Rì Coffee - Vũng Tàu,https://gody.vn/chau-a/viet-nam/ba-ria-vung-tau/hon-ru-ri-coffee
ba-ria-vung-tau,Hòn Tài Côn Đảo,https://gody.vn/chau-a/viet-nam/ba-ria-vung-tau/hon-tai-con-dao
ba-ria-vung-tau,Jolie Mod Coffee - Vũng Tàu,https://gody.vn/chau-a/viet-nam/ba-ria-vung-tau/jolie-mod-coffee
ba-ria-vung-tau,Kem Alibaba,https://gody.vn/chau-a/viet-nam/ba-ria-vung-tau/kem-alibaba
ba-ria-vung-tau,Khu cắm trại Zenna Pool Camp,https://gody.vn/chau-a/viet-nam/ba-ria-vung-tau/khu-cam-trai-zenna-pool-camp
ba-ria-vung-tau,Khu di tích Đình Thần Thắng Tam,https://gody.vn/chau-a/viet-nam/ba-ria-vung-tau/khu-di-tich-dinh-thang-tam
ba-ria-vung-tau,Khu du lịch Hồ Mây,https://gody.vn/chau-a/viet-nam/ba-ria-vung-tau/khu-du-lich-ho-may
ba-ria-vung-tau,Khu du lịch Mũi Nghinh Phong,https://gody.vn/chau-a/viet-nam/ba-ria-vung-tau/khu-du-lich-mui-nghinh-phong
ba-ria-vung-tau,Khu du lịch suối Đá (Vũng Tàu),https://gody.vn/chau-a/viet-nam/ba-ria-vung-tau/khu-du-lich-suoi-da-vung-tau
ba-ria-vung-tau,Khu du lịch suối Tiên,https://gody.vn/chau-a/viet-nam/ba-ria-vung-tau/khu-du-lich-suoi-tien
ba-ria-vung-tau,La Vie En Rose Coffee - Vũng Tàu,https://gody.vn/chau-a/viet-nam/ba-ria-vung-tau/la-vie-en-rose-coffee
ba-ria-vung-tau,Lan Rừng cafe - Vũng Tàu,https://gody.vn/chau-a/viet-nam/ba-ria-vung-tau/lan-rung-cafe
ba-ria-vung-tau,Làng bè Long Sơn,https://gody.vn/chau-a/viet-nam/ba-ria-vung-tau/lang-be-long-son
ba-ria-vung-tau,Lẩu cá đuối Hoàng Minh,https://gody.vn/chau-a/viet-nam/ba-ria-vung-tau/lau-ca-duoi-hoang-minh
ba-ria-vung-tau,Lightroom Coffee Studio - Vũng Tàu,https://gody.vn/chau-a/viet-nam/ba-ria-vung-tau/lightroom-coffee-studio
ba-ria-vung-tau,Marina Club - Vũng Tàu,https://gody.vn/chau-a/viet-nam/ba-ria-vung-tau/marina-club-coffee
ba-ria-vung-tau,Mì thảy Nghiệp Ký,https://gody.vn/chau-a/viet-nam/ba-ria-vung-tau/mi-thay-nghiep-ky
ba-ria-vung-tau,Miếu Bà Phi Yến (Miếu An Sơn) - Côn Đảo,https://gody.vn/chau-a/viet-nam/ba-ria-vung-tau/mieu-ba-phi-yen-mieu-an-son
ba-ria-vung-tau,Milla Nakedsoul coffee - Vũng Tàu,https://gody.vn/chau-a/viet-nam/ba-ria-vung-tau/milla-nakedsoul-coffee
ba-ria-vung-tau,Nghĩa trang Hàng Dương - Côn Đảo,https://gody.vn/chau-a/viet-nam/ba-ria-vung-tau/nghia-trang-hang-duong
ba-ria-vung-tau,Nhà hàng Gành Hào,https://gody.vn/chau-a/viet-nam/ba-ria-vung-tau/nha-hang-ganh-hao
ba-ria-vung-tau,Nhà Tròn Bà Rịa,https://gody.vn/chau-a/viet-nam/ba-ria-vung-tau/nha-tron-ba-ria
ba-ria-vung-tau,Nhà tù Côn Đảo,https://gody.vn/chau-a/viet-nam/ba-ria-vung-tau/nha-tu-con-dao
ba-ria-vung-tau,Nhà úp ngược Vũng Tàu,https://gody.vn/chau-a/viet-nam/ba-ria-vung-tau/nha-up-nguoc
ba-ria-vung-tau,Niết Bàn Tịnh Xá,https://gody.vn/chau-a/viet-nam/ba-ria-vung-tau/niet-ban-tinh-xa
ba-ria-vung-tau,Núi Thị Vải,https://gody.vn/chau-a/viet-nam/ba-ria-vung-tau/nui-thi-vai
ba-ria-vung-tau,Ô Cấp cafe - Vũng Tàu,https://gody.vn/chau-a/viet-nam/ba-ria-vung-tau/o-cap-cafe
ba-ria-vung-tau,Rooftop Bar Breeze - Vũng Tàu,https://gody.vn/chau-a/viet-nam/ba-ria-vung-tau/rooftop-bar-breeze
ba-ria-vung-tau,Rừng quốc gia Bình Châu,https://gody.vn/chau-a/viet-nam/ba-ria-vung-tau/rung-quoc-gia-binh-chau
ba-ria-vung-tau,Seaside Cafe - Vũng Tàu,https://gody.vn/chau-a/viet-nam/ba-ria-vung-tau/seaside-cafe
ba-ria-vung-tau,Soho Coffee - Vũng Tàu,https://gody.vn/chau-a/viet-nam/ba-ria-vung-tau/soho-coffee-vung-tau
ba-ria-vung-tau,Sơn Đăng cafe - Vũng Tàu,https://gody.vn/chau-a/viet-nam/ba-ria-vung-tau/son-dang-cafe
ba-ria-vung-tau,Sơn Thủy Ngư Quán,https://gody.vn/chau-a/viet-nam/ba-ria-vung-tau/son-thuy-ngu-quan
ba-ria-vung-tau,Sữa chua Cô Tiên,https://gody.vn/chau-a/viet-nam/ba-ria-vung-tau/sua-chua-co-tien
ba-ria-vung-tau,Suối khoáng nóng Bình Châu,https://gody.vn/chau-a/viet-nam/ba-ria-vung-tau/suoi-khoang-nong-binh-chau
ba-ria-vung-tau,Biển Suối Ồ,https://gody.vn/chau-a/viet-nam/ba-ria-vung-tau/suoi-o
ba-ria-vung-tau,Suối Rao Ecolodge,https://gody.vn/chau-a/viet-nam/ba-ria-vung-tau/suoi-sao-ecolodge
ba-ria-vung-tau,Thích Ca Phật Đài,https://gody.vn/chau-a/viet-nam/ba-ria-vung-tau/thich-ca-phat-dai
ba-ria-vung-tau,Thiên đường Thỏ Trắng,https://gody.vn/chau-a/viet-nam/ba-ria-vung-tau/thien-duong-tho-trang
ba-ria-vung-tau,Trường đua chó Lam Sơn,https://gody.vn/chau-a/viet-nam/ba-ria-vung-tau/truong-dua-cho-lam-son
ba-ria-vung-tau,Tượng Chúa Dang Tay,https://gody.vn/chau-a/viet-nam/ba-ria-vung-tau/tuong-chua-dang-tay
ba-ria-vung-tau,You and Me Coffee Vũng Tàu,https://gody.vn/chau-a/viet-nam/ba-ria-vung-tau/you-and-me-coffee
binh-thuan,Bãi biển Cam Bình – La Gi,https://gody.vn/chau-a/viet-nam/binh-thuan/bai-bien-cam-binh-la-gi
binh-thuan,Bãi biển đá Cổ Thạch,https://gody.vn/chau-a/viet-nam/binh-thuan/bai-bien-da-co-thach
binh-thuan,Bãi biển Đồi Dương - Phan Thiết,https://gody.vn/chau-a/viet-nam/binh-thuan/bai-bien-doi-duong
binh-thuan,Bãi biển Mũi Né,https://gody.vn/chau-a/viet-nam/binh-thuan/bai-bien-mui-ne
binh-thuan,Bãi Biển Rạng - Mũi Né Phan Thiết,https://gody.vn/chau-a/viet-nam/binh-thuan/bai-bien-rang
binh-thuan,Bãi đá Ông Địa - Phan Thiết,https://gody.vn/chau-a/viet-nam/binh-thuan/bai-da-ong-dia
binh-thuan,Bảo tàng Hồ Chí Minh - Phan Thiết,https://gody.vn/chau-a/viet-nam/binh-thuan/bao-tang-ho-chi-minh
binh-thuan,Bảo tàng nước mắm Làng Chài Xưa - Phan Thiết,https://gody.vn/chau-a/viet-nam/binh-thuan/bao-tang-nuoc-mam-lang-chai-xua
binh-thuan,Bàu Trắng Bình Thuận - Mũi Né Phan Thiết,https://gody.vn/chau-a/viet-nam/binh-thuan/bau-trang-binh-thuan
binh-thuan,Biển Thuận Quý Hàm Thuận Nam,https://gody.vn/chau-a/viet-nam/binh-thuan/bien-thuan-quy-ham-thuan-nam
binh-thuan,Bokor Campsite,https://gody.vn/chau-a/viet-nam/binh-thuan/bokor-campsite
binh-thuan,Cảng Mũi Né,https://gody.vn/chau-a/viet-nam/binh-thuan/cang-mui-ne
binh-thuan,Câu lạc bộ bãi biển Jibe (Jibe's Beach Club) - Mũi Né Phan Thiết,https://gody.vn/chau-a/viet-nam/binh-thuan/cau-lac-bo-bai-bien-jibe-jibes-beach-club
binh-thuan,Chợ Hàm Tiến - Phan Thiết,https://gody.vn/chau-a/viet-nam/binh-thuan/cho-ham-tien
binh-thuan,Chợ Mũi Né,https://gody.vn/chau-a/viet-nam/binh-thuan/cho-mui-ne
binh-thuan,Chợ Phan Thiết,https://gody.vn/chau-a/viet-nam/binh-thuan/cho-phan-thiet
binh-thuan,Chùa núi Tà Cú,https://gody.vn/chau-a/viet-nam/binh-thuan/chua-nui-ta-cu
binh-thuan,Coco Beach Camp - Lagi,https://gody.vn/chau-a/viet-nam/binh-thuan/coco-beach-camp
binh-thuan,Công viên Tượng cát Forgotten Land - Mũi Né Phan Thiết,https://gody.vn/chau-a/viet-nam/binh-thuan/cong-vien-tuong-cat-forgotten-land
binh-thuan,Cù Lao Câu,https://gody.vn/chau-a/viet-nam/binh-thuan/cu-lao-cau
binh-thuan,Đảo Hòn Rơm - Phan Thiết,https://gody.vn/chau-a/viet-nam/binh-thuan/dao-hon-rom
binh-thuan,Mũi Yến,https://gody.vn/chau-a/viet-nam/binh-thuan/dia-diem-mui-yen
binh-thuan,Dinh Thầy Thím,https://gody.vn/chau-a/viet-nam/binh-thuan/dinh-thay-thim
binh-thuan,Đình Vạn Thủy Tú - Phan Thiết,https://gody.vn/chau-a/viet-nam/binh-thuan/dinh-van-thuy-tu
binh-thuan,Đồi cát bay - Mũi Né,https://gody.vn/chau-a/viet-nam/binh-thuan/doi-cat-bay
binh-thuan,Gành Son Bình Thuận,https://gody.vn/chau-a/viet-nam/binh-thuan/ganh-son-binh-thuan
binh-thuan,Hải đăng Kê Gà,https://gody.vn/chau-a/viet-nam/binh-thuan/hai-dang-ke-ga
binh-thuan,Hẻm núi đỏ (Red Canyon),https://gody.vn/chau-a/viet-nam/binh-thuan/hem-nui-do-red-canyon
binh-thuan,Hồ Đa Mi,https://gody.vn/chau-a/viet-nam/binh-thuan/ho-dami
binh-thuan,Hồ Tiên- La Ngâu,https://gody.vn/chau-a/viet-nam/binh-thuan/ho-tien-la-ngau
binh-thuan,Khu Du lịch Làng Tre Mũi Né,https://gody.vn/chau-a/viet-nam/binh-thuan/khu-du-lich-lang-tre-mui-ne
binh-thuan,Khu Du Lịch Tà Cú,https://gody.vn/chau-a/viet-nam/binh-thuan/khu-du-lich-ta-cu
binh-thuan,Làng Chài Mũi Né,https://gody.vn/chau-a/viet-nam/binh-thuan/lang-chai-mui-ne
binh-thuan,Lâu đài rượu vang RD - Mũi Né Phan Thiết,https://gody.vn/chau-a/viet-nam/binh-thuan/lau-dai-ruou-vang-rd
binh-thuan,Linh Long Tự - Mũi Né Phan Thiết,https://gody.vn/chau-a/viet-nam/binh-thuan/linh-long-tu
binh-thuan,LU Glamping ( LU Glamping Campsite),https://gody.vn/chau-a/viet-nam/binh-thuan/lu-glamping-lu-glamping-campsite
binh-thuan,Mì quảng Vịt - Phan Thiết,https://gody.vn/chau-a/viet-nam/binh-thuan/mi-quang-vit
binh-thuan,Nhà hàng Cây Bàng - Phan Thiết,https://gody.vn/chau-a/viet-nam/binh-thuan/nha-hang-cay-bang-phan-thiet
binh-thuan,Nhà hàng Cham Garden (Cham Garden Restaurant) - Mũi Né Phan Thiết,https://gody.vn/chau-a/viet-nam/binh-thuan/nha-hang-cham-garden-cham-garden-restaurant
binh-thuan,Nhà hàng India Flavors - Mũi Né Phan Thiết,https://gody.vn/chau-a/viet-nam/binh-thuan/nha-hang-india-flavors
binh-thuan,Nhà hàng Marvelous - Mũi Né Phan Thiết,https://gody.vn/chau-a/viet-nam/binh-thuan/nha-hang-marvelous
binh-thuan,Nhà hàng Mũi Né Deli - Phan Thiết,https://gody.vn/chau-a/viet-nam/binh-thuan/nha-hang-mui-ne-deli
binh-thuan,Nhà Hàng Như Lin - Mũi Né Phan Thiết,https://gody.vn/chau-a/viet-nam/binh-thuan/nha-hang-nhu-lin
binh-thuan,Resort Sea Links - Mũi Né Phan Thiết,https://gody.vn/chau-a/viet-nam/binh-thuan/resort-sea-links
binh-thuan,Sơn Mỹ Beach - Lagi,https://gody.vn/chau-a/viet-nam/binh-thuan/son-my-beach
binh-thuan,Sòng bạc GMC Mũi Né (Casino GMC Mui Ne),https://gody.vn/chau-a/viet-nam/binh-thuan/song-bac-gmc-mui-ne-casino-gmc-mui-ne
binh-thuan,Suối Hồng (Suối Tiên) - Mũi Né,https://gody.vn/chau-a/viet-nam/binh-thuan/suoi-hong-suoi-tien
binh-thuan,Thác Daguri,https://gody.vn/chau-a/viet-nam/binh-thuan/thac-daguri
binh-thuan,Thánh tượng Đức Mẹ Tàpao,https://gody.vn/chau-a/viet-nam/binh-thuan/thanh-tuong-duc-me-tapao
binh-thuan,Tháp Poshanư - Phan Thiết,https://gody.vn/chau-a/viet-nam/binh-thuan/thap-poshanu
binh-thuan,Trạm ăn The Eateria - Mũi Né Phan Thiết,https://gody.vn/chau-a/viet-nam/binh-thuan/tram-an-the-eateria
binh-thuan,Trường Dục Thanh - Phan Thiết,https://gody.vn/chau-a/viet-nam/binh-thuan/truong-duc-thanh
binh-thuan,Vườn thanh long Lâm Xuân Phúc,https://gody.vn/chau-a/viet-nam/binh-thuan/vuon-thanh-long-lam-xuan-phuc
binh-thuan,Vườn thú mini Vita Garden - Mũi Né Phan Thiết,https://gody.vn/chau-a/viet-nam/binh-thuan/vuon-thu-mini-vita-garden
binh-thuan,Phan Thiết,https://gody.vn/chau-a/viet-nam/binh-thuan/phan-thiet
binh-thuan,Đảo Phú Quý,https://gody.vn/chau-a/viet-nam/binh-thuan/dao-phu-quy
quang-ngai,Ba làng An (Three An village),https://gody.vn/chau-a/viet-nam/quang-ngai/ba-lang-an-three-an-village
quang-ngai,Bãi biển Châu Me,https://gody.vn/chau-a/viet-nam/quang-ngai/bai-bien-chau-me
quang-ngai,Bãi biển Minh Tân,https://gody.vn/chau-a/viet-nam/quang-ngai/bai-bien-minh-tan
quang-ngai,Bãi Dừa- Tư Nghĩa,https://gody.vn/chau-a/viet-nam/quang-ngai/bai-dua-tu-nghia
quang-ngai,Bảo tàng Khởi nghĩa Ba Tơ,https://gody.vn/chau-a/viet-nam/quang-ngai/bao-tang-khoi-nghia-ba-to
quang-ngai,Biển Dung Quất (Dung Quat Beach),https://gody.vn/chau-a/viet-nam/quang-ngai/bien-dung-quat-dung-quat-beach
quang-ngai,Biển Khe Hai,https://gody.vn/chau-a/viet-nam/quang-ngai/bien-khe-hai
quang-ngai,Biển Mỹ Khê (My Khe Beach),https://gody.vn/chau-a/viet-nam/quang-ngai/bien-my-khe-my-khe-beach
quang-ngai,Biển Sa Huỳnh (Sa Huynh Beach),https://gody.vn/chau-a/viet-nam/quang-ngai/bien-sa-huynh-sa-huynh-beach
quang-ngai,Chùa Đục- Quan Âm Đài,https://gody.vn/chau-a/viet-nam/quang-ngai/chua-duc-quan-am-dai
quang-ngai,Chùa Hang Quãng Ngãi,https://gody.vn/chau-a/viet-nam/quang-ngai/chua-hang-quang-ngai
quang-ngai,Chùa Ông Thu Xà,https://gody.vn/chau-a/viet-nam/quang-ngai/chua-ong-thu-xa
quang-ngai,Chùa Thiên Ấn,https://gody.vn/chau-a/viet-nam/quang-ngai/chua-thien-an
quang-ngai,Cổ Lũy Cô Thôn,https://gody.vn/chau-a/viet-nam/quang-ngai/co-luy-co-thon
quang-ngai,Cửa biển Sa Cần,https://gody.vn/chau-a/viet-nam/quang-ngai/cua-bien-sa-can
quang-ngai,Cung đường Trường Sơn Đông Quảng Ngãi,https://gody.vn/chau-a/viet-nam/quang-ngai/cung-duong-truong-son-dong-quang-ngai
quang-ngai,Đảo bé Lý Sơn,https://gody.vn/chau-a/viet-nam/quang-ngai/dao-be-ly-son
quang-ngai,Đảo Lý Sơn,https://gody.vn/chau-a/viet-nam/quang-ngai/dao-ly-son
quang-ngai,Đèo Long Môn,https://gody.vn/chau-a/viet-nam/quang-ngai/deo-long-mon
quang-ngai,Đèo Vi Ô Lắc (Vi O Lac Pass),https://gody.vn/chau-a/viet-nam/quang-ngai/deo-vi-o-lac-vi-o-lac-pass
quang-ngai,Di tích khởi nghĩa Trà Bồng,https://gody.vn/chau-a/viet-nam/quang-ngai/di-tich-khoi-nghia-tra-bong
quang-ngai,Điện Trường Bà,https://gody.vn/chau-a/viet-nam/quang-ngai/dien-truong-ba
quang-ngai,Gành Yến (Birdnest rapids),https://gody.vn/chau-a/viet-nam/quang-ngai/ganh-yen-birdnest-rapids
quang-ngai,Hà Nhai Vãn Độ,https://gody.vn/chau-a/viet-nam/quang-ngai/ha-nhai-van-do
quang-ngai,Hồ Thạch Nham,https://gody.vn/chau-a/viet-nam/quang-ngai/ho-thach-nham
quang-ngai,Khu Bảo Tồn Thiên Nhiên Kon Chư Răng Quảng Ngãi,https://gody.vn/chau-a/viet-nam/quang-ngai/khu-bao-ton-thien-nhien-kon-chu-rang-quang-ngai
quang-ngai,Khu chứng tích Mỹ Lai,https://gody.vn/chau-a/viet-nam/quang-ngai/khu-chung-tich-my-lai
quang-ngai,Khu chứng tích tội ác Sơn Mỹ,https://gody.vn/chau-a/viet-nam/quang-ngai/khu-chung-tich-toi-ac-son-my
quang-ngai,Khu di tích nhật ký Đặng Thùy Trâm,https://gody.vn/chau-a/viet-nam/quang-ngai/khu-di-tich-nhat-ky-dang-thuy-tram
quang-ngai,Khu du lịch Thiên Đàng,https://gody.vn/chau-a/viet-nam/quang-ngai/khu-du-lich-thien-dang
quang-ngai,Khu tưởng niệm Thủ tướng Phạm Văn Đồng (Pham Van Dong Memorial House),https://gody.vn/chau-a/viet-nam/quang-ngai/khu-tuong-niem-thu-tuong-pham-van-dong-pham-van-dong-memorial-house
quang-ngai,La Hà Thạch Trận,https://gody.vn/chau-a/viet-nam/quang-ngai/la-ha-thach-tran
quang-ngai,Làng bích họa Bình An,https://gody.vn/chau-a/viet-nam/quang-ngai/lang-bich-hoa-binh-an
quang-ngai,Làng bích họa Bình Hải (Binh Hai mural village),https://gody.vn/chau-a/viet-nam/quang-ngai/lang-bich-hoa-binh-hai-binh-hai-mural-village
quang-ngai,Làng cổ Thiên Xuân,https://gody.vn/chau-a/viet-nam/quang-ngai/lang-co-thien-xuan
quang-ngai,Long Đầu Hí Thủy,https://gody.vn/chau-a/viet-nam/quang-ngai/long-dau-hi-thuy
quang-ngai,Nhà cổ Lý Sơn (Ancient House in Ly Son),https://gody.vn/chau-a/viet-nam/quang-ngai/nha-co-ly-son-ancient-house-in-ly-son
quang-ngai,Núi Cà Đam (Ca Dam Moutain),https://gody.vn/chau-a/viet-nam/quang-ngai/nui-ca-dam-ca-dam-moutain
quang-ngai,Núi Long Phụng- Chùa Ông Rau,https://gody.vn/chau-a/viet-nam/quang-ngai/nui-long-phung-chua-ong-rau
quang-ngai,Núi Răng Cưa,https://gody.vn/chau-a/viet-nam/quang-ngai/nui-rang-cua
quang-ngai,Núi Thiên Ấn (Thien An Mountain),https://gody.vn/chau-a/viet-nam/quang-ngai/nui-thien-an-thien-an-mountain
quang-ngai,Phố cổ Thu Xà,https://gody.vn/chau-a/viet-nam/quang-ngai/pho-co-thu-xa
quang-ngai,Ruộng muối Sa Huỳnh (Sa Huynh Salt Field),https://gody.vn/chau-a/viet-nam/quang-ngai/ruong-muoi-sa-huynh-sa-huynh-salt-field
quang-ngai,Sông Trà Khúc,https://gody.vn/chau-a/viet-nam/quang-ngai/song-tra-khuc
quang-ngai,Suối Chí Quảng Ngãi,https://gody.vn/chau-a/viet-nam/quang-ngai/suoi-chi-quang-ngai
quang-ngai,Suối nước nóng Nghĩa Thuận,https://gody.vn/chau-a/viet-nam/quang-ngai/suoi-nuoc-nong-nghia-thuan
quang-ngai,Thác Cà Đú,https://gody.vn/chau-a/viet-nam/quang-ngai/thac-ca-du
quang-ngai,Thác Lũng Ồ,https://gody.vn/chau-a/viet-nam/quang-ngai/thac-lung-o
quang-ngai,Thác Trắng (White Waterfall),https://gody.vn/chau-a/viet-nam/quang-ngai/thac-trang-white-waterfall
quang-ngai,Thạch bích tà dương,https://gody.vn/chau-a/viet-nam/quang-ngai/thach-bich-ta-duong
quang-ngai,Thạch Ky Điếu Tẩu,https://gody.vn/chau-a/viet-nam/quang-ngai/thach-ky-dieu-tau
quang-ngai,Thành Châu Sa (Chau Sa Castle),https://gody.vn/chau-a/viet-nam/quang-ngai/thanh-chau-sa-chau-sa-castle
quang-ngai,Thành Cổ Quảng Ngãi,https://gody.vn/chau-a/viet-nam/quang-ngai/thanh-co-quang-ngai
quang-ngai,Thảo nguyên Bùi Hui (Bui Hui Meadow),https://gody.vn/chau-a/viet-nam/quang-ngai/thao-nguyen-bui-hui-bui-hui-meadow
quang-ngai,Thiên Bút Phê Vân,https://gody.vn/chau-a/viet-nam/quang-ngai/thien-but-phe-van
quang-ngai,Trường lũy Quảng Ngãi,https://gody.vn/chau-a/viet-nam/quang-ngai/truong-luy-quang-ngai
quang-ngai,Vịnh Dung Quất,https://gody.vn/chau-a/viet-nam/quang-ngai/vinh-dung-quat
ninh-binh,Bảo tàng Ninh Bình,https://gody.vn/chau-a/viet-nam/ninh-binh/bao-tang-ninh-binh
ninh-binh,Chùa Bái Đính,https://gody.vn/chau-a/viet-nam/ninh-binh/chua-bai-dinh
ninh-binh,Chùa Địch Lộng,https://gody.vn/chau-a/viet-nam/ninh-binh/chua-dich-long
ninh-binh,Cố đô Hoa Lư (Hoa Lu monument),https://gody.vn/chau-a/viet-nam/ninh-binh/co-do-hoa-lu-hoa-lu-monument
ninh-binh,Đầm Vân Long,https://gody.vn/chau-a/viet-nam/ninh-binh/dam-van-long-ninh-binh
ninh-binh,Đền Thái Vi,https://gody.vn/chau-a/viet-nam/ninh-binh/den-thai-vi
ninh-binh,Đền thờ Trương Hán Siêu,https://gody.vn/chau-a/viet-nam/ninh-binh/den-tho-truong-han-sieu
ninh-binh,Đền thờ vua Đinh Tiên Hoàng (Temple of Dinh Tien Hoang),https://gody.vn/chau-a/viet-nam/ninh-binh/den-tho-vua-dinh-tien-hoang-temple-of-dinh-tien-hoang
ninh-binh,Đền thờ vua Lê Đại Hành,https://gody.vn/chau-a/viet-nam/ninh-binh/den-tho-vua-le-dai-hanh
ninh-binh,Đền Trần (Tran temple),https://gody.vn/chau-a/viet-nam/ninh-binh/den-tran-tran-temple
ninh-binh,Động Am Tiên,https://gody.vn/chau-a/viet-nam/ninh-binh/dong-am-tien
ninh-binh,Hang Múa,https://gody.vn/chau-a/viet-nam/ninh-binh/hang-mua-ninh-binh
ninh-binh,Hành cung Vũ Lâm,https://gody.vn/chau-a/viet-nam/ninh-binh/hanh-cung-vu-lam
ninh-binh,Hồ Đồng Chương,https://gody.vn/chau-a/viet-nam/ninh-binh/ho-dong-chuong
ninh-binh,Khu du lịch sinh thái Hồ Đồng Thái (Dong Thai Lake),https://gody.vn/chau-a/viet-nam/ninh-binh/khu-du-lich-sinh-thai-ho-dong-thai-dong-thai-lake
ninh-binh,Nhà thờ Phát Diệm ( Phat Diem Church),https://gody.vn/chau-a/viet-nam/ninh-binh/nha-tho-phat-diem-phat-diem-church
ninh-binh,Núi Non Nước,https://gody.vn/chau-a/viet-nam/ninh-binh/nui-non-nuoc
ninh-binh,Phủ Đột (Phu Dot),https://gody.vn/chau-a/viet-nam/ninh-binh/phu-dot-phu-dot
ninh-binh,Phủ Khống (Phu Khong),https://gody.vn/chau-a/viet-nam/ninh-binh/phu-khong-phu-khong
ninh-binh,Tam Cốc - Bích Động,https://gody.vn/chau-a/viet-nam/ninh-binh/tam-coc-bich-dong
ninh-binh,Tràng An,https://gody.vn/chau-a/viet-nam/ninh-binh/trang-an
ninh-binh,Vườn chim Thung Nham,https://gody.vn/chau-a/viet-nam/ninh-binh/vuon-chim-thung-nham
ninh-binh,Vườn quốc gia Cúc Phương,https://gody.vn/chau-a/viet-nam/ninh-binh/vuon-quoc-gia-cuc-phuong
ninh-binh,Đi đến,https://gody.vn/chau-a/viet-nam/ninh-binh/di-den
ninh-binh,Đi lại,https://gody.vn/chau-a/viet-nam/ninh-binh/di-lai
ninh-binh,Ăn uống,https://gody.vn/chau-a/viet-nam/ninh-binh/an-uong
ninh-binh,Mua sắm,https://gody.vn/chau-a/viet-nam/ninh-binh/mua-sam
ninh-binh,Đi khi nào,https://gody.vn/chau-a/viet-nam/ninh-binh/di-khi-nao
thua-thien-hue,"1976 Cafe, Hue",https://gody.vn/chau-a/viet-nam/thua-thien-hue/1976-cafe-hue
thua-thien-hue,An Cựu City (Huế),https://gody.vn/chau-a/viet-nam/thua-thien-hue/an-cuu-city-hue
thua-thien-hue,Angsana Lăng Cô (Huế),https://gody.vn/chau-a/viet-nam/thua-thien-hue/angsana-lang-co-hue
thua-thien-hue,Bà Sửu - Bánh Ướt Heo Quay (Phú Lộc - Huế),https://gody.vn/chau-a/viet-nam/thua-thien-hue/ba-suu-banh-uot-heo-quay-phu-loc-hue
thua-thien-hue,Bãi biển Cảnh Dương (Canh Duong beach),https://gody.vn/chau-a/viet-nam/thua-thien-hue/bai-bien-canh-duong-canh-duong-beach
thua-thien-hue,Bãi Biển Lăng Cô,https://gody.vn/chau-a/viet-nam/thua-thien-hue/bai-bien-lang-co
thua-thien-hue,Bãi Biển Thuận An,https://gody.vn/chau-a/viet-nam/thua-thien-hue/bai-bien-thuan-an
thua-thien-hue,Bánh Cung Đình Triều Nguyễn,https://gody.vn/chau-a/viet-nam/thua-thien-hue/banh-cung-dinh-trieu-nguyen
thua-thien-hue,Bánh Lọc Mụ Cai (Huế),https://gody.vn/chau-a/viet-nam/thua-thien-hue/banh-loc-mu-cai-hue
thua-thien-hue,Bảo tàng Cổ vật Cung đình Huế (Museum of Royal Antiquities),https://gody.vn/chau-a/viet-nam/thua-thien-hue/bao-tang-co-vat-cung-dinh-hue-museum-of-royal-antiquities
thua-thien-hue,Bảo Tàng Hồ Chí Minh - Huế (Ho Chi Minh museum),https://gody.vn/chau-a/viet-nam/thua-thien-hue/bao-tang-ho-chi-minh-hue-ho-chi-minh-museum
thua-thien-hue,Bảo tàng lịch sử cách mạng Thừa Thiên Huế,https://gody.vn/chau-a/viet-nam/thua-thien-hue/bao-tang-lich-su-cach-mang-thua-thien-hue
thua-thien-hue,Bảo tàng Nghệ thuật tranh thêu XQ,https://gody.vn/chau-a/viet-nam/thua-thien-hue/bao-tang-nghe-thuat-tranh-theu-xq
thua-thien-hue,Biển Lăng Cô,https://gody.vn/chau-a/viet-nam/thua-thien-hue/bien-lang-co
thua-thien-hue,Biển Lăng Cô (Lang Co Beach),https://gody.vn/chau-a/viet-nam/thua-thien-hue/bien-lang-co-lang-co-beach
thua-thien-hue,"Bún Bò Mệ Kéo (Huế, Việt Nam)",https://gody.vn/chau-a/viet-nam/thua-thien-hue/bun-bo-me-keo-hue-viet-nam
thua-thien-hue,Cầu Ngói Thanh Toàn,https://gody.vn/chau-a/viet-nam/thua-thien-hue/cau-ngoi-thanh-toan
thua-thien-hue,Cầu Tràng Tiền (Trang Tien Bridge),https://gody.vn/chau-a/viet-nam/thua-thien-hue/cau-trang-tien-trang-tien-bridge
thua-thien-hue,Chợ An Cựu (Huế),https://gody.vn/chau-a/viet-nam/thua-thien-hue/cho-an-cuu-hue
thua-thien-hue,Chợ Đông Ba (Dong Ba Market),https://gody.vn/chau-a/viet-nam/thua-thien-hue/cho-dong-ba-dong-ba-market
thua-thien-hue,Chùa Bảo Quốc (Bao Quoc Pagoda),https://gody.vn/chau-a/viet-nam/thua-thien-hue/chua-bao-quoc-bao-quoc-pagoda
thua-thien-hue,Chùa Diệu Đế (Dieu De Pagoda),https://gody.vn/chau-a/viet-nam/thua-thien-hue/chua-dieu-de-dieu-de-pagoda
thua-thien-hue,Chùa Huyền Không,https://gody.vn/chau-a/viet-nam/thua-thien-hue/chua-huyen-khong
thua-thien-hue,Chùa Huyền Không Sơn Thượng,https://gody.vn/chau-a/viet-nam/thua-thien-hue/chua-huyen-khong-son-thuong
thua-thien-hue,Chùa Thánh Duyên,https://gody.vn/chau-a/viet-nam/thua-thien-hue/chua-thanh-duyen
thua-thien-hue,Chùa Thiền Lâm,https://gody.vn/chau-a/viet-nam/thua-thien-hue/chua-thien-lam
thua-thien-hue,Chùa Thiền Lâm (Thien Lam Pagoda),https://gody.vn/chau-a/viet-nam/thua-thien-hue/chua-thien-lam-thien-lam-pagoda
thua-thien-hue,Chùa Thiên Mụ,https://gody.vn/chau-a/viet-nam/thua-thien-hue/chua-thien-mu
thua-thien-hue,Chùa Thiền Tôn,https://gody.vn/chau-a/viet-nam/thua-thien-hue/chua-thien-ton
thua-thien-hue,Chùa Từ Đàm (Tu Dam Pagoda),https://gody.vn/chau-a/viet-nam/thua-thien-hue/chua-tu-dam-tu-dam-pagoda
thua-thien-hue,Chùa Từ Hiếu (Tu Hieu Pagoda),https://gody.vn/chau-a/viet-nam/thua-thien-hue/chua-tu-hieu-tu-hieu-pagoda
thua-thien-hue,Chùa Vạn Phước,https://gody.vn/chau-a/viet-nam/thua-thien-hue/chua-van-phuoc
thua-thien-hue,Cồn Dã Viên (Huế),https://gody.vn/chau-a/viet-nam/thua-thien-hue/con-da-vien-hue
thua-thien-hue,"Con đường Bích Họa, Huế",https://gody.vn/chau-a/viet-nam/thua-thien-hue/con-duong-bich-hoa-hue
thua-thien-hue,"Cồn Hến, Huế",https://gody.vn/chau-a/viet-nam/thua-thien-hue/con-hen-hue
thua-thien-hue,Cổng Ngọ Môn quan (Meridian Gate),https://gody.vn/chau-a/viet-nam/thua-thien-hue/cong-ngo-mon-quan-meridian-gate
thua-thien-hue,Công viên Hồ Thủy Tiên - Huế,https://gody.vn/chau-a/viet-nam/thua-thien-hue/cong-vien-ho-thuy-tien-hue
thua-thien-hue,Cửa hàng nông dân Huế,https://gody.vn/chau-a/viet-nam/thua-thien-hue/cua-hang-nong-dan-hue
thua-thien-hue,Cung An Định Huế,https://gody.vn/chau-a/viet-nam/thua-thien-hue/cung-an-dinh-hue
thua-thien-hue,Cung Diên Thọ,https://gody.vn/chau-a/viet-nam/thua-thien-hue/cung-dien-tho
thua-thien-hue,Cung đình Huế,https://gody.vn/chau-a/viet-nam/thua-thien-hue/cung-dinh-hue
thua-thien-hue,Cửu vị thần công (Hue Royal Palace Cannon),https://gody.vn/chau-a/viet-nam/thua-thien-hue/cuu-vi-than-cong-hue-royal-palace-cannon
thua-thien-hue,"Đầm Lập An, Huế",https://gody.vn/chau-a/viet-nam/thua-thien-hue/dam-lap-an-hue
thua-thien-hue,Đầm Phá Cầu Hai (Huế),https://gody.vn/chau-a/viet-nam/thua-thien-hue/dam-pha-cau-hai-hue
thua-thien-hue,Đàn Nam Giao,https://gody.vn/chau-a/viet-nam/thua-thien-hue/dan-nam-giao
thua-thien-hue,Đan Viện Thiên An,https://gody.vn/chau-a/viet-nam/thua-thien-hue/dan-vien-thien-an
thua-thien-hue,Đền Huyền Trân Công Chúa Huế,https://gody.vn/chau-a/viet-nam/thua-thien-hue/den-huyen-tran-cong-chua-hue
thua-thien-hue,Đèo PêKe (Huế),https://gody.vn/chau-a/viet-nam/thua-thien-hue/deo-peke-hue
thua-thien-hue,Điện Hòn Chén,https://gody.vn/chau-a/viet-nam/thua-thien-hue/dien-hon-chen
thua-thien-hue,Điện Kiến Trung (Huế),https://gody.vn/chau-a/viet-nam/thua-thien-hue/dien-kien-trung-hue
thua-thien-hue,Điện Phụng Tiên (Huế),https://gody.vn/chau-a/viet-nam/thua-thien-hue/dien-phung-tien-hue
thua-thien-hue,Ðiện Thái Hoà,https://gody.vn/chau-a/viet-nam/thua-thien-hue/dien-thai-hoa
thua-thien-hue,Điện Thái Hòa (Thai Hoa Palace),https://gody.vn/chau-a/viet-nam/thua-thien-hue/dien-thai-hoa-thai-hoa-palace
thua-thien-hue,Điện Voi Ré,https://gody.vn/chau-a/viet-nam/thua-thien-hue/dien-voi-re
thua-thien-hue,Đình làng Thế Lại – Lại Thế,https://gody.vn/chau-a/viet-nam/thua-thien-hue/dinh-lang-the-lai-lai-the
thua-thien-hue,Đồi Ngọc Linh (Huế),https://gody.vn/chau-a/viet-nam/thua-thien-hue/doi-ngoc-linh-hue
thua-thien-hue,Đồi Vọng Cảnh,https://gody.vn/chau-a/viet-nam/thua-thien-hue/doi-vong-canh
thua-thien-hue,Duyệt Thị Đường (Huế),https://gody.vn/chau-a/viet-nam/thua-thien-hue/duyet-thi-duong-hue
thua-thien-hue,Epark Tam Giang Lagoon - Phá Tam Giang,https://gody.vn/chau-a/viet-nam/thua-thien-hue/epark-tam-giang-lagoon-pha-tam-giang
thua-thien-hue,Golden Land - Coffee and Food,https://gody.vn/chau-a/viet-nam/thua-thien-hue/golden-land-coffee-and-food
thua-thien-hue,Green Bamboo Shop Hue,https://gody.vn/chau-a/viet-nam/thua-thien-hue/green-bamboo-shop-hue
thua-thien-hue,Hải Vân Quan (Huế),https://gody.vn/chau-a/viet-nam/thua-thien-hue/hai-van-quan-hue
thua-thien-hue,Hiển Lâm Các,https://gody.vn/chau-a/viet-nam/thua-thien-hue/hien-lam-cac
thua-thien-hue,Hồ Quyền - Huế,https://gody.vn/chau-a/viet-nam/thua-thien-hue/ho-quyen-hue
thua-thien-hue,Chùa Huyền Không Sơn Thượng,https://gody.vn/chau-a/viet-nam/thua-thien-hue/huyen-khong-son-thuong
thua-thien-hue,Không gian văn hóa Lục Bộ (Phủ Nội Vụ),https://gody.vn/chau-a/viet-nam/thua-thien-hue/khong-gian-van-hoa-luc-bo-phu-noi-vu
thua-thien-hue,Khu Di Tích Lịch Sử Chín Hầm,https://gody.vn/chau-a/viet-nam/thua-thien-hue/khu-di-tich-lich-su-chin-ham
thua-thien-hue,Khu du lịch sinh thái - cộng đồng tại phường Thủy Biều,https://gody.vn/chau-a/viet-nam/thua-thien-hue/khu-du-lich-sinh-thai-cong-dong-tai-phuong-thuy-bieu
thua-thien-hue,Khu lưu niệm danh nhân Phan Bội Châu,https://gody.vn/chau-a/viet-nam/thua-thien-hue/khu-luu-niem-danh-nhan-phan-boi-chau
thua-thien-hue,Kinh thành Huế (Hue Imperial City),https://gody.vn/chau-a/viet-nam/thua-thien-hue/kinh-thanh-hue-hue-imperial-city
thua-thien-hue,Kỷ Đài - Cột Cờ Huế (The Flag Tower),https://gody.vn/chau-a/viet-nam/thua-thien-hue/ky-dai-cot-co-hue-the-flag-tower
thua-thien-hue,Lạc tịnh viên (Huế),https://gody.vn/chau-a/viet-nam/thua-thien-hue/lac-tinh-vien-hue
thua-thien-hue,Làng Cổ Phước Tích,https://gody.vn/chau-a/viet-nam/thua-thien-hue/lang-co-phuoc-tich
thua-thien-hue,Lăng Đồng Khánh (Imperial Tomb of Dong Khanh),https://gody.vn/chau-a/viet-nam/thua-thien-hue/lang-dong-khanh-imperial-tomb-of-dong-khanh
thua-thien-hue,Làng du lịch sinh thái về nguồn,https://gody.vn/chau-a/viet-nam/thua-thien-hue/lang-du-lich-sinh-thai-ve-nguon
thua-thien-hue,Lăng Gia Long (Gia Long Tomb),https://gody.vn/chau-a/viet-nam/thua-thien-hue/lang-gia-long-gia-long-tomb
thua-thien-hue,Lăng Khải Định,https://gody.vn/chau-a/viet-nam/thua-thien-hue/lang-khai-dinh
thua-thien-hue,Lăng Minh Mạng,https://gody.vn/chau-a/viet-nam/thua-thien-hue/lang-minh-mang
thua-thien-hue,Lăng mộ triều Nguyễn (Tombs of the Nguyen Dynasty),https://gody.vn/chau-a/viet-nam/thua-thien-hue/lang-mo-trieu-nguyen-tombs-of-the-nguyen-dynasty
thua-thien-hue,Làng nghề Tây Hồ (Huế),https://gody.vn/chau-a/viet-nam/thua-thien-hue/lang-nghe-tay-ho-hue
thua-thien-hue,Làng nón Phủ Cam (Huế),https://gody.vn/chau-a/viet-nam/thua-thien-hue/lang-non-phu-cam-hue
thua-thien-hue,Lăng Thiệu Trị (Tomb of King Thiệu Trị),https://gody.vn/chau-a/viet-nam/thua-thien-hue/lang-thieu-tri-tomb-of-king-thieu-tri
thua-thien-hue,Lăng Tự Đức,https://gody.vn/chau-a/viet-nam/thua-thien-hue/lang-tu-duc
thua-thien-hue,Nhà hàng chay Thiền Tâm (Thien Tam Vegetarian Restaurant),https://gody.vn/chau-a/viet-nam/thua-thien-hue/nha-hang-chay-thien-tam-thien-tam-vegetarian-restaurant
thua-thien-hue,"Nhà hàng cung đình Huế (Royal Park, Hue)",https://gody.vn/chau-a/viet-nam/thua-thien-hue/nha-hang-cung-dinh-hue-royal-park-hue
thua-thien-hue,Nhà hàng cung đình Tịnh Gia Viên,https://gody.vn/chau-a/viet-nam/thua-thien-hue/nha-hang-cung-dinh-tinh-gia-vien
thua-thien-hue,"Nhà Hàng Tre, Huế (TRE restaurant Hue)",https://gody.vn/chau-a/viet-nam/thua-thien-hue/nha-hang-tre-hue-tre-restaurant-hue
thua-thien-hue,Nhà hàng Vườn Khế (Les Jardins de La Carambole),https://gody.vn/chau-a/viet-nam/thua-thien-hue/nha-hang-vuon-khe-les-jardins-de-la-carambole
thua-thien-hue,Nhã nhạc cung đình Huế,https://gody.vn/chau-a/viet-nam/thua-thien-hue/nha-nhac-cung-dinh-hue
thua-thien-hue,Nhà thờ chính tòa Phủ Cam,https://gody.vn/chau-a/viet-nam/thua-thien-hue/nha-tho-chinh-toa-phu-cam
thua-thien-hue,Nhà thờ Đức Mẹ hằng cứu giúp (Hue Notre Dame Cathedral),https://gody.vn/chau-a/viet-nam/thua-thien-hue/nha-tho-duc-me-hang-cuu-giup-hue-notre-dame-cathedral
thua-thien-hue,Nhà trưng bày nông cụ Thanh Toàn,https://gody.vn/chau-a/viet-nam/thua-thien-hue/nha-trung-bay-nong-cu-thanh-toan
thua-thien-hue,Nhà Vườn An Hiên,https://gody.vn/chau-a/viet-nam/thua-thien-hue/nha-vuon-an-hien
thua-thien-hue,Nhà vườn Ngọc Sơn Công Chúa,https://gody.vn/chau-a/viet-nam/thua-thien-hue/nha-vuon-ngoc-son-cong-chua
thua-thien-hue,Nhà Vườn Nhà Hát Bến Xuân,https://gody.vn/chau-a/viet-nam/thua-thien-hue/nha-vuon-nha-hat-ben-xuan
thua-thien-hue,Nhà vườn Ý Thảo,https://gody.vn/chau-a/viet-nam/thua-thien-hue/nha-vuon-y-thao
thua-thien-hue,Nook Eatery,https://gody.vn/chau-a/viet-nam/thua-thien-hue/nook-eatery
thua-thien-hue,Núi Bạch Mã,https://gody.vn/chau-a/viet-nam/thua-thien-hue/nui-bach-ma
thua-thien-hue,Núi Ngự Bình,https://gody.vn/chau-a/viet-nam/thua-thien-hue/nui-ngu-binh
thua-thien-hue,Phá Tam Giang,https://gody.vn/chau-a/viet-nam/thua-thien-hue/pha-tam-giang
thua-thien-hue,Phố Đi Bộ Huế,https://gody.vn/chau-a/viet-nam/thua-thien-hue/pho-di-bo-hue
thua-thien-hue,Phố Tây Phạm Ngũ Lão (Huế),https://gody.vn/chau-a/viet-nam/thua-thien-hue/pho-tay-pham-ngu-lao-hue
thua-thien-hue,Phòng triển lãm nghệ thuật Điềm Phùng Thị,https://gody.vn/chau-a/viet-nam/thua-thien-hue/phong-trien-lam-nghe-thuat-diem-phung-thi
thua-thien-hue,Phủ đệ xứ Huế,https://gody.vn/chau-a/viet-nam/thua-thien-hue/phu-de-xu-hue
thua-thien-hue,Phu Văn Lâu (Huế),https://gody.vn/chau-a/viet-nam/thua-thien-hue/phu-van-lau-hue
thua-thien-hue,Rú Chá,https://gody.vn/chau-a/viet-nam/thua-thien-hue/ru-cha-hue
thua-thien-hue,Sân bay quốc tế Phú Bài,https://gody.vn/chau-a/viet-nam/thua-thien-hue/san-bay-quoc-te-phu-bai
thua-thien-hue,Show diễn áo dài Huế (Ao Dai Show),https://gody.vn/chau-a/viet-nam/thua-thien-hue/show-dien-ao-dai-hue-ao-dai-show
thua-thien-hue,Sơn Chà - Đảo Ngọc Xứ Huế,https://gody.vn/chau-a/viet-nam/thua-thien-hue/son-cha-dao-ngoc-xu-hue
thua-thien-hue,Sông Hương,https://gody.vn/chau-a/viet-nam/thua-thien-hue/song-huong
thua-thien-hue,Sông Hương (Perfume River),https://gody.vn/chau-a/viet-nam/thua-thien-hue/song-huong-perfume-river
thua-thien-hue,Suối Khoáng Nóng Alba Thanh Tân Huế,https://gody.vn/chau-a/viet-nam/thua-thien-hue/suoi-khoang-nong-alba-thanh-tan-hue
thua-thien-hue,Suối Voi Huế,https://gody.vn/chau-a/viet-nam/thua-thien-hue/suoi-voi-hue
thua-thien-hue,Tả Vu - Hữu Vu (Huế),https://gody.vn/chau-a/viet-nam/thua-thien-hue/ta-vu-huu-vu-hue
thua-thien-hue,Thái Bình Lâu,https://gody.vn/chau-a/viet-nam/thua-thien-hue/thai-binh-lau
thua-thien-hue,Thánh thất Vĩnh Lợi (Oratories Vĩnh Lợi),https://gody.vn/chau-a/viet-nam/thua-thien-hue/thanh-that-vinh-loi-oratories-vinh-loi
thua-thien-hue,Thế Tổ Miếu,https://gody.vn/chau-a/viet-nam/thua-thien-hue/the-to-mieu
thua-thien-hue,Thiền Viện Trúc Lâm Bạch Mã,https://gody.vn/chau-a/viet-nam/thua-thien-hue/thien-vien-truc-lam-bach-ma
thua-thien-hue,Tinh Cát Tường Quân (Cat Tuong Quan Zen House),https://gody.vn/chau-a/viet-nam/thua-thien-hue/tinh-cat-tuong-quan-cat-tuong-quan-zen-house
thua-thien-hue,Trà Đình Vũ Di (Huế),https://gody.vn/chau-a/viet-nam/thua-thien-hue/tra-dinh-vu-di-hue
thua-thien-hue,Trúc Chi Garden Hue,https://gody.vn/chau-a/viet-nam/thua-thien-hue/truc-chi-garden-hue
thua-thien-hue,Trường Quốc Học Huế,https://gody.vn/chau-a/viet-nam/thua-thien-hue/truong-quoc-hoc-hue
thua-thien-hue,Tứ Phương Vô Sự Lầu Cafe,https://gody.vn/chau-a/viet-nam/thua-thien-hue/tu-phuong-vo-su-lau-cafe
thua-thien-hue,Tượng Phan Bội Châu (Phan Boi Chau Street Monument),https://gody.vn/chau-a/viet-nam/thua-thien-hue/tuong-phan-boi-chau-phan-boi-chau-street-monument
thua-thien-hue,Văn Miếu Huế (Văn Thánh Huế),https://gody.vn/chau-a/viet-nam/thua-thien-hue/van-mieu-hue-van-thanh-hue
thua-thien-hue,Võ Thánh Miếu (Huế),https://gody.vn/chau-a/viet-nam/thua-thien-hue/vo-thanh-mieu-hue
thua-thien-hue,Vườn Cơ Hạ & Điện Khâm Văn,https://gody.vn/chau-a/viet-nam/thua-thien-hue/vuon-co-ha-dien-kham-van
thua-thien-hue,Vườn quốc gia Bạch Mã,https://gody.vn/chau-a/viet-nam/thua-thien-hue/vuon-quoc-gia-bach-ma
dong-nai,Khu cắm trại Tropical Eglamping,https://gody.vn/chau-a/viet-nam/dong-nai/cam-trai-tropical-eglamping
dong-nai,Chùa Viên Giác Thiền Tự- Chùa Đèn Cầy (Vien Giac Thien Tu Pagoda),https://gody.vn/chau-a/viet-nam/dong-nai/chua-vien-giac-thien-tu-chua-den-cay-vien-giac-thien-tu-pagoda
dong-nai,Công viên Suối Mơ,https://gody.vn/chau-a/viet-nam/dong-nai/cong-vien-suoi-mo
dong-nai,Đảo Ó– Đồng Nai,https://gody.vn/chau-a/viet-nam/dong-nai/dao-o-dong-nai
dong-nai,Đền Bửu Phong (Buu Phong Temple),https://gody.vn/chau-a/viet-nam/dong-nai/den-buu-phong-buu-phong-temple
dong-nai,Du Lich Vườn Trái Cây Long Khánh Út Tiêu,https://gody.vn/chau-a/viet-nam/dong-nai/du-lich-vuon-trai-cay-long-khanh-ut-tieu
dong-nai,Hạt Cỏ Farmstay,https://gody.vn/chau-a/viet-nam/dong-nai/hat-co-farmstay
dong-nai,Hồ Đa Tôn,https://gody.vn/chau-a/viet-nam/dong-nai/ho-da-ton
dong-nai,Hồ Trị An,https://gody.vn/chau-a/viet-nam/dong-nai/ho-tri-an
dong-nai,Khu bảo tồn thiên nhiên và văn hóa Đồng Nai (Dong Nai Culture And Nature Reserve),https://gody.vn/chau-a/viet-nam/dong-nai/khu-bao-ton-thien-nhien-va-van-hoa-dong-nai-dong-nai-culture-and-nature-reserve
dong-nai,Khu du lịch Bằng Lăng Tím,https://gody.vn/chau-a/viet-nam/dong-nai/khu-du-lich-bang-lang-tim
dong-nai,Khu du lịch Bò Cạp Vàng,https://gody.vn/chau-a/viet-nam/dong-nai/khu-du-lich-bo-cap-vang
dong-nai,Khu du lịch Bửu Long,https://gody.vn/chau-a/viet-nam/dong-nai/khu-du-lich-buu-long
dong-nai,Khu du lịch Colorland,https://gody.vn/chau-a/viet-nam/dong-nai/khu-du-lich-colorland
dong-nai,Khu du lịch sinh thái bàu nước sôi – Thác Mai,https://gody.vn/chau-a/viet-nam/dong-nai/khu-du-lich-sinh-thai-bau-nuoc-soi-thac-mai
dong-nai,Khu du lịch sinh thái Cao Minh,https://gody.vn/chau-a/viet-nam/dong-nai/khu-du-lich-sinh-thai-cao-minh
dong-nai,Khu Du Lịch Sinh Thái Vườn Xoài (Mango Garden Resort),https://gody.vn/chau-a/viet-nam/dong-nai/khu-du-lich-sinh-thai-vuon-xoai-mango-garden-resort
dong-nai,Khu du lịch thác Giang Điền (Giang Dien Waterfall resort),https://gody.vn/chau-a/viet-nam/dong-nai/khu-du-lich-thac-giang-dien-giang-dien-waterfall-resort
dong-nai,Làng Du lịch Tre Việt,https://gody.vn/chau-a/viet-nam/dong-nai/lang-du-lich-tre-viet
dong-nai,Núi Chứa Chan (Chua Chan Mountain),https://gody.vn/chau-a/viet-nam/dong-nai/nui-chua-chan-chua-chan-mountain
dong-nai,Thác Ba Zọt,https://gody.vn/chau-a/viet-nam/dong-nai/thac-ba-zot
dong-nai,Thác Đá Hàn (Da Han Waterfall),https://gody.vn/chau-a/viet-nam/dong-nai/thac-da-han-da-han-waterfall
dong-nai,Văn miếu Trấn Biên,https://gody.vn/chau-a/viet-nam/dong-nai/van-mieu-tran-bien
dong-nai,Vườn quốc gia Cát Tiên (Cat Tien National Park),https://gody.vn/chau-a/viet-nam/dong-nai/vuon-quoc-gia-cat-tien-cat-tien-national-park
thai-binh,Bãi biển Cồn Đen,https://gody.vn/chau-a/viet-nam/thai-binh/bai-bien-con-den
thai-binh,Bãi biển Cồn Vành,https://gody.vn/chau-a/viet-nam/thai-binh/bai-bien-con-vanh
thai-binh,Bãi biển Đồng Châu,https://gody.vn/chau-a/viet-nam/thai-binh/bai-bien-dong-chau
thai-binh,Bảo Tàng Thái Bình,https://gody.vn/chau-a/viet-nam/thai-binh/bao-tang-thai-binh
thai-binh,Cánh Đồng Hoa Cải Hồng Lý,https://gody.vn/chau-a/viet-nam/thai-binh/canh-dong-hoa-cai-hong-ly
thai-binh,Cầu Bo Thái Bình,https://gody.vn/chau-a/viet-nam/thai-binh/cau-bo-thai-binh
thai-binh,Chùa Keo Thái Bình (Keo Pagoda),https://gody.vn/chau-a/viet-nam/thai-binh/chua-keo-thai-binh-keo-pagoda
thai-binh,Đền Đồng Bằng,https://gody.vn/chau-a/viet-nam/thai-binh/den-dong-bang
thai-binh,Đền Đồng Xâm và làng chạm bạc Đồng Xâm,https://gody.vn/chau-a/viet-nam/thai-binh/den-dong-xam-va-lang-cham-bac-dong-xam
thai-binh,Đền Tiên La,https://gody.vn/chau-a/viet-nam/thai-binh/den-tien-la
thai-binh,Đền Trần Thái Bình,https://gody.vn/chau-a/viet-nam/thai-binh/den-tran-thai-binh
thai-binh,Đền Vua Rộc (King Roc Temple),https://gody.vn/chau-a/viet-nam/thai-binh/den-vua-roc-king-roc-temple
thai-binh,Khách sạn Golden Thái Bình (Golden Thai Binh Hotel),https://gody.vn/chau-a/viet-nam/thai-binh/khach-san-golden-thai-binh-golden-thai-binh-hotel
thai-binh,Khách sạn Petro Thái Bình,https://gody.vn/chau-a/viet-nam/thai-binh/khach-san-petro-thai-binh
thai-binh,Khách sạn White Palace (White Palace Hotel),https://gody.vn/chau-a/viet-nam/thai-binh/khach-san-white-palace-white-palace-hotel
thai-binh,Khu du lịch sinh thái Cồn Đen (Con Den ecological tourist complex),https://gody.vn/chau-a/viet-nam/thai-binh/khu-du-lich-sinh-thai-con-den-con-den-ecological-tourist-complex
thai-binh,Làng dệt chiếu Hới,https://gody.vn/chau-a/viet-nam/thai-binh/lang-det-chieu-hoi
thai-binh,Làng nghề dệt đũi Nam Cao,https://gody.vn/chau-a/viet-nam/thai-binh/lang-nghe-det-dui-nam-cao
thai-binh,"Làng nghề dệt khăn, dệt vải Phương La",https://gody.vn/chau-a/viet-nam/thai-binh/lang-nghe-det-khan-det-vai-phuong-la
thai-binh,Làng vườn Bách Thuận,https://gody.vn/chau-a/viet-nam/thai-binh/lang-vuon-bach-thuan
thai-binh,Ngọn hải đăng Ba Lạt,https://gody.vn/chau-a/viet-nam/thai-binh/ngon-hai-dang-ba-lat
thai-binh,Nhà Thờ Chính Toà Giáo Phận Thái Bình,https://gody.vn/chau-a/viet-nam/thai-binh/nha-tho-chinh-toa-giao-phan-thai-binh
thai-binh,Nhà Thờ Giáo Xứ Bác Trạch,https://gody.vn/chau-a/viet-nam/thai-binh/nha-tho-giao-xu-bac-trach
ha-tinh,Bãi biển Hoành Sơn (Hoanh Son Beach),https://gody.vn/chau-a/viet-nam/ha-tinh/bai-bien-hoanh-son-hoanh-son-beach
ha-tinh,Bãi đá Kỳ Xuân (Ky Xuan Stone Beach),https://gody.vn/chau-a/viet-nam/ha-tinh/bai-da-ky-xuan-ky-xuan-stone-beach
ha-tinh,Bánh bèo Hà Tĩnh,https://gody.vn/chau-a/viet-nam/ha-tinh/banh-beo-ha-tinh
ha-tinh,Bánh cu đơ Ông bà Thư Viện,https://gody.vn/chau-a/viet-nam/ha-tinh/banh-cu-do-ong-ba-thu-vien
ha-tinh,Biển Thiên Cầm,https://gody.vn/chau-a/viet-nam/ha-tinh/bien-thien-cam
ha-tinh,Biển Xuân Thành (Xuan Thanh Beach),https://gody.vn/chau-a/viet-nam/ha-tinh/bien-xuan-thanh-xuan-thanh-beach
ha-tinh,Chùa Chân Tiên,https://gody.vn/chau-a/viet-nam/ha-tinh/chua-chan-tien
ha-tinh,Chùa Hương Tích,https://gody.vn/chau-a/viet-nam/ha-tinh/chua-huong-tich
ha-tinh,Chùa Tượng Sơn (Tuong Son Pagoda),https://gody.vn/chau-a/viet-nam/ha-tinh/chua-tuong-son-tuong-son-pagoda
ha-tinh,Đặc sản Gỏi cá đục,https://gody.vn/chau-a/viet-nam/ha-tinh/dac-san-goi-ca-duc
ha-tinh,Đặc sản Ram bánh mướt,https://gody.vn/chau-a/viet-nam/ha-tinh/dac-san-ram-banh-muot
ha-tinh,Đền Chợ Củi (Cho Cui Temple),https://gody.vn/chau-a/viet-nam/ha-tinh/den-cho-cui-cho-cui-temple
ha-tinh,Đồi chè Hương Trà (Huong Tra tea hill),https://gody.vn/chau-a/viet-nam/ha-tinh/doi-che-huong-tra-huong-tra-tea-hill
ha-tinh,Đường qua đèo Ngang,https://gody.vn/chau-a/viet-nam/ha-tinh/duong-qua-deo-ngang
ha-tinh,Khu bảo tồn thiên nhiên Kẻ Gỗ,https://gody.vn/chau-a/viet-nam/ha-tinh/khu-bao-ton-thien-nhien-ke-go
ha-tinh,Khu di tích Trần Phú,https://gody.vn/chau-a/viet-nam/ha-tinh/khu-di-tich-tran-phu
ha-tinh,Khu du lịch sinh thái Đồng Nôi (Dong Noi Eco-tourism),https://gody.vn/chau-a/viet-nam/ha-tinh/khu-du-lich-sinh-thai-dong-noi-dong-noi-eco-tourism
ha-tinh,Khu du lịch sinh thái hồ Trại Tiểu,https://gody.vn/chau-a/viet-nam/ha-tinh/khu-du-lich-sinh-thai-ho-trai-tieu
ha-tinh,Khu du lịch sinh thái nhà vườn Đức Đường (Duc Duong Eco-touism),https://gody.vn/chau-a/viet-nam/ha-tinh/khu-du-lich-sinh-thai-nha-vuon-duc-duong-duc-duong-eco-touism
ha-tinh,Khu lưu niệm Nguyễn Du,https://gody.vn/chau-a/viet-nam/ha-tinh/khu-luu-niem-nguyen-du
ha-tinh,Làng cá Cửa Nhượng,https://gody.vn/chau-a/viet-nam/ha-tinh/lang-ca-cua-nhuong
ha-tinh,Ngã Ba Đồng Lộc,https://gody.vn/chau-a/viet-nam/ha-tinh/nga-ba-dong-loc
ha-tinh,Núi Hồng Lĩnh,https://gody.vn/chau-a/viet-nam/ha-tinh/nui-hong-linh
ha-tinh,Suối nước nóng Sơn Kim,https://gody.vn/chau-a/viet-nam/ha-tinh/suoi-nuoc-nong-son-kim
ha-tinh,Thác Vũ Môn (Vu Mon Waterfall),https://gody.vn/chau-a/viet-nam/ha-tinh/thac-vu-mon-vu-mon-waterfall
ha-tinh,Vinpearl Cửa Sót – Lộc Hà,https://gody.vn/chau-a/viet-nam/ha-tinh/vinpearl-cua-sot-loc-ha
ha-tinh,Vườn quốc gia Vũ Quang,https://gody.vn/chau-a/viet-nam/ha-tinh/vuon-quoc-gia-vu-quang
dak-lak,Bảo tàng Đắk Lắk - Buôn Ma Thuột,https://gody.vn/chau-a/viet-nam/dak-lak/bao-tang-dak-lak
dak-lak,Bảo Tàng Dân Tộc Đăk Lăk (Buôn Ma Thuột),https://gody.vn/chau-a/viet-nam/dak-lak/bao-tang-dan-toc-dak-lak
dak-lak,Biệt Điện Bảo Đại - Buôn Ma Thuột,https://gody.vn/chau-a/viet-nam/dak-lak/biet-dien-bao-dai
dak-lak,Buôn Akô Đhông - Buôn Ma Thuột,https://gody.vn/chau-a/viet-nam/dak-lak/buon-ako-dhong
dak-lak,Buôn Đôn,https://gody.vn/chau-a/viet-nam/dak-lak/buon-don
dak-lak,Chợ trung tâm Buôn Ma Thuột,https://gody.vn/chau-a/viet-nam/dak-lak/cho-trung-tam-buon-ma-thuat
dak-lak,Chùa Dược Sư - Buôn Ma Thuột,https://gody.vn/chau-a/viet-nam/dak-lak/chua-duoc-su-dak-lak
dak-lak,Chùa Hồng Phước - Buôn Ma Thuột,https://gody.vn/chau-a/viet-nam/dak-lak/chua-hong-phuoc
dak-lak,Chùa Khải Ðoan - Buôn Ma Thuột,https://gody.vn/chau-a/viet-nam/dak-lak/chua-khai-doan
dak-lak,Chùa Lâm Tỳ Ni - Buôn Ma Thuột,https://gody.vn/chau-a/viet-nam/dak-lak/chua-lam-ty-ni
dak-lak,Chùa Liên Trì - Buôn Ma Thuột,https://gody.vn/chau-a/viet-nam/dak-lak/chua-lien-tri
dak-lak,Chùa Phước An,https://gody.vn/chau-a/viet-nam/dak-lak/chua-phuoc-an
dak-lak,Cụm thác Dray Sap-Dray Nur-Gia Long,https://gody.vn/chau-a/viet-nam/dak-lak/cum-thac-dray-sap-dray-nur-gia-long
dak-lak,Hang Đá Đăk Tuar,https://gody.vn/chau-a/viet-nam/dak-lak/hang-da-dak-tuar
dak-lak,Hồ Ea Kao - Buôn Ma Thuột,https://gody.vn/chau-a/viet-nam/dak-lak/ho-ea-kao
dak-lak,Hồ Lắk,https://gody.vn/chau-a/viet-nam/dak-lak/ho-lak
dak-lak,Hồ Lăk ( Lak Lake ),https://gody.vn/chau-a/viet-nam/dak-lak/ho-lak-lak-lake
dak-lak,K'Bin Camp - Buôn Ma Thuột,https://gody.vn/chau-a/viet-nam/dak-lak/kbin-camp
dak-lak,Khu chụp ảnh dã ngoại Lee' Hillside,https://gody.vn/chau-a/viet-nam/dak-lak/khu-chup-anh-da-ngoai-lee-hillside
dak-lak,Lak Tented Camp,https://gody.vn/chau-a/viet-nam/dak-lak/lak-tented-camp
dak-lak,Mộ vua săn bắt Voi Khunjunob,https://gody.vn/chau-a/viet-nam/dak-lak/mo-vua-san-bat-voi-khunjunob
dak-lak,Nhà thờ chính tòa - Buôn Ma Thuột,https://gody.vn/chau-a/viet-nam/dak-lak/nha-tho-chinh-toa-buon-ma-thuot
dak-lak,Nhà thờ Thánh Tâm - Buôn Ma Thuột,https://gody.vn/chau-a/viet-nam/dak-lak/nha-tho-thanh-tam
dak-lak,Thác Bảy Nhánh,https://gody.vn/chau-a/viet-nam/dak-lak/thac-bay-nhanh
dak-lak,Thác Draynur,https://gody.vn/chau-a/viet-nam/dak-lak/thac-draynur
dak-lak,Thác Krông Kmar,https://gody.vn/chau-a/viet-nam/dak-lak/thac-krong-kmar
dak-lak,Thác Thủy Tiên,https://gody.vn/chau-a/viet-nam/dak-lak/thac-thuy-tien
dak-lak,Tháp Chàm Yang Prong,https://gody.vn/chau-a/viet-nam/dak-lak/thap-cham-yang-prong
dak-lak,Tịnh Xá Ngọc Ban - Buôn Ma Thuột,https://gody.vn/chau-a/viet-nam/dak-lak/tinh-xa-ngoc-ban
dak-lak,Tịnh Xá Ngọc Quang - Buôn Ma Thuột,https://gody.vn/chau-a/viet-nam/dak-lak/tinh-xa-ngoc-quang-da-k-lak
dak-lak,Tịnh Xá Ngọc Thành - Buôn Ma Thuột,https://gody.vn/chau-a/viet-nam/dak-lak/tinh-xa-ngoc-thanh
dak-lak,Vườn Quốc Gia Chư Yang Sin,https://gody.vn/chau-a/viet-nam/dak-lak/vuon-quoc-gia-chu-yang-sin
dak-lak,Vườn Quốc Gia Yok Don,https://gody.vn/chau-a/viet-nam/dak-lak/vuon-quoc-gia-yok-don
dien-bien,Bản Noong Chứn (Noong Chun Village),https://gody.vn/chau-a/viet-nam/dien-bien/ban-noong-chun-noong-chun-village
dien-bien,Bảo tàng chiến thắng Điện Biên Phủ,https://gody.vn/chau-a/viet-nam/dien-bien/bao-tang-chien-thang-dien-bien-phu
dien-bien,Cánh đồng Mường Thanh,https://gody.vn/chau-a/viet-nam/dien-bien/canh-dong-muong-thanh
dien-bien,Cầu Mường Thanh (Muong Thanh Bridge),https://gody.vn/chau-a/viet-nam/dien-bien/cau-muong-thanh-muong-thanh-bridge
dien-bien,Chợ Mường Thanh (Muong Thanh Market),https://gody.vn/chau-a/viet-nam/dien-bien/cho-muong-thanh-muong-thanh-market
dien-bien,Chợ phiên Tả Sìn Thàng,https://gody.vn/chau-a/viet-nam/dien-bien/cho-phien-ta-sin-thang
dien-bien,Chợ phiên Xá Nhè,https://gody.vn/chau-a/viet-nam/dien-bien/cho-phien-xa-nhe
dien-bien,Đèo Pha Đin,https://gody.vn/chau-a/viet-nam/dien-bien/deo-pha-din
dien-bien,Di Tích Thành Bản Phủ - Đền Thờ Hoàng Công Chất,https://gody.vn/chau-a/viet-nam/dien-bien/di-tich-thanh-ban-phu-den-tho-hoang-cong-chat
dien-bien,Điểm văn hóa tâm linh Linh Sơn,https://gody.vn/chau-a/viet-nam/dien-bien/diem-van-hoa-tam-linh-linh-son
dien-bien,Đồi A1 (A1 Hill),https://gody.vn/chau-a/viet-nam/dien-bien/doi-a1-a1-hill
dien-bien,Động Pa Thơm,https://gody.vn/chau-a/viet-nam/dien-bien/dong-pa-thom
dien-bien,Động Xá Nhè,https://gody.vn/chau-a/viet-nam/dien-bien/dong-xa-nhe
dien-bien,Hầm chỉ huy tướng Đờ Cát,https://gody.vn/chau-a/viet-nam/dien-bien/ham-chi-huy-tuong-do-cat
dien-bien,Hồ Pá Khoang,https://gody.vn/chau-a/viet-nam/dien-bien/ho-pa-khoang
dien-bien,Khu bảo tồn thiên nhiên Mường Nhé,https://gody.vn/chau-a/viet-nam/dien-bien/khu-bao-ton-thien-nhien-muong-nhe
dien-bien,Khu Du Lịch Khoáng Nóng Uva (Hot Spring Uva),https://gody.vn/chau-a/viet-nam/dien-bien/khu-du-lich-khoang-nong-uva-hot-spring-uva
dien-bien,Nghĩa trang quân sự Điện Biên Phủ (Dien Bien Phu Military Cemetery),https://gody.vn/chau-a/viet-nam/dien-bien/nghia-trang-quan-su-dien-bien-phu-dien-bien-phu-military-cemetery
dien-bien,Sở chỉ huy chiến dịch Điện Biên Phủ,https://gody.vn/chau-a/viet-nam/dien-bien/so-chi-huy-chien-dich-dien-bien-phu
dien-bien,Suối khoáng nóng Hua Pe,https://gody.vn/chau-a/viet-nam/dien-bien/suoi-khoang-nong-hua-pe
dien-bien,Tháp Chiềng Sơ,https://gody.vn/chau-a/viet-nam/dien-bien/thap-chieng-so
dien-bien,Tượng đài chiến thắng Điện Biên Phủ,https://gody.vn/chau-a/viet-nam/dien-bien/tuong-dai-chien-thang-dien-bien-phu
dien-bien,Vườn Anh Đào Mường Phăng,https://gody.vn/chau-a/viet-nam/dien-bien/vuon-anh-dao-muong-phang
bac-ninh,Chùa Bút Tháp,https://gody.vn/chau-a/viet-nam/bac-ninh/chua-but-thap
bac-ninh,Chùa Đại Bi,https://gody.vn/chau-a/viet-nam/bac-ninh/chua-dai-bi
bac-ninh,Chùa Dạm Bắc Ninh,https://gody.vn/chau-a/viet-nam/bac-ninh/chua-dam-bac-ninh
bac-ninh,Chùa Dâu Bắc Ninh,https://gody.vn/chau-a/viet-nam/bac-ninh/chua-dau-bac-ninh
bac-ninh,Chùa Khúc Toại,https://gody.vn/chau-a/viet-nam/bac-ninh/chua-khuc-toai
bac-ninh,Chùa Phật Tích,https://gody.vn/chau-a/viet-nam/bac-ninh/chua-phat-tich
bac-ninh,Đền Bà Chúa Kho,https://gody.vn/chau-a/viet-nam/bac-ninh/den-ba-chua-kho
bac-ninh,Đền Đô Bắc Ninh,https://gody.vn/chau-a/viet-nam/bac-ninh/den-do-bac-ninh
bac-ninh,Đền Giếng Bắc Ninh,https://gody.vn/chau-a/viet-nam/bac-ninh/den-gieng-bac-ninh
bac-ninh,Đền thờ Đô thống Lê Phụng Hiểu,https://gody.vn/chau-a/viet-nam/bac-ninh/den-tho-do-thong-le-phung-hieu
bac-ninh,Đình Đình Bảng,https://gody.vn/chau-a/viet-nam/bac-ninh/dinh-dinh-bang
bac-ninh,Làng Gốm Phù Lãng,https://gody.vn/chau-a/viet-nam/bac-ninh/lang-gom-phu-lang
bac-ninh,Làng nghề đúc đồng Đại Bái,https://gody.vn/chau-a/viet-nam/bac-ninh/lang-nghe-duc-dong-dai-bai
bac-ninh,Làng Tranh Đông Hồ,https://gody.vn/chau-a/viet-nam/bac-ninh/lang-tranh-dong-ho
bac-ninh,Làng Xôi Xá,https://gody.vn/chau-a/viet-nam/bac-ninh/lang-xoi-xa
bac-ninh,Thành Cổ Luy Lâu,https://gody.vn/chau-a/viet-nam/bac-ninh/thanh-co-luy-lau
can-tho,Bảo tàng Cần Thơ,https://gody.vn/chau-a/viet-nam/can-tho/bao-tang-can-tho
can-tho,Bảo Tàng Quân Khu 9,https://gody.vn/chau-a/viet-nam/can-tho/bao-tang-quan-khu-9
can-tho,Bến Ninh Kiều,https://gody.vn/chau-a/viet-nam/can-tho/ben-ninh-kieu
can-tho,Biển Cần Thơ,https://gody.vn/chau-a/viet-nam/can-tho/bien-can-tho
can-tho,Các miệt vườn trái cây Cần Thơ,https://gody.vn/chau-a/viet-nam/can-tho/cac-miet-vuon-trai-cay-can-tho
can-tho,Khu Cắm Trại Trốn Tìm,https://gody.vn/chau-a/viet-nam/can-tho/cam-trai-tron-tim
can-tho,Nông trại sạch Cần Thơ (Cantho Farm),https://gody.vn/chau-a/viet-nam/can-tho/can-tho-farm
can-tho,Cầu Cần Thơ,https://gody.vn/chau-a/viet-nam/can-tho/cau-can-tho
can-tho,Chợ đêm Tây Đô,https://gody.vn/chau-a/viet-nam/can-tho/cho-dem-tay-do
can-tho,Chợ nổi Cái Răng,https://gody.vn/chau-a/viet-nam/can-tho/cho-noi-cai-rang
can-tho,Chùa Long Quang (Long Quang Pagoda),https://gody.vn/chau-a/viet-nam/can-tho/chua-long-quang-long-quang-pagoda
can-tho,Chùa Munirangsyaram,https://gody.vn/chau-a/viet-nam/can-tho/chua-munirangsyaram
can-tho,Chùa Ông (Grand Pagoda),https://gody.vn/chau-a/viet-nam/can-tho/chua-ong-grand-pagoda
can-tho,Chùa Phật Học,https://gody.vn/chau-a/viet-nam/can-tho/chua-phat-hoc
can-tho,Chùa Quang Đức,https://gody.vn/chau-a/viet-nam/can-tho/chua-quang-duc
can-tho,Chùa Thới Long Cổ Tự,https://gody.vn/chau-a/viet-nam/can-tho/chua-thoi-long-co-tu
can-tho,Cù Lao Tân Lộc (Tan Loc Island),https://gody.vn/chau-a/viet-nam/can-tho/cu-lao-tan-loc-tan-loc-island
can-tho,Đình Bình Thủy,https://gody.vn/chau-a/viet-nam/can-tho/dinh-binh-thuy
can-tho,Du lịch sinh thái Vũ Bình,https://gody.vn/chau-a/viet-nam/can-tho/du-lich-sinh-thai-vu-binh
can-tho,Khám Lớn Cần Thơ,https://gody.vn/chau-a/viet-nam/can-tho/kham-lon-can-tho
can-tho,Khu du lịch Cồn Sơn (Con Son Resort),https://gody.vn/chau-a/viet-nam/can-tho/khu-du-lich-con-son-con-son-resort
can-tho,Khu du lịch Phong Điền (Phong Dien Resort),https://gody.vn/chau-a/viet-nam/can-tho/khu-du-lich-phong-dien-phong-dien-resort
can-tho,Vườn Sinh Thái Xẻo Nhum,https://gody.vn/chau-a/viet-nam/can-tho/khu-du-lich-sinh-thai-xeo-nhum
can-tho,Khu sinh thái Mỹ Khánh,https://gody.vn/chau-a/viet-nam/can-tho/khu-sinh-thai-my-khanh
can-tho,Làng hoa Bà Bộ,https://gody.vn/chau-a/viet-nam/can-tho/lang-hoa-ba-bo
can-tho,Nhà cổ Bình Thủy,https://gody.vn/chau-a/viet-nam/can-tho/nha-co-binh-thuy
can-tho,Pitu Khosa Rangsay- Chùa Viễn Quang,https://gody.vn/chau-a/viet-nam/can-tho/pitu-khosa-rangsay-chua-vien-quang
can-tho,Rau thủy canh Minh Hòa,https://gody.vn/chau-a/viet-nam/can-tho/rau-thuy-canh-minh-hoa
can-tho,Thiền viện Trúc Lâm Phương Nam,https://gody.vn/chau-a/viet-nam/can-tho/thien-vien-truc-lam-phuong-nam
can-tho,Viện Bảo Tàng của Tarot,https://gody.vn/chau-a/viet-nam/can-tho/vien-bao-tang-cua-tarot
can-tho,Vườn Ca Cao Mười Cương,https://gody.vn/chau-a/viet-nam/can-tho/vuon-ca-cao-muoi-cuong
can-tho,Vườn Cò Bằng Lăng,https://gody.vn/chau-a/viet-nam/can-tho/vuon-co-bang-lang
can-tho,Vườn dừa Tân Lộc,https://gody.vn/chau-a/viet-nam/can-tho/vuon-dua-tan-loc
can-tho,Vườn Ổi Cô Điệp,https://gody.vn/chau-a/viet-nam/can-tho/vuon-oi-co-diep
can-tho,Vườn sinh thái Hoa Súng,https://gody.vn/chau-a/viet-nam/can-tho/vuon-sinh-thai-hoa-sung
can-tho,Vườn trái cây Bà Hiệp,https://gody.vn/chau-a/viet-nam/can-tho/vuon-trai-cay-ba-hiep
can-tho,Vườn trái cây sinh thái Rạch Kè,https://gody.vn/chau-a/viet-nam/can-tho/vuon-trai-cay-sinh-thai-rach-ke
can-tho,Đi đến,https://gody.vn/chau-a/viet-nam/can-tho/di-den
can-tho,Đi lại,https://gody.vn/chau-a/viet-nam/can-tho/di-lai
can-tho,Ăn uống,https://gody.vn/chau-a/viet-nam/can-tho/an-uong
can-tho,Mua sắm,https://gody.vn/chau-a/viet-nam/can-tho/mua-sam
can-tho,Đi khi nào,https://gody.vn/chau-a/viet-nam/can-tho/di-khi-nao
phu-tho,Bản Cỏi Phú Thọ,https://gody.vn/chau-a/viet-nam/phu-tho/ban-coi-phu-tho
phu-tho,Bảo tàng Hùng Vương,https://gody.vn/chau-a/viet-nam/phu-tho/bao-tang-hung-vuong
phu-tho,Chùa Cát Tường,https://gody.vn/chau-a/viet-nam/phu-tho/chua-cat-tuong
phu-tho,Công viên Tuổi trẻ Phú Thọ,https://gody.vn/chau-a/viet-nam/phu-tho/cong-vien-tuoi-tre-phu-tho
phu-tho,Công viên Văn Lang,https://gody.vn/chau-a/viet-nam/phu-tho/cong-vien-van-lang
phu-tho,Đầm Ao Châu (Ao Chau Swamp),https://gody.vn/chau-a/viet-nam/phu-tho/dam-ao-chau-ao-chau-swamp
phu-tho,Đầm Vân Hội Phú Thọ,https://gody.vn/chau-a/viet-nam/phu-tho/dam-van-hoi-phu-tho
phu-tho,Đền Lăng Sương,https://gody.vn/chau-a/viet-nam/phu-tho/den-lang-suong
phu-tho,Đền Quốc Mẫu Âu Cơ,https://gody.vn/chau-a/viet-nam/phu-tho/den-quoc-mau-au-co
phu-tho,Đền Quốc Tổ Lạc Long Quân,https://gody.vn/chau-a/viet-nam/phu-tho/den-quoc-to-lac-long-quan
phu-tho,Đền Tam Giang- Chùa Đại Bi,https://gody.vn/chau-a/viet-nam/phu-tho/den-tam-giang-chua-dai-bi
phu-tho,Đèo Khế Phú Thọ,https://gody.vn/chau-a/viet-nam/phu-tho/deo-khe-phu-tho
phu-tho,Di sản gò Lộc Vừng,https://gody.vn/chau-a/viet-nam/phu-tho/di-san-go-loc-vung
phu-tho,Đình Hùng Lô,https://gody.vn/chau-a/viet-nam/phu-tho/dinh-hung-lo
phu-tho,Đồi chè Long Cốc (Long Cốc Tea Plantation),https://gody.vn/chau-a/viet-nam/phu-tho/doi-che-long-coc-long-coc-tea-plantation
phu-tho,Hang Lạng (Lang Cave),https://gody.vn/chau-a/viet-nam/phu-tho/hang-lang-lang-cave
phu-tho,Hồ Thượng Long - Hồ Ly (Ly Lake),https://gody.vn/chau-a/viet-nam/phu-tho/ho-thuong-long-ho-ly-ly-lake
phu-tho,Huyện Hạ Hòa,https://gody.vn/chau-a/viet-nam/phu-tho/huyen-ha-hoa
phu-tho,Khu di tích đền Hùng (Relic area of Hung Emperor),https://gody.vn/chau-a/viet-nam/phu-tho/khu-di-tich-den-hung-relic-area-of-hung-emperor
phu-tho,Khu du lịch Bạch Hạc- Bến Gót,https://gody.vn/chau-a/viet-nam/phu-tho/khu-du-lich-bach-hac-ben-got
phu-tho,Khu du lịch đảo Ngọc Xanh,https://gody.vn/chau-a/viet-nam/phu-tho/khu-du-lich-dao-ngoc-xanh
phu-tho,Khu du lịch suối khoáng nóng Thanh Thủy,https://gody.vn/chau-a/viet-nam/phu-tho/khu-du-lich-suoi-khoang-nong-thanh-thuy
phu-tho,Khu phố cổ Vườn Vua,https://gody.vn/chau-a/viet-nam/phu-tho/khu-pho-co-vuon-vua
phu-tho,Khu sinh thái Ao Giời - Suối Tiên (Ao Gioi - Suoi Tien Eco Resort),https://gody.vn/chau-a/viet-nam/phu-tho/khu-sinh-thai-ao-gioi-suoi-tien-ao-gioi-suoi-tien-eco-resort
phu-tho,Làng cổ Hùng Lô,https://gody.vn/chau-a/viet-nam/phu-tho/lang-co-hung-lo
phu-tho,Núi Nghĩa Lĩnh,https://gody.vn/chau-a/viet-nam/phu-tho/nui-nghia-linh
phu-tho,Núi Thắm Phú Thọ,https://gody.vn/chau-a/viet-nam/phu-tho/nui-tham-phu-tho
phu-tho,Thác Mây Phú Thọ,https://gody.vn/chau-a/viet-nam/phu-tho/thac-may-phu-tho
phu-tho,Thác Vạn Mơ (Thác Chồi),https://gody.vn/chau-a/viet-nam/phu-tho/thac-van-mo-thac-choi
phu-tho,Thiên Cổ miếu,https://gody.vn/chau-a/viet-nam/phu-tho/thien-co-mieu
phu-tho,Vườn quốc gia Xuân Sơn (Xuan Son National Park),https://gody.vn/chau-a/viet-nam/phu-tho/vuon-quoc-gia-xuan-son-xuan-son-national-park
cao-bang,Cánh đồng cẩm tú cầu - Cao Bằng,https://gody.vn/chau-a/viet-nam/cao-bang/canh-dong-cam-tu-cau-cao-bang
cao-bang,Cao Bang Eco Camping,https://gody.vn/chau-a/viet-nam/cao-bang/cao-bang-eco-camping
cao-bang,Chợ phiên Lũng Pán,https://gody.vn/chau-a/viet-nam/cao-bang/cho-phien-lung-pan
cao-bang,Chùa Đà Quận (Da Quan Pagoda),https://gody.vn/chau-a/viet-nam/cao-bang/chua-da-quan-da-quan-pagoda
cao-bang,Chùa Phật Tích Trúc Lâm Bản Giốc,https://gody.vn/chau-a/viet-nam/cao-bang/chua-phat-tich-truc-lam-ban-gioc
cao-bang,Đền Vua Lê (Le King Temple),https://gody.vn/chau-a/viet-nam/cao-bang/den-vua-le-le-king-temple
cao-bang,Đèo Mã Phục (Ma Phuc Pass),https://gody.vn/chau-a/viet-nam/cao-bang/deo-ma-phuc-ma-phuc-pass
cao-bang,Di tích chiến thắng chiến dịch Biên giới 1950,https://gody.vn/chau-a/viet-nam/cao-bang/di-tich-chien-thang-chien-dich-bien-gioi-1950
cao-bang,Di tích đồn Phai Khắt,https://gody.vn/chau-a/viet-nam/cao-bang/di-tich-don-phai-khat
cao-bang,Di tích mộ anh hùng liệt sỹ Kim Đồng,https://gody.vn/chau-a/viet-nam/cao-bang/di-tich-mo-anh-hung-liet-sy-kim-dong
cao-bang,Di tích rừng Trần Hưng Đạo,https://gody.vn/chau-a/viet-nam/cao-bang/di-tich-rung-tran-hung-dao
cao-bang,Động Ngườm Ngao,https://gody.vn/chau-a/viet-nam/cao-bang/dong-nguom-ngao
cao-bang,Hang Ngườm Pục,https://gody.vn/chau-a/viet-nam/cao-bang/hang-nguom-puc
cao-bang,Hồ Thang Hen,https://gody.vn/chau-a/viet-nam/cao-bang/ho-thang-hen
cao-bang,Khu di tích lịch sử Pác Bó,https://gody.vn/chau-a/viet-nam/cao-bang/khu-di-tich-lich-su-pac-bo
cao-bang,Lán Khuổi Nặm,https://gody.vn/chau-a/viet-nam/cao-bang/lan-khuoi-nam
cao-bang,Làng rèn Phúc Sen (Blacksmith village Phuc Sen),https://gody.vn/chau-a/viet-nam/cao-bang/lang-ren-phuc-sen-blacksmith-village-phuc-sen
cao-bang,Nghiêu Sơn Lĩnh,https://gody.vn/chau-a/viet-nam/cao-bang/nghieu-son-linh
cao-bang,Núi Các Mác,https://gody.vn/chau-a/viet-nam/cao-bang/nui-cac-mac
cao-bang,Núi Mắt Thần,https://gody.vn/chau-a/viet-nam/cao-bang/nui-mat-than
cao-bang,Núi “Mắt thần”- Thác Nặm Trá (Trà Lĩnh),https://gody.vn/chau-a/viet-nam/cao-bang/nui-mat-than-thac-nam-tra-tra-linh
cao-bang,Suối Lê Nin,https://gody.vn/chau-a/viet-nam/cao-bang/suoi-le-nin
cao-bang,Thác Bản Giốc,https://gody.vn/chau-a/viet-nam/cao-bang/thac-ban-gioc
cao-bang,Thung lũng Núi Thủng Nà Ma ( Tuyệt Tình Cốc ),https://gody.vn/chau-a/viet-nam/cao-bang/thung-lung-nui-thung-na-ma-tuyet-tinh-coc
cao-bang,Vườn Quốc gia Phja Oắc - Phja Đén (Phja Oac-Phja Den National Park),https://gody.vn/chau-a/viet-nam/cao-bang/vuon-quoc-gia-phja-oac-phja-den-phja-oac-phja-den-national-park
vinh-phuc,Belvedere Resort,https://gody.vn/chau-a/viet-nam/vinh-phuc/belvedere-resort
vinh-phuc,Chùa Vĩnh Khánh - Chùa Then Vĩnh Phúc,https://gody.vn/chau-a/viet-nam/vinh-phuc/chua-vinh-khanh-chua-then-vinh-phuc
vinh-phuc,Cụm đình Tam Canh,https://gody.vn/chau-a/viet-nam/vinh-phuc/cum-dinh-tam-canh
vinh-phuc,Đại Lải Vĩnh Phúc,https://gody.vn/chau-a/viet-nam/vinh-phuc/dai-lai-vinh-phuc
vinh-phuc,Đầm Rưng Vĩnh Phúc,https://gody.vn/chau-a/viet-nam/vinh-phuc/dam-rung-vinh-phuc
vinh-phuc,Đầm Vạc Vĩnh Phúc,https://gody.vn/chau-a/viet-nam/vinh-phuc/dam-vac-vinh-phuc
vinh-phuc,Đền Đuông ở Vĩnh Phúc,https://gody.vn/chau-a/viet-nam/vinh-phuc/den-duong-o-vinh-phuc
vinh-phuc,Đền Thõng Vĩnh Phúc,https://gody.vn/chau-a/viet-nam/vinh-phuc/den-thong-vinh-phuc
vinh-phuc,Đình Thổ Tang,https://gody.vn/chau-a/viet-nam/vinh-phuc/dinh-tho-tang
vinh-phuc,Đồi 79 ở Vĩnh Phúc,https://gody.vn/chau-a/viet-nam/vinh-phuc/doi-79-o-vinh-phuc
vinh-phuc,Hồ Điển Triệt,https://gody.vn/chau-a/viet-nam/vinh-phuc/ho-dien-triet
vinh-phuc,Hồ Xạ Hương,https://gody.vn/chau-a/viet-nam/vinh-phuc/ho-xa-huong
vinh-phuc,Khu Danh Thắng Tây Thiên,https://gody.vn/chau-a/viet-nam/vinh-phuc/khu-danh-thang-tay-thien
vinh-phuc,Làng gốm Hương Canh,https://gody.vn/chau-a/viet-nam/vinh-phuc/lang-gom-huong-canh
vinh-phuc,Làng Hoa Mê Linh,https://gody.vn/chau-a/viet-nam/vinh-phuc/lang-hoa-me-linh
vinh-phuc,Nhà Thờ Đá Cổ Ở Tam Đảo,https://gody.vn/chau-a/viet-nam/vinh-phuc/nha-tho-da-co-o-tam-dao
vinh-phuc,Núi Sáng ở Vĩnh Phúc,https://gody.vn/chau-a/viet-nam/vinh-phuc/nui-sang-o-vinh-phuc
vinh-phuc,Sân Golf Đầm Vạc,https://gody.vn/chau-a/viet-nam/vinh-phuc/san-golf-dam-vac
vinh-phuc,Sân Golf Tam Đảo,https://gody.vn/chau-a/viet-nam/vinh-phuc/san-golf-tam-dao
vinh-phuc,Tam Đảo,https://gody.vn/chau-a/viet-nam/vinh-phuc/tam-dao
vinh-phuc,Tháp Bình Sơn,https://gody.vn/chau-a/viet-nam/vinh-phuc/thap-binh-son
vinh-phuc,Thiền Viện Trúc Lâm Tây Thiên,https://gody.vn/chau-a/viet-nam/vinh-phuc/thien-vien-truc-lam-tay-thien
vinh-phuc,Vườn cò Hải Lựu,https://gody.vn/chau-a/viet-nam/vinh-phuc/vuon-co-hai-luu
vinh-phuc,Vườn Quốc Gia Tam Đảo,https://gody.vn/chau-a/viet-nam/vinh-phuc/vuon-quoc-gia-tam-dao
thai-nguyen,Bảo tàng Văn hóa của các Dân tộc Việt Nam (Museum of Cultures of Vietnam's Ethnic Groups),https://gody.vn/chau-a/viet-nam/thai-nguyen/bao-tang-van-hoa-cua-cac-dan-toc-viet-nam-museum-of-cultures-of-vietnams-ethnic-groups
thai-nguyen,Chùa Đán ở Thái Nguyên,https://gody.vn/chau-a/viet-nam/thai-nguyen/chua-dan-o-thai-nguyen
thai-nguyen,Chùa Ha ở Thái Nguyên,https://gody.vn/chau-a/viet-nam/thai-nguyen/chua-ha-o-thai-nguyen
thai-nguyen,Chùa Hang ở Thái Nguyên,https://gody.vn/chau-a/viet-nam/thai-nguyen/chua-hang-o-thai-nguyen
thai-nguyen,Chùa Phù Liễn,https://gody.vn/chau-a/viet-nam/thai-nguyen/chua-phu-lien
thai-nguyen,Đền Đuổm – Núi Đuổm,https://gody.vn/chau-a/viet-nam/thai-nguyen/den-duom-nui-duom
thai-nguyen,Đền Giá ở Thái Nguyên,https://gody.vn/chau-a/viet-nam/thai-nguyen/den-gia-o-thai-nguyen
thai-nguyen,Đền Lục Giáp,https://gody.vn/chau-a/viet-nam/thai-nguyen/den-luc-giap
thai-nguyen,Di tích Tỉn Keo,https://gody.vn/chau-a/viet-nam/thai-nguyen/di-tich-tin-keo
thai-nguyen,Đình Hộ Lệnh ở Thái Nguyên,https://gody.vn/chau-a/viet-nam/thai-nguyen/dinh-ho-lenh-o-thai-nguyen
thai-nguyen,Đình Phương Độ,https://gody.vn/chau-a/viet-nam/thai-nguyen/dinh-phuong-do
thai-nguyen,Đồi chè Tân Cương,https://gody.vn/chau-a/viet-nam/thai-nguyen/doi-che-tan-cuong
thai-nguyen,Đồi Phong Tướng,https://gody.vn/chau-a/viet-nam/thai-nguyen/doi-phong-tuong
thai-nguyen,Hang Phiêng Tung (Miệng Hổ),https://gody.vn/chau-a/viet-nam/thai-nguyen/hang-phieng-tung-mieng-ho
thai-nguyen,Hang Phượng Hoàng - Suối Mỏ Gà,https://gody.vn/chau-a/viet-nam/thai-nguyen/hang-phuong-hoang-suoi-mo-ga
thai-nguyen,Hồ Ghềnh Chè,https://gody.vn/chau-a/viet-nam/thai-nguyen/ho-ghenh-che
thai-nguyen,Hồ Núi Cốc,https://gody.vn/chau-a/viet-nam/thai-nguyen/ho-nui-coc
thai-nguyen,Hồ Suối Lạnh,https://gody.vn/chau-a/viet-nam/thai-nguyen/ho-suoi-lanh
thai-nguyen,Hồ Vai Miễu (Thái Nguyên),https://gody.vn/chau-a/viet-nam/thai-nguyen/ho-vai-mieu-thai-nguyen
thai-nguyen,Khu di tích Đồi Khau Tý,https://gody.vn/chau-a/viet-nam/thai-nguyen/khu-di-tich-doi-khau-ty
thai-nguyen,Khu di tích khảo cổ Thần Sa,https://gody.vn/chau-a/viet-nam/thai-nguyen/khu-di-tich-khao-co-than-sa
thai-nguyen,Quảng trường Võ Nguyên Giáp (Vo Nguyen Giap Square),https://gody.vn/chau-a/viet-nam/thai-nguyen/quang-truong-vo-nguyen-giap-vo-nguyen-giap-square
thai-nguyen,Suối Tiên ở Thái Nguyên,https://gody.vn/chau-a/viet-nam/thai-nguyen/suoi-tien-o-thai-nguyen
thai-nguyen,Thác Cửa Tử,https://gody.vn/chau-a/viet-nam/thai-nguyen/thac-cua-tu
thai-nguyen,Thác Đát Đắng,https://gody.vn/chau-a/viet-nam/thai-nguyen/thac-dat-dang
thai-nguyen,Thác Khuôn Tát,https://gody.vn/chau-a/viet-nam/thai-nguyen/thac-khuon-tat
thai-nguyen,Thưởng thức đặc sản Tân Cương - Hảo Đạt,https://gody.vn/chau-a/viet-nam/thai-nguyen/thuong-thuc-dac-san-tan-cuong-hao-dat
vinh-long,Chợ nổi Trà Ôn,https://gody.vn/chau-a/viet-nam/vinh-long/cho-noi-tra-on
vinh-long,Chùa Bồ Đề,https://gody.vn/chau-a/viet-nam/vinh-long/chua-bo-de
vinh-long,Chùa cổ Long An,https://gody.vn/chau-a/viet-nam/vinh-long/chua-co-long-an
vinh-long,Chùa Hạnh Phúc Tăng,https://gody.vn/chau-a/viet-nam/vinh-long/chua-hanh-phuc-tang
vinh-long,Chùa Phù Ly,https://gody.vn/chau-a/viet-nam/vinh-long/chua-phu-ly
vinh-long,Chùa Tiên Châu,https://gody.vn/chau-a/viet-nam/vinh-long/chua-tien-chau
vinh-long,Cù lao An Bình,https://gody.vn/chau-a/viet-nam/vinh-long/cu-lao-an-binh
vinh-long,Đền thờ Phạm Hùng,https://gody.vn/chau-a/viet-nam/vinh-long/den-tho-pham-hung
vinh-long,Đình Long Thanh,https://gody.vn/chau-a/viet-nam/vinh-long/dinh-long-thanh
vinh-long,Khu du lịch sinh thái Hoàng Quân,https://gody.vn/chau-a/viet-nam/vinh-long/khu-du-lich-sinh-thai-hoang-quan
vinh-long,Khu du lịch Trường An,https://gody.vn/chau-a/viet-nam/vinh-long/khu-du-lich-truong-an
vinh-long,Khu du lịch Trường Huy,https://gody.vn/chau-a/viet-nam/vinh-long/khu-du-lich-truong-huy
vinh-long,Khu du lịch Vinh Sang,https://gody.vn/chau-a/viet-nam/vinh-long/khu-du-lich-vinh-sang
vinh-long,Khu sinh thái nhà xưa Vĩnh Long,https://gody.vn/chau-a/viet-nam/vinh-long/khu-sinh-thai-nha-xua-vinh-long
vinh-long,Nhà thờ họ đạo Mặc Bắc – Vĩnh Long,https://gody.vn/chau-a/viet-nam/vinh-long/nha-tho-ho-dao-mac-bac-vinh-long
binh-duong,Cà phê Gió & Nước,https://gody.vn/chau-a/viet-nam/binh-duong/ca-phe-gio-nuoc
binh-duong,Phố đi bộ Bạch Đằng,https://gody.vn/chau-a/viet-nam/binh-duong/cho-dem-va-pho-di-bo-bach-dang
binh-duong,Chùa Châu Thới,https://gody.vn/chau-a/viet-nam/binh-duong/chua-chau-thoi
binh-duong,Chùa Hội Khánh,https://gody.vn/chau-a/viet-nam/binh-duong/chua-hoi-khanh
binh-duong,Chùa Niệm Phật,https://gody.vn/chau-a/viet-nam/binh-duong/chua-niem-phat
binh-duong,Chùa Tây Tạng,https://gody.vn/chau-a/viet-nam/binh-duong/chua-tay-tang
binh-duong,Chùa Thái Sơn Núi Cậu,https://gody.vn/chau-a/viet-nam/binh-duong/chua-thai-son-nui-cau
binh-duong,Công viên Thành phố mới Bình Dương,https://gody.vn/chau-a/viet-nam/binh-duong/cong-vien-thanh-pho-moi-binh-duong
binh-duong,Cụm du lịch Hồ Dầu Tiếng,https://gody.vn/chau-a/viet-nam/binh-duong/cum-du-lich-ho-dau-tieng
binh-duong,Di tích Nhà tù Phú Lợi,https://gody.vn/chau-a/viet-nam/binh-duong/di-tich-nha-tu-phu-loi
binh-duong,Đình Phú Long,https://gody.vn/chau-a/viet-nam/binh-duong/dinh-phu-long
binh-duong,Hồ Bình An,https://gody.vn/chau-a/viet-nam/binh-duong/ho-binh-an
binh-duong,Khu du lịch Đại Nam,https://gody.vn/chau-a/viet-nam/binh-duong/khu-du-lich-dai-nam
binh-duong,Khu du lịch Dìn Ký,https://gody.vn/chau-a/viet-nam/binh-duong/khu-du-lich-din-ky
binh-duong,Khu du lịch Dìn Ký Lái Thiêu,https://gody.vn/chau-a/viet-nam/binh-duong/khu-du-lich-din-ky-lai-thieu
binh-duong,Khu du lịch Phương Nam,https://gody.vn/chau-a/viet-nam/binh-duong/khu-du-lich-phuong-nam
binh-duong,Khu du lịch Thủy Châu,https://gody.vn/chau-a/viet-nam/binh-duong/khu-du-lich-thuy-chau
binh-duong,KHU NGHỈ DƯỠNG GOLF SÔNG BÉ,https://gody.vn/chau-a/viet-nam/binh-duong/khu-nghi-duong-golf-song-be
binh-duong,làng nghề gốm sứ Bình Dương,https://gody.vn/chau-a/viet-nam/binh-duong/lang-nghe-gom-su-binh-duong
binh-duong,Làng sơn mài Tương Bình Hiệp,https://gody.vn/chau-a/viet-nam/binh-duong/lang-son-mai-tuong-binh-hiep
binh-duong,LÀNG SƠN MÀI TƯƠNG BÌNH HIỆP - BÌNH DƯƠNG,https://gody.vn/chau-a/viet-nam/binh-duong/lang-son-mai-tuong-binh-hiep-binh-duong
binh-duong,Làng tre Phú An,https://gody.vn/chau-a/viet-nam/binh-duong/lang-tre-phu-an
binh-duong,Nhà thờ Phú Cường,https://gody.vn/chau-a/viet-nam/binh-duong/nha-tho-phu-cuong
binh-duong,Trung tâm mua sắm AEON Bình Dương Canary,https://gody.vn/chau-a/viet-nam/binh-duong/trung-tam-mua-sam-aeon-binh-duong-canary
binh-duong,Vườn trái cây Lái Thiêu Bình Dương,https://gody.vn/chau-a/viet-nam/binh-duong/vuon-trai-cay-lai-thieu-binh-duong
ca-mau,Bãi biển Khai Long (Khai Long beach),https://gody.vn/chau-a/viet-nam/ca-mau/bai-bien-khai-long-khai-long-beach
ca-mau,Bãi Bồi Mũi Cà Mau ( Ca Mau Mudflats),https://gody.vn/chau-a/viet-nam/ca-mau/bai-boi-mui-ca-mau-ca-mau-mudflats
ca-mau,Chợ nổi Cà Mau,https://gody.vn/chau-a/viet-nam/ca-mau/cho-noi-ca-mau
ca-mau,Cua Thứ Thiệt-Đặc Sản Cà Mau,https://gody.vn/chau-a/viet-nam/ca-mau/cua-thu-thiet-dac-san-ca-mau
ca-mau,Đầm Thị Tường,https://gody.vn/chau-a/viet-nam/ca-mau/dam-thi-tuong
ca-mau,Đầm Thị Tường (Thi Tuong Marsh),https://gody.vn/chau-a/viet-nam/ca-mau/dam-thi-tuong-thi-tuong-marsh
ca-mau,Hòn Đá Bạc (Silver Rock),https://gody.vn/chau-a/viet-nam/ca-mau/hon-da-bac-silver-rock
ca-mau,Hòn Đá Bạc (Silver stone),https://gody.vn/chau-a/viet-nam/ca-mau/hon-da-bac-silver-stone
ca-mau,Hòn Khoai,https://gody.vn/chau-a/viet-nam/ca-mau/hon-khoai
ca-mau,Khu Du Lịch Khai Long (Khai Long Resort),https://gody.vn/chau-a/viet-nam/ca-mau/khu-du-lich-khai-long-khai-long-resort
ca-mau,Làng Biển Sông Đốc ( Song Doc Sea Village),https://gody.vn/chau-a/viet-nam/ca-mau/lang-bien-song-doc-song-doc-sea-village
ca-mau,Mũi Cà Mau (Dat Mui Landmark),https://gody.vn/chau-a/viet-nam/ca-mau/mui-ca-mau-dat-mui-landmark
ca-mau,Nhà Hàng Hải Sản Quạt Mo,https://gody.vn/chau-a/viet-nam/ca-mau/nha-hang-hai-san-quat-mo
ca-mau,Nhà hàng Hương Việt,https://gody.vn/chau-a/viet-nam/ca-mau/nha-hang-huong-viet
ca-mau,Rừng đước Năm Căn,https://gody.vn/chau-a/viet-nam/ca-mau/rung-duoc-nam-can
ca-mau,Rừng Ngập Mặn Cà Mau (Ca Mau Mangroves),https://gody.vn/chau-a/viet-nam/ca-mau/rung-ngap-man-ca-mau-ca-mau-mangroves
ca-mau,Sân Chim Chà Và(Garden for Birds),https://gody.vn/chau-a/viet-nam/ca-mau/san-chim-cha-vagarden-for-birds
ca-mau,Trung Nguyen Legend Cafe,https://gody.vn/chau-a/viet-nam/ca-mau/trung-nguyen-legend-cafe
ca-mau,Vườn dâu Cái Tàu,https://gody.vn/chau-a/viet-nam/ca-mau/vuon-dau-cai-tau
ca-mau,Vườn Dâu Cái Tàu Út Thặng (Cai Tau Strawberry Garden),https://gody.vn/chau-a/viet-nam/ca-mau/vuon-dau-cai-tau-ut-thang-cai-tau-strawberry-garden
ca-mau,Vườn Quốc Gia Mũi Cà Mau (Ca Mau National Garden),https://gody.vn/chau-a/viet-nam/ca-mau/vuon-quoc-gia-mui-ca-mau-ca-mau-national-garden
ca-mau,Vườn Quốc Gia U Minh Hạ (U Minh Ha National Park),https://gody.vn/chau-a/viet-nam/ca-mau/vuon-quoc-gia-u-minh-ha-u-minh-ha-national-park
bac-giang,Chùa Bổ Đà,https://gody.vn/chau-a/viet-nam/bac-giang/chua-bo-da
bac-giang,Chùa Đức La,https://gody.vn/chau-a/viet-nam/bac-giang/chua-duc-la
bac-giang,Đền Hạ Suối Mỡ,https://gody.vn/chau-a/viet-nam/bac-giang/den-ha-suoi-mo
bac-giang,Đền Trung Suối Mỡ,https://gody.vn/chau-a/viet-nam/bac-giang/den-trung-suoi-mo
bac-giang,Đình Thổ Hà,https://gody.vn/chau-a/viet-nam/bac-giang/dinh-tho-ha
bac-giang,Hồ Cấm Sơn,https://gody.vn/chau-a/viet-nam/bac-giang/ho-cam-son
bac-giang,Khu bảo tồn Tây Yên Tử,https://gody.vn/chau-a/viet-nam/bac-giang/khu-bao-ton-tay-yen-tu
bac-giang,Khu du lịch Suối Mỡ,https://gody.vn/chau-a/viet-nam/bac-giang/khu-du-lich-suoi-mo
bac-giang,Lăng Dinh Hương,https://gody.vn/chau-a/viet-nam/bac-giang/lang-dinh-huong
bac-giang,Làng Rượu Vân Hà,https://gody.vn/chau-a/viet-nam/bac-giang/lang-ruou-van-ha
bac-giang,Làng Thổ Hà,https://gody.vn/chau-a/viet-nam/bac-giang/lang-tho-ha
bac-giang,NHÀ CỔ THỔ HÀ,https://gody.vn/chau-a/viet-nam/bac-giang/nha-co-tho-ha
bac-giang,Rừng nguyên sinh Khe Rỗ,https://gody.vn/chau-a/viet-nam/bac-giang/rung-nguyen-sinh-khe-ro
bac-giang,Thác nước Hang Chiêng – Khe Nương Dâu,https://gody.vn/chau-a/viet-nam/bac-giang/thac-nuoc-hang-chieng-khe-nuong-dau
bac-giang,Thác Thùm Thùm,https://gody.vn/chau-a/viet-nam/bac-giang/thac-thum-thum
bac-giang,THÀNH CỔ XƯƠNG GIANG,https://gody.vn/chau-a/viet-nam/bac-giang/thanh-co-xuong-giang
bac-kan,Ao Tiên (Tien Lake),https://gody.vn/chau-a/viet-nam/bac-kan/ao-tien-tien-lake
bac-kan,Bản du lịch Pác Ngòi (Pac Ngoi Village),https://gody.vn/chau-a/viet-nam/bac-kan/ban-du-lich-pac-ngoi-pac-ngoi-village
bac-kan,Chùa Thạch Long,https://gody.vn/chau-a/viet-nam/bac-kan/chua-thach-long
bac-kan,Đảo Bà Góa (Widow Island),https://gody.vn/chau-a/viet-nam/bac-kan/dao-ba-goa-widow-island
bac-kan,Đền An Mã (An Ma Temple),https://gody.vn/chau-a/viet-nam/bac-kan/den-an-ma-an-ma-temple
bac-kan,"Đèo Gió, Ngân Sơn",https://gody.vn/chau-a/viet-nam/bac-kan/deo-gio-ngan-son
bac-kan,Động Hua Mạ,https://gody.vn/chau-a/viet-nam/bac-kan/dong-hua-ma
bac-kan,Động Nàng Tiên,https://gody.vn/chau-a/viet-nam/bac-kan/dong-nang-tien
bac-kan,Động Puông,https://gody.vn/chau-a/viet-nam/bac-kan/dong-puong
bac-kan,Hồ Ba Bể,https://gody.vn/chau-a/viet-nam/bac-kan/ho-ba-be
bac-kan,Hồ sinh thái Bản Chang,https://gody.vn/chau-a/viet-nam/bac-kan/ho-sinh-thai-ban-chang
bac-kan,Khu ATK – Chợ Đồn,https://gody.vn/chau-a/viet-nam/bac-kan/khu-atk-cho-don
bac-kan,Khu Bảo tồn Thiên nhiên Kim Hỷ,https://gody.vn/chau-a/viet-nam/bac-kan/khu-bao-ton-thien-nhien-kim-hy
bac-kan,Lễ hội chợ tình Xuân Dương,https://gody.vn/chau-a/viet-nam/bac-kan/le-hoi-cho-tinh-xuan-duong
bac-kan,Lễ hội xuân Ba Bể,https://gody.vn/chau-a/viet-nam/bac-kan/le-hoi-xuan-ba-be
bac-kan,Thác Bạc Bản Vàng,https://gody.vn/chau-a/viet-nam/bac-kan/thac-bac-ban-vang
bac-kan,Thác Đầu Đẳng (Dau Dang Waterfall),https://gody.vn/chau-a/viet-nam/bac-kan/thac-dau-dang-dau-dang-waterfall
bac-kan,Thác Nà Khoang,https://gody.vn/chau-a/viet-nam/bac-kan/thac-na-khoang
dong-thap,Ba Vững,https://gody.vn/chau-a/viet-nam/dong-thap/ba-vung
dong-thap,Bảo tàng Đồng Tháp,https://gody.vn/chau-a/viet-nam/dong-thap/bao-tang-dong-thap
dong-thap,Khu du lịch Cánh đồng hoa hồng Sa Đéc,https://gody.vn/chau-a/viet-nam/dong-thap/canh-dong-hoa-hong-sa-dec
dong-thap,Chùa Kiến An Cung (Chùa Ông Quách),https://gody.vn/chau-a/viet-nam/dong-thap/chua-kien-an-cung
dong-thap,Chùa Lá Sen,https://gody.vn/chau-a/viet-nam/dong-thap/chua-la-sen
dong-thap,Đất Sen Hồng,https://gody.vn/chau-a/viet-nam/dong-thap/dat-sen-hong
dong-thap,Khu du lịch Đồng Sen Gò Tháp (chú hai hơn),https://gody.vn/chau-a/viet-nam/dong-thap/dong-sen-go-thap
dong-thap,Đồng Tháp Mười mùa sen nở,https://gody.vn/chau-a/viet-nam/dong-thap/dong-thap-muoi-mua-sen-no
dong-thap,Du lịch sinh thái Hòa Đồng,https://gody.vn/chau-a/viet-nam/dong-thap/du-lich-sinh-thai-hoa-dong
dong-thap,Du lịch sinh thái Thiên Phú - Cao Lãnh,https://gody.vn/chau-a/viet-nam/dong-thap/du-lich-sinh-thai-thien-phu
dong-thap,Du Thuyền Vượt Cạn Sa Đéc,https://gody.vn/chau-a/viet-nam/dong-thap/du-thuyen-vuot-can
dong-thap,Happy land Hùng Thy Sa Đéc,https://gody.vn/chau-a/viet-nam/dong-thap/happy-land-hung-thy-sa-dec
dong-thap,Khu ẩm thực làng bột Sa Đéc,https://gody.vn/chau-a/viet-nam/dong-thap/khu-am-thuc-lang-bot-sa-dec
dong-thap,Khu di tích Nguyễn Sinh Sắc,https://gody.vn/chau-a/viet-nam/dong-thap/khu-di-tich-cu-pho-bang-nguyen-sinh-sac
dong-thap,Khu di tích Gò Tháp,https://gody.vn/chau-a/viet-nam/dong-thap/khu-di-tich-go-thap
dong-thap,Khu di tích Xẻo Quýt,https://gody.vn/chau-a/viet-nam/dong-thap/khu-di-tich-xeo-quyt
dong-thap,Khu du lịch sinh thái Gáo Giồng,https://gody.vn/chau-a/viet-nam/dong-thap/khu-du-lich-sinh-thai-gao-giong
dong-thap,Khu du lịch sinh thái Tiên Định,https://gody.vn/chau-a/viet-nam/dong-thap/khu-du-lich-sinh-thai-tien-dinh
dong-thap,Khu du lịch văn hóa Phương Nam,https://gody.vn/chau-a/viet-nam/dong-thap/khu-du-lich-van-hoa-phuong-nam
dong-thap,Làng hoa Sa Đéc,https://gody.vn/chau-a/viet-nam/dong-thap/lang-hoa-kieng-sa-dec
dong-thap,Nhà cổ Huỳnh Thủy Lê,https://gody.vn/chau-a/viet-nam/dong-thap/nha-co-huynh-thuy-le
dong-thap,Pink House Sa Đéc,https://gody.vn/chau-a/viet-nam/dong-thap/pink-house
dong-thap,Vườn Quýt Hồng Hưng Phát,https://gody.vn/chau-a/viet-nam/dong-thap/quyt-hong-hung-phat
dong-thap,Sa Nhiên Garden,https://gody.vn/chau-a/viet-nam/dong-thap/sa-nhien-garden
dong-thap,Sen Hồng Tháp Mười,https://gody.vn/chau-a/viet-nam/dong-thap/sen-hong-thap-muoi
dong-thap,Vườn quốc gia Tràm Chim,https://gody.vn/chau-a/viet-nam/dong-thap/tram-chim
dong-thap,VĂN THÁNH MIẾU,https://gody.vn/chau-a/viet-nam/dong-thap/van-thanh-mieu
dong-thap,Vườn dâu Mỹ Đông Tháp Mười,https://gody.vn/chau-a/viet-nam/dong-thap/vuon-dau-my-dong
dong-thap,Vườn hồng Tư Tôn,https://gody.vn/chau-a/viet-nam/dong-thap/vuon-hong-tu-ton
dong-thap,Vườn Kiểng Ngọc Lan,https://gody.vn/chau-a/viet-nam/dong-thap/vuon-kieng-ngoc-lan
dong-thap,Vườn mận Giáo Cường,https://gody.vn/chau-a/viet-nam/dong-thap/vuon-man-giao-cuong
dong-thap,Vườn quýt Hai Kiệt,https://gody.vn/chau-a/viet-nam/dong-thap/vuon-quyt-hai-kiet
dong-thap,Vườn Quýt Hồng Bá Chuốt,https://gody.vn/chau-a/viet-nam/dong-thap/vuon-quyt-hong-ba-chuot
dong-thap,Vườn quýt hồng Ba Liên,https://gody.vn/chau-a/viet-nam/dong-thap/vuon-quyt-hong-ba-lien
dong-thap,Vườn quýt Hồng Danh,https://gody.vn/chau-a/viet-nam/dong-thap/vuon-quyt-hong-danh
dong-thap,Vườn quýt Lai Vung,https://gody.vn/chau-a/viet-nam/dong-thap/vuon-quyt-lai-vung
dong-thap,Vườn quýt Lan Anh,https://gody.vn/chau-a/viet-nam/dong-thap/vuon-quyt-lan-anh
dong-thap,Vườn táo Út Nhàn,https://gody.vn/chau-a/viet-nam/dong-thap/vuon-tao-ut-nhan
dong-thap,Vườn trái cây Minh Phát,https://gody.vn/chau-a/viet-nam/dong-thap/vuon-trai-cay-minh-phat
dong-thap,Vườn trái cây Tám Sáng,https://gody.vn/chau-a/viet-nam/dong-thap/vuon-trai-cay-tam-sang
phu-yen,Bãi Bàng (Phú Yên),https://gody.vn/chau-a/viet-nam/phu-yen/bai-bang-phu-yen
phu-yen,Bãi Bàu – Sông Cầu (Phú Yên),https://gody.vn/chau-a/viet-nam/phu-yen/bai-bau-song-cau-phu-yen
phu-yen,Bãi biển Bãi Môn (Mon Beach),https://gody.vn/chau-a/viet-nam/phu-yen/bai-bien-bai-mon-mon-beach
phu-yen,Bãi biển Long Thủy,https://gody.vn/chau-a/viet-nam/phu-yen/bai-bien-long-thuy
phu-yen,Bãi biển Long Thủy (Phú Yên),https://gody.vn/chau-a/viet-nam/phu-yen/bai-bien-long-thuy-phu-yen
phu-yen,Bãi biển Ôm (Phú Yên),https://gody.vn/chau-a/viet-nam/phu-yen/bai-bien-om-phu-yen
phu-yen,Bãi biển Phú Thường - Gành Yến (Phú Yên),https://gody.vn/chau-a/viet-nam/phu-yen/bai-bien-phu-thuong-ganh-yen-phu-yen
phu-yen,Bãi biển Từ Nham (Phú Yên),https://gody.vn/chau-a/viet-nam/phu-yen/bai-bien-tu-nham-phu-yen
phu-yen,Bãi biển Tuy Hòa,https://gody.vn/chau-a/viet-nam/phu-yen/bai-bien-tuy-hoa
phu-yen,Bãi biển Tuy Hòa (Phú Yên),https://gody.vn/chau-a/viet-nam/phu-yen/bai-bien-tuy-hoa-phu-yen
phu-yen,Bãi biển Vịnh Hòa (Phú Yên),https://gody.vn/chau-a/viet-nam/phu-yen/bai-bien-vinh-hoa-phu-yen
phu-yen,Bãi Gốc (Phú Yên),https://gody.vn/chau-a/viet-nam/phu-yen/bai-goc-phu-yen
phu-yen,Bãi Nồm,https://gody.vn/chau-a/viet-nam/phu-yen/bai-nom-phu-yen
phu-yen,Bãi Ôm – Bãi Rạng,https://gody.vn/chau-a/viet-nam/phu-yen/bai-om-bai-rang
phu-yen,Bãi Tiên (Phú Yên),https://gody.vn/chau-a/viet-nam/phu-yen/bai-tien-phu-yen
phu-yen,Bãi Từ Nham (Phú Yên),https://gody.vn/chau-a/viet-nam/phu-yen/bai-tu-nham-phu-yen
phu-yen,Bãi Xép,https://gody.vn/chau-a/viet-nam/phu-yen/bai-xep
phu-yen,Bến Tàu Không Số Huyền Thoại Vịnh Vũng Rô,https://gody.vn/chau-a/viet-nam/phu-yen/ben-tau-khong-so-huyen-thoai-vinh-vung-ro
phu-yen,B&U Farm (Phú Yên),https://gody.vn/chau-a/viet-nam/phu-yen/bu-farm-phu-yen
phu-yen,Bún cá Đất Phú (Phú Yên),https://gody.vn/chau-a/viet-nam/phu-yen/bun-ca-dat-phu-phu-yen
phu-yen,Cao nguyên Vân Hòa,https://gody.vn/chau-a/viet-nam/phu-yen/cao-nguyen-van-hoa
phu-yen,Cầu Đà Rằng,https://gody.vn/chau-a/viet-nam/phu-yen/cau-da-rang
phu-yen,Cầu Gỗ Ông Cọp,https://gody.vn/chau-a/viet-nam/phu-yen/cau-go-ong-cop
phu-yen,Chùa Bảo Tịnh (Phú Yên),https://gody.vn/chau-a/viet-nam/phu-yen/chua-bao-tinh-phu-yen
phu-yen,Chùa Châu Lâm (Phú Yên),https://gody.vn/chau-a/viet-nam/phu-yen/chua-chau-lam-phu-yen
phu-yen,Chùa Thanh Lương (Phú Yên),https://gody.vn/chau-a/viet-nam/phu-yen/chua-thanh-luong-phu-yen
phu-yen,Chùa Thiên Hưng (Phú Yên),https://gody.vn/chau-a/viet-nam/phu-yen/chua-thien-hung-phu-yen
phu-yen,Chùa Triều Tôn (Phú Yên),https://gody.vn/chau-a/viet-nam/phu-yen/chua-trieu-ton-phu-yen
phu-yen,Chùa Từ Quang (Phú Yên),https://gody.vn/chau-a/viet-nam/phu-yen/chua-tu-quang-phu-yen
phu-yen,Cù Lao Mái Nhà (Phú Yên),https://gody.vn/chau-a/viet-nam/phu-yen/cu-lao-mai-nha-phu-yen
phu-yen,Đầm Cù Mông,https://gody.vn/chau-a/viet-nam/phu-yen/dam-cu-mong
phu-yen,Đầm Ô Loan,https://gody.vn/chau-a/viet-nam/phu-yen/dam-o-loan
phu-yen,Đảo Hòn Chùa (Phú Yên),https://gody.vn/chau-a/viet-nam/phu-yen/dao-hon-chua-phu-yen
phu-yen,Đảo Nhất Tự Sơn (Phú Yên),https://gody.vn/chau-a/viet-nam/phu-yen/dao-nhat-tu-son-phu-yen
phu-yen,Đập Đồng Cam,https://gody.vn/chau-a/viet-nam/phu-yen/dap-dong-cam
phu-yen,Đập Tam Giang,https://gody.vn/chau-a/viet-nam/phu-yen/dap-tam-giang
phu-yen,Đền thờ Lê Thành Phương,https://gody.vn/chau-a/viet-nam/phu-yen/den-tho-le-thanh-phuong
phu-yen,Đền Thờ Lương Văn Chánh,https://gody.vn/chau-a/viet-nam/phu-yen/den-tho-luong-van-chanh
phu-yen,Đèo Cả (Phú Yên),https://gody.vn/chau-a/viet-nam/phu-yen/deo-ca-phu-yen
phu-yen,Đèo Cù Mông (Phú Yên),https://gody.vn/chau-a/viet-nam/phu-yen/deo-cu-mong-phu-yen
phu-yen,Di Tích Cổ Thành Hồ (Phú Yên),https://gody.vn/chau-a/viet-nam/phu-yen/di-tich-co-thanh-ho-phu-yen
phu-yen,Địa đạo gò thị thùng,https://gody.vn/chau-a/viet-nam/phu-yen/dia-dao-go-thi-thung
phu-yen,Gềnh đá Hòa Thắng (Phú Yên),https://gody.vn/chau-a/viet-nam/phu-yen/genh-da-hoa-thang-phu-yen
phu-yen,Ghềnh Đá Đĩa,https://gody.vn/chau-a/viet-nam/phu-yen/ghenh-da-dia
phu-yen,Ghềnh đá Hang Cọp (Phú Yên),https://gody.vn/chau-a/viet-nam/phu-yen/ghenh-da-hang-cop-phu-yen
phu-yen,Hải Đăng Đại Lãnh,https://gody.vn/chau-a/viet-nam/phu-yen/hai-dang-dai-lanh
phu-yen,Hải đăng Gành Đèn,https://gody.vn/chau-a/viet-nam/phu-yen/hai-dang-ganh-den
phu-yen,Hồ Hóc Răm,https://gody.vn/chau-a/viet-nam/phu-yen/ho-hoc-ram
phu-yen,Hòn Dứa (Phú Yên),https://gody.vn/chau-a/viet-nam/phu-yen/hon-dua-phu-yen
phu-yen,Hòn Nưa (Phú Yên),https://gody.vn/chau-a/viet-nam/phu-yen/hon-nua-phu-yen
phu-yen,Hòn Yến (Phú Yên),https://gody.vn/chau-a/viet-nam/phu-yen/hon-yen-phu-yen
phu-yen,Kè chắn sóng Xóm Rớ,https://gody.vn/chau-a/viet-nam/phu-yen/ke-chan-song-xom-ro
phu-yen,Khu du lịch Bãi Tràm (Phú Yên),https://gody.vn/chau-a/viet-nam/phu-yen/khu-du-lich-bai-tram-phu-yen
phu-yen,Làng Rau Ngọc Lãng,https://gody.vn/chau-a/viet-nam/phu-yen/lang-rau-ngoc-lang
phu-yen,Mũi Điện (Mũi Đại Lãnh),https://gody.vn/chau-a/viet-nam/phu-yen/mui-dien-mui-dai-lanh
phu-yen,Nhà thờ Bác Hồ (Phú Yên),https://gody.vn/chau-a/viet-nam/phu-yen/nha-tho-bac-ho-phu-yen
phu-yen,Nhà thờ Mằng Lăng,https://gody.vn/chau-a/viet-nam/phu-yen/nha-tho-mang-lang
phu-yen,Núi Chóp Chài,https://gody.vn/chau-a/viet-nam/phu-yen/nui-chop-chai
phu-yen,Núi Đá Bia,https://gody.vn/chau-a/viet-nam/phu-yen/nui-da-bia
phu-yen,Núi Nhạn-Sông Đà,https://gody.vn/chau-a/viet-nam/phu-yen/nui-nhan-song-da
phu-yen,Phim Trường Bam Bi,https://gody.vn/chau-a/viet-nam/phu-yen/phim-truong-bam-bi
phu-yen,Quảng Đức Xưa (Phú Yên),https://gody.vn/chau-a/viet-nam/phu-yen/quang-duc-xua-phu-yen
phu-yen,Suối nước nóng Triêm Đức,https://gody.vn/chau-a/viet-nam/phu-yen/suoi-nuoc-nong-triem-duc
phu-yen,Thác Cây Đu,https://gody.vn/chau-a/viet-nam/phu-yen/thac-cay-du
phu-yen,Thác H'ly sông Hinh,https://gody.vn/chau-a/viet-nam/phu-yen/thac-hly-song-hinh
phu-yen,Thác Vực Hòm,https://gody.vn/chau-a/viet-nam/phu-yen/thac-vuc-hom
phu-yen,Tháp Nghinh Phong,https://gody.vn/chau-a/viet-nam/phu-yen/thap-nghinh-phong
phu-yen,Tháp Nhạn,https://gody.vn/chau-a/viet-nam/phu-yen/thap-nhan
phu-yen,Vịnh Vũng Rô,https://gody.vn/chau-a/viet-nam/phu-yen/vinh-vung-ro
phu-yen,Vịnh Vũng Rô (Phú Yên),https://gody.vn/chau-a/viet-nam/phu-yen/vinh-vung-ro-phu-yen
phu-yen,Vịnh Xuân Đài,https://gody.vn/chau-a/viet-nam/phu-yen/vinh-xuan-dai
phu-yen,"Vựa lúa miền Trung (Cánh đồng Tuy Hòa, Phú Yên)",https://gody.vn/chau-a/viet-nam/phu-yen/vua-lua-mien-trung-canh-dong-tuy-hoa-phu-yen
phu-yen,Vực Phun (Phú Yên),https://gody.vn/chau-a/viet-nam/phu-yen/vuc-phun-phu-yen
phu-yen,Đi đến,https://gody.vn/chau-a/viet-nam/phu-yen/di-den
phu-yen,Đi lại,https://gody.vn/chau-a/viet-nam/phu-yen/di-lai
phu-yen,Ăn uống,https://gody.vn/chau-a/viet-nam/phu-yen/an-uong
phu-yen,Mua sắm,https://gody.vn/chau-a/viet-nam/phu-yen/mua-sam
phu-yen,Đi khi nào,https://gody.vn/chau-a/viet-nam/phu-yen/di-khi-nao
bac-lieu,Bãi biển Nhà Mát,https://gody.vn/chau-a/viet-nam/bac-lieu/bai-bien-nha-mat
bac-lieu,Bảo tàng Bạc Liêu (Bac Lieu museum),https://gody.vn/chau-a/viet-nam/bac-lieu/bao-tang-bac-lieu-bac-lieu-museum
bac-lieu,Cánh đồng điện gió Bạc Liêu,https://gody.vn/chau-a/viet-nam/bac-lieu/canh-dong-dien-gio-bac-lieu
bac-lieu,Cánh đồng muối Bạc Liêu (Bac Lieu salt field),https://gody.vn/chau-a/viet-nam/bac-lieu/canh-dong-muoi-bac-lieu-bac-lieu-salt-field
bac-lieu,Cánh đồng quạt gió Bạc Liêu,https://gody.vn/chau-a/viet-nam/bac-lieu/canh-dong-quat-gio-bac-lieu
bac-lieu,Chùa Cỏ Thum (Co Thum Pagoda),https://gody.vn/chau-a/viet-nam/bac-lieu/chua-co-thum-co-thum-pagoda
bac-lieu,Chùa Ghôsitaram (Ghôsitaram Pagoda),https://gody.vn/chau-a/viet-nam/bac-lieu/chua-ghositaram-ghositaram-pagoda
bac-lieu,Chùa Giác Hoa (Giac Hoa pagoda),https://gody.vn/chau-a/viet-nam/bac-lieu/chua-giac-hoa-giac-hoa-pagoda
bac-lieu,Chùa Quan Đế (Quan De pagoda),https://gody.vn/chau-a/viet-nam/bac-lieu/chua-quan-de-quan-de-pagoda
bac-lieu,Chùa Xiêm Cán,https://gody.vn/chau-a/viet-nam/bac-lieu/chua-xiem-can
bac-lieu,Di tích đồng Nọc Nạng (Noc Nang field relics),https://gody.vn/chau-a/viet-nam/bac-lieu/di-tich-dong-noc-nang-noc-nang-field-relics
bac-lieu,Dinh thự Công tử Bạc Liêu,https://gody.vn/chau-a/viet-nam/bac-lieu/dinh-thu-cong-tu-bac-lieu
bac-lieu,Khu du lịch sinh thái Hồ Nam (Ho Nam Ecotourism destinations),https://gody.vn/chau-a/viet-nam/bac-lieu/khu-du-lich-sinh-thai-ho-nam-ho-nam-ecotourism-destinations
bac-lieu,Khu lưu niệm Nghệ thuật Đờn ca tài tử Nam bộ và Nhạc sĩ Cao Văn Lầu,https://gody.vn/chau-a/viet-nam/bac-lieu/khu-luu-niem-nghe-thuat-don-ca-tai-tu-nam-bo-va-nhac-si-cao-van-lau
bac-lieu,Làng nghề đan đát Phước Long (Phuoc Long village),https://gody.vn/chau-a/viet-nam/bac-lieu/lang-nghe-dan-dat-phuoc-long-phuoc-long-village
bac-lieu,Lễ hội Nghinh Ông Gành Hào (Nghing Ong festival),https://gody.vn/chau-a/viet-nam/bac-lieu/le-hoi-nghinh-ong-ganh-hao-nghing-ong-festival
bac-lieu,Miếu cổ Phước Đức (Phuoc Duc old temple),https://gody.vn/chau-a/viet-nam/bac-lieu/mieu-co-phuoc-duc-phuoc-duc-old-temple
bac-lieu,Nhà hát Cao Văn Lầu,https://gody.vn/chau-a/viet-nam/bac-lieu/nha-hat-cao-van-lau
bac-lieu,Nhà thờ Tắc Sậy (Tac Say Church),https://gody.vn/chau-a/viet-nam/bac-lieu/nha-tho-tac-say-tac-say-church
bac-lieu,Phật Bà Nam Hải,https://gody.vn/chau-a/viet-nam/bac-lieu/phat-ba-nam-hai
bac-lieu,Quán Âm Phật Đài (Quan Am Phat Dai pagoda),https://gody.vn/chau-a/viet-nam/bac-lieu/quan-am-phat-dai-quan-am-phat-dai-pagoda
bac-lieu,Quảng trường Hùng Vương,https://gody.vn/chau-a/viet-nam/bac-lieu/quang-truong-hung-vuong
bac-lieu,Tháp cổ Vĩnh Hưng (Vinh Hung old tower),https://gody.vn/chau-a/viet-nam/bac-lieu/thap-co-vinh-hung-vinh-hung-old-tower
bac-lieu,Tịnh xá Ngọc Liên (Ngoc Lien pagoda),https://gody.vn/chau-a/viet-nam/bac-lieu/tinh-xa-ngoc-lien-ngoc-lien-pagoda
bac-lieu,Vườn chim Bạc Liêu,https://gody.vn/chau-a/viet-nam/bac-lieu/vuon-chim-bac-lieu
bac-lieu,Vườn nhãn cổ trăm tuổi,https://gody.vn/chau-a/viet-nam/bac-lieu/vuon-nhan-co-tram-tuoi
nghe-an,Bãi biển Cửa Hiền,https://gody.vn/chau-a/viet-nam/nghe-an/bai-bien-cua-hien
nghe-an,Bãi biển Diễn Thành,https://gody.vn/chau-a/viet-nam/nghe-an/bai-bien-dien-thanh
nghe-an,Bãi Đá Nghi Thiết,https://gody.vn/chau-a/viet-nam/nghe-an/bai-da-nghi-thiet
nghe-an,Bãi Lữ,https://gody.vn/chau-a/viet-nam/nghe-an/bai-lu
nghe-an,Bảo tàng Xô Viết Nghệ Tĩnh,https://gody.vn/chau-a/viet-nam/nghe-an/bao-tang-xo-viet-nghe-tinh
nghe-an,Biển Cửa Hội,https://gody.vn/chau-a/viet-nam/nghe-an/bien-cua-hoi
nghe-an,Biển Cửa Lò,https://gody.vn/chau-a/viet-nam/nghe-an/bien-cua-lo
nghe-an,Cánh đồng hoa hướng dương,https://gody.vn/chau-a/viet-nam/nghe-an/canh-dong-hoa-huong-duong
nghe-an,Chùa Đại Tuệ,https://gody.vn/chau-a/viet-nam/nghe-an/chua-dai-tue
nghe-an,Chùa Song Ngư,https://gody.vn/chau-a/viet-nam/nghe-an/chua-song-ngu
nghe-an,Cổng trời Mường Lống,https://gody.vn/chau-a/viet-nam/nghe-an/cong-troi-muong-long
nghe-an,Cửa khẩu Nậm Cắn,https://gody.vn/chau-a/viet-nam/nghe-an/cua-khau-nam-can
nghe-an,Cụm bãi biển Quỳnh,https://gody.vn/chau-a/viet-nam/nghe-an/cum-bai-bien-quynh
nghe-an,Đảo Hòn Ngư,https://gody.vn/chau-a/viet-nam/nghe-an/dao-hon-ngu
nghe-an,Đảo Lan Châu,https://gody.vn/chau-a/viet-nam/nghe-an/dao-lan-chau
nghe-an,Đền Cuông (Cuong Temple),https://gody.vn/chau-a/viet-nam/nghe-an/den-cuong-cuong-temple
nghe-an,Đền Ông Hoàng Mười,https://gody.vn/chau-a/viet-nam/nghe-an/den-ong-hoang-muoi
nghe-an,Đền thờ vua Quang Trung,https://gody.vn/chau-a/viet-nam/nghe-an/den-tho-vua-quang-trung
nghe-an,Di tích lịch sử văn hóa Kim Liên,https://gody.vn/chau-a/viet-nam/nghe-an/di-tich-lich-su-van-hoa-kim-lien
nghe-an,Đỉnh Pu Xai Lai Len,https://gody.vn/chau-a/viet-nam/nghe-an/dinh-pu-xai-lai-len
nghe-an,Đồi hoa Tam Giác Mạch,https://gody.vn/chau-a/viet-nam/nghe-an/doi-hoa-tam-giac-mach
nghe-an,Hang Bua,https://gody.vn/chau-a/viet-nam/nghe-an/hang-bua
nghe-an,Hang Thẩm Ồm,https://gody.vn/chau-a/viet-nam/nghe-an/hang-tham-om
nghe-an,Kênh nhà Lê,https://gody.vn/chau-a/viet-nam/nghe-an/kenh-nha-le
nghe-an,Khu di tích Truông Bồn,https://gody.vn/chau-a/viet-nam/nghe-an/khu-di-tich-truong-bon
nghe-an,Khu Du Lịch Đảo Chè Thanh Chương,https://gody.vn/chau-a/viet-nam/nghe-an/khu-du-lich-dao-che-thanh-chuong
nghe-an,Khu sinh thái Mường Thanh Diễn Lâm,https://gody.vn/chau-a/viet-nam/nghe-an/khu-sinh-thai-muong-thanh-dien-lam
nghe-an,Làng chài Xuân Thủy,https://gody.vn/chau-a/viet-nam/nghe-an/lang-chai-xuan-thuy
nghe-an,Làng Hoàng Trù,https://gody.vn/chau-a/viet-nam/nghe-an/lang-hoang-tru
nghe-an,Làng Sen quê Bác,https://gody.vn/chau-a/viet-nam/nghe-an/lang-sen-que-bac
nghe-an,Mộ bà Hoàng Thị Loan,https://gody.vn/chau-a/viet-nam/nghe-an/mo-ba-hoang-thi-loan
nghe-an,Ngôi đền Cờn,https://gody.vn/chau-a/viet-nam/nghe-an/ngoi-den-con
nghe-an,Núi Quyết (Taoist Temple),https://gody.vn/chau-a/viet-nam/nghe-an/nui-quyet-taoist-temple
nghe-an,Suối nước Mọc,https://gody.vn/chau-a/viet-nam/nghe-an/suoi-nuoc-moc
nghe-an,Thác 7 tầng,https://gody.vn/chau-a/viet-nam/nghe-an/thac-7-tang
nghe-an,Thác Hồng Sơn,https://gody.vn/chau-a/viet-nam/nghe-an/thac-hong-son
nghe-an,Thác Khe Kèm,https://gody.vn/chau-a/viet-nam/nghe-an/thac-khe-kem
nghe-an,Thác nước Mưa Thanh Chương,https://gody.vn/chau-a/viet-nam/nghe-an/thac-nuoc-mua-thanh-chuong
nghe-an,Thác nước Vình,https://gody.vn/chau-a/viet-nam/nghe-an/thac-nuoc-vinh
nghe-an,Thác Sao Va,https://gody.vn/chau-a/viet-nam/nghe-an/thac-sao-va
nghe-an,Thành cổ Vinh,https://gody.vn/chau-a/viet-nam/nghe-an/thanh-co-vinh
nghe-an,Trại cừu Yên Thành,https://gody.vn/chau-a/viet-nam/nghe-an/trai-cuu-yen-thanh
nghe-an,Vườn quốc gia Pù Mát,https://gody.vn/chau-a/viet-nam/nghe-an/vuon-quoc-gia-pu-mat
binh-dinh,Bãi biển Cát Tiến,https://gody.vn/chau-a/viet-nam/binh-dinh/bai-bien-cat-tien
binh-dinh,Bãi biển Lộ Diêu,https://gody.vn/chau-a/viet-nam/binh-dinh/bai-bien-lo-dieu
binh-dinh,Bãi biển Quy Hòa - Quy Nhơn,https://gody.vn/chau-a/viet-nam/binh-dinh/bai-bien-quy-hoa
binh-dinh,Bãi tắm Hoàng Hậu - Quy Nhơn,https://gody.vn/chau-a/viet-nam/binh-dinh/bai-tam-hoang-hau
binh-dinh,Bãi Xếp - Quy Nhơn,https://gody.vn/chau-a/viet-nam/binh-dinh/bai-xep-quy-nhon
binh-dinh,Bán đảo Phương Mai - Quy Nhơn,https://gody.vn/chau-a/viet-nam/binh-dinh/ban-dao-phuong-mai
binh-dinh,Bảo tàng Bình Định - Quy Nhơn,https://gody.vn/chau-a/viet-nam/binh-dinh/bao-tang-binh-dinh
binh-dinh,Bảo tàng Quang Trung,https://gody.vn/chau-a/viet-nam/binh-dinh/bao-tang-quang-trung
binh-dinh,Cầu Thị Nại - Quy Nhơn,https://gody.vn/chau-a/viet-nam/binh-dinh/cau-thi-nai
binh-dinh,Chùa Bà Nước Mặn,https://gody.vn/chau-a/viet-nam/binh-dinh/chua-ba-nuoc-man
binh-dinh,Chùa Long Khánh - Quy Nhơn,https://gody.vn/chau-a/viet-nam/binh-dinh/chua-long-khanh
binh-dinh,Chùa Minh Tịnh - Quy Nhơn,https://gody.vn/chau-a/viet-nam/binh-dinh/chua-minh-tinh
binh-dinh,Chùa Ông Núi,https://gody.vn/chau-a/viet-nam/binh-dinh/chua-ong-nui
binh-dinh,Chùa Sơn Long - Quy Nhơn,https://gody.vn/chau-a/viet-nam/binh-dinh/chua-son-long
binh-dinh,Chùa Tăng Quang – Quy Nhơn,https://gody.vn/chau-a/viet-nam/binh-dinh/chua-tang-quang-quy-nhon-binh-dinh
binh-dinh,Chùa Thập Tháp,https://gody.vn/chau-a/viet-nam/binh-dinh/chua-thap-thap
binh-dinh,Chùa Thiên Hưng,https://gody.vn/chau-a/viet-nam/binh-dinh/chua-thien-hung
binh-dinh,Công viên FLC Zoo Safari Park - Quy Nhơn,https://gody.vn/chau-a/viet-nam/binh-dinh/cong-vien-flc-zoo-safari-park
binh-dinh,Cù Lao Xanh - Quy Nhơn,https://gody.vn/chau-a/viet-nam/binh-dinh/cu-lao-xanh
binh-dinh,Đầm Thị Nại - Quy Nhơn,https://gody.vn/chau-a/viet-nam/binh-dinh/dam-thi-nai
binh-dinh,Đảo Hòn Khô - Quy Nhơn,https://gody.vn/chau-a/viet-nam/binh-dinh/dao-hon-kho
binh-dinh,Đảo Yến - Quy Nhơn,https://gody.vn/chau-a/viet-nam/binh-dinh/dao-yen
binh-dinh,Đồi cát Phương Mai - Quy Nhơn,https://gody.vn/chau-a/viet-nam/binh-dinh/doi-cat-phuong-mai
binh-dinh,Eo Gió - Quy Nhơn,https://gody.vn/chau-a/viet-nam/binh-dinh/eo-gio
binh-dinh,Ghềnh Ráng - Quy Nhơn,https://gody.vn/chau-a/viet-nam/binh-dinh/ghenh-rang
binh-dinh,Hải đăng Cù Lao Xanh - Quy Nhơn,https://gody.vn/chau-a/viet-nam/binh-dinh/hai-dang-cu-lao-xanh
binh-dinh,Hải đăng Hòn Nước - Quy Nhon,https://gody.vn/chau-a/viet-nam/binh-dinh/hai-dang-hon-nuoc-quy-nhon
binh-dinh,Hải đăng Phước Mai - Quy Nhơn,https://gody.vn/chau-a/viet-nam/binh-dinh/hai-dang-phuoc-mai
binh-dinh,Hàm Hồ Bình Định,https://gody.vn/chau-a/viet-nam/binh-dinh/ham-ho-binh-dinh
binh-dinh,Hòn Sẹo - Quy Nhơn,https://gody.vn/chau-a/viet-nam/binh-dinh/hon-seo
binh-dinh,Khu Du Lịch Bãi Bầu Quy Nhơn,https://gody.vn/chau-a/viet-nam/binh-dinh/khu-du-lich-bai-bau-quy-nhon
binh-dinh,Khu du lịch dã ngoại Trung Lương,https://gody.vn/chau-a/viet-nam/binh-dinh/khu-du-lich-da-ngoai-trung-luong
binh-dinh,Khu du lịch FLC Quy Nhơn,https://gody.vn/chau-a/viet-nam/binh-dinh/khu-du-lich-flc-quy-nhon
binh-dinh,Kỳ Co - Quy Nhơn,https://gody.vn/chau-a/viet-nam/binh-dinh/ky-co
binh-dinh,Làng chài Hải Minh - Quy Nhơn,https://gody.vn/chau-a/viet-nam/binh-dinh/lang-chai-hai-minh-quy-nhon
binh-dinh,Mũi Vi Rồng - Quy Nhơn,https://gody.vn/chau-a/viet-nam/binh-dinh/mui-vi-rong-quy-nhon
binh-dinh,Nhà thờ Chánh Tòa - Quy Nhơn,https://gody.vn/chau-a/viet-nam/binh-dinh/nha-tho-chanh-toa-quy-nhon
binh-dinh,Nhà thờ Làng Sông,https://gody.vn/chau-a/viet-nam/binh-dinh/nha-tho-lang-song
binh-dinh,Núi Ba Bình Định,https://gody.vn/chau-a/viet-nam/binh-dinh/nui-ba-ba-mountain
binh-dinh,Núi Vũng Chua - Quy Nhơn,https://gody.vn/chau-a/viet-nam/binh-dinh/nui-vung-chua
binh-dinh,Suối đá Long Mỹ,https://gody.vn/chau-a/viet-nam/binh-dinh/suoi-da-long-my
binh-dinh,Suối Đá Vàng - Quy Nhơn,https://gody.vn/chau-a/viet-nam/binh-dinh/suoi-da-vang
binh-dinh,Suối Lồ Ô - Quy Nhơn,https://gody.vn/chau-a/viet-nam/binh-dinh/suoi-lo-o
binh-dinh,Suối Tà Má,https://gody.vn/chau-a/viet-nam/binh-dinh/suoi-ta-ma
binh-dinh,Surf Bar - Quy Nhơn,https://gody.vn/chau-a/viet-nam/binh-dinh/surf-bar-quy-nhon
binh-dinh,Thành cổ Đồ Bàn - Quy Nhơn,https://gody.vn/chau-a/viet-nam/binh-dinh/thanh-co-do-ban-quy-nhon
binh-dinh,Tháp Chăm Bánh Ít (Tháp Bạc),https://gody.vn/chau-a/viet-nam/binh-dinh/thap-cham-banh-it-thap-bac
binh-dinh,Tháp Đôi (tháp Chăm Hưng Thạnh) - Quy Nhơn,https://gody.vn/chau-a/viet-nam/binh-dinh/thap-doi-quy-nhon
binh-dinh,Tháp Dương Long (Tháp Nga),https://gody.vn/chau-a/viet-nam/binh-dinh/thap-duong-long-thap-nga
binh-dinh,Tịnh xá Ngọc Hoà - Quy Nhơn,https://gody.vn/chau-a/viet-nam/binh-dinh/tinh-xa-ngoc-hoa-quy-nhon
binh-dinh,Tượng đài Nguyễn Sinh Sắc – Nguyễn Tất Thành - Quy Nhơn,https://gody.vn/chau-a/viet-nam/binh-dinh/tuong-dai-nguyen-sinh-sac-nguyen-tat-thanh
binh-dinh,Vườn thơ Hàn Mặc Tử,https://gody.vn/chau-a/viet-nam/binh-dinh/vuon-tho-han-mac-tu
lai-chau,Bạch Mộng Lượng Tử (Bạch Mộng Lượng Tử Mountain),https://gody.vn/chau-a/viet-nam/lai-chau/bach-mong-luong-tu-bach-mong-luong-tu-mountain
lai-chau,Bản Hon (Hon Village),https://gody.vn/chau-a/viet-nam/lai-chau/ban-hon-hon-village
lai-chau,Bản Nà Luồng (Na Luong Village),https://gody.vn/chau-a/viet-nam/lai-chau/ban-na-luong-na-luong-village
lai-chau,Bản Vàng Pheo (Vàng Pheo Village),https://gody.vn/chau-a/viet-nam/lai-chau/ban-vang-pheo-vang-pheo-village
lai-chau,Bia Lê Lợi,https://gody.vn/chau-a/viet-nam/lai-chau/bia-le-loi
lai-chau,Cánh Đồng Mường Than (Muong Than Paddies),https://gody.vn/chau-a/viet-nam/lai-chau/canh-dong-muong-than-muong-than-paddies
lai-chau,Cao nguyên Sìn Hồ,https://gody.vn/chau-a/viet-nam/lai-chau/cao-nguyen-sin-ho
lai-chau,Chợ người Thái Đen - Đặc sản Măng nộm Hoa Ban,https://gody.vn/chau-a/viet-nam/lai-chau/cho-nguoi-thai-den-dac-san-mang-nom-hoa-ban
lai-chau,Cửa khẩu Ma Lù Thàng (Ma Lù Thàng Border gate),https://gody.vn/chau-a/viet-nam/lai-chau/cua-khau-ma-lu-thang-ma-lu-thang-border-gate
lai-chau,Đá thiêng Hà Nhì (Hà Nhì Sacred Stone),https://gody.vn/chau-a/viet-nam/lai-chau/da-thieng-ha-nhi-ha-nhi-sacred-stone
lai-chau,Đặc sản Cá bống vùi gio,https://gody.vn/chau-a/viet-nam/lai-chau/dac-san-ca-bong-vui-gio
lai-chau,Đặc sản Lợn cắp nách,https://gody.vn/chau-a/viet-nam/lai-chau/dac-san-lon-cap-nach
lai-chau,Đặc sản Măng nộm Hoa Ban,https://gody.vn/chau-a/viet-nam/lai-chau/dac-san-mang-nom-hoa-ban
lai-chau,Đặc sản Nộm rau dớn,https://gody.vn/chau-a/viet-nam/lai-chau/dac-san-nom-rau-don
lai-chau,Đặc sản Pa pỉnh tộp,https://gody.vn/chau-a/viet-nam/lai-chau/dac-san-pa-pinh-top
lai-chau,Đặc sản Pa pỉnh tộp Trần Hưng Đạo,https://gody.vn/chau-a/viet-nam/lai-chau/dac-san-pa-pinh-top-tran-hung-dao
lai-chau,Đặc sản Rêu đá nướng,https://gody.vn/chau-a/viet-nam/lai-chau/dac-san-reu-da-nuong
lai-chau,Đặc sản Thịt treo gác bếp,https://gody.vn/chau-a/viet-nam/lai-chau/dac-san-thit-treo-gac-bep
lai-chau,Đặc sản xôi tím,https://gody.vn/chau-a/viet-nam/lai-chau/dac-san-xoi-tim
lai-chau,Đèo Ô Quy Hồ (O Quy Ho Pass),https://gody.vn/chau-a/viet-nam/lai-chau/deo-o-quy-ho-o-quy-ho-pass
lai-chau,Di tích vua Thái – Đèo Văn Long,https://gody.vn/chau-a/viet-nam/lai-chau/di-tich-vua-thai-deo-van-long
lai-chau,Đỉnh Pu Si Lung (Pu Si Lung Mountain),https://gody.vn/chau-a/viet-nam/lai-chau/dinh-pu-si-lung-pu-si-lung-mountain
lai-chau,Đỉnh Pu Ta Leng (Pu Ta Leng Mountain),https://gody.vn/chau-a/viet-nam/lai-chau/dinh-pu-ta-leng-pu-ta-leng-mountain
lai-chau,Đồi chè Tân Uyên (Tân Uyên Tea Farm),https://gody.vn/chau-a/viet-nam/lai-chau/doi-che-tan-uyen-tan-uyen-tea-farm
lai-chau,Động Tiên Sơn (Tien Son Cave),https://gody.vn/chau-a/viet-nam/lai-chau/dong-tien-son-tien-son-cave
lai-chau,Guồng nước Nà Khương (Guồng nước Nà Khương Tourist site),https://gody.vn/chau-a/viet-nam/lai-chau/guong-nuoc-na-khuong-guong-nuoc-na-khuong-tourist-site
lai-chau,Khu bảo tồn thiên nhiên Mường Tè (Mường Tè Natural Reserve),https://gody.vn/chau-a/viet-nam/lai-chau/khu-bao-ton-thien-nhien-muong-te-muong-te-natural-reserve
lai-chau,Mốc 17 – Thượng nguồn Sông Đà (Border Posts No. 17),https://gody.vn/chau-a/viet-nam/lai-chau/moc-17-thuong-nguon-song-da-border-posts-no-17
lai-chau,Nhà máy Thủy điện Lai Châu (Lai Chau Hydropower Plant),https://gody.vn/chau-a/viet-nam/lai-chau/nha-may-thuy-dien-lai-chau-lai-chau-hydropower-plant
lai-chau,Núi Đá Ô (Umbrella Stone),https://gody.vn/chau-a/viet-nam/lai-chau/nui-da-o-umbrella-stone
lai-chau,Quần thể hang động Pu Sam Cáp (Pu Sam Cap Cave),https://gody.vn/chau-a/viet-nam/lai-chau/quan-the-hang-dong-pu-sam-cap-pu-sam-cap-cave
lai-chau,Ruộng bậc thang bản Sín Chải ( Terraced Rice Fields in Shin Chai Village ),https://gody.vn/chau-a/viet-nam/lai-chau/ruong-bac-thang-ban-sin-chai-terraced-rice-fields-in-shin-chai-village
lai-chau,Sì Thâu Chải (Sì Thâu Chải Tourist site),https://gody.vn/chau-a/viet-nam/lai-chau/si-thau-chai-si-thau-chai-tourist-site
lai-chau,Tả Liên Sơn (Tả Liên Mountain),https://gody.vn/chau-a/viet-nam/lai-chau/ta-lien-son-ta-lien-mountain
lai-chau,Thác Tác Tình (Tac Tinh Waterfall),https://gody.vn/chau-a/viet-nam/lai-chau/thac-tac-tinh-tac-tinh-waterfall
lai-chau,Thác Trái Tim (Heart-shaped Waterfall),https://gody.vn/chau-a/viet-nam/lai-chau/thac-trai-tim-heart-shaped-waterfall
quang-nam,ALLEY Artist House - Hội An,https://gody.vn/chau-a/viet-nam/quang-nam/alley-artist-house
quang-nam,Bãi biển Bàn Than,https://gody.vn/chau-a/viet-nam/quang-nam/bai-bien-bang-than
quang-nam,Bãi biển Cửa Đại - Hội An,https://gody.vn/chau-a/viet-nam/quang-nam/bai-bien-cua-dai-cua-dai-beach
quang-nam,Bãi biển Hà My,https://gody.vn/chau-a/viet-nam/quang-nam/bai-bien-ha-my
quang-nam,Bãi tắm Rạng,https://gody.vn/chau-a/viet-nam/quang-nam/bai-tam-rang
quang-nam,Bánh mì Phượng - Hội An,https://gody.vn/chau-a/viet-nam/quang-nam/banh-mi-phuong
quang-nam,Bảo tàng di sản văn hóa của Réhahn - Hội An,https://gody.vn/chau-a/viet-nam/quang-nam/bao-tang-di-san-van-hoa-cua-rehahn-precious-heritage-by-rehahn
quang-nam,Bảo tàng Hội An,https://gody.vn/chau-a/viet-nam/quang-nam/bao-tang-hoi-an
quang-nam,Bảo tàng lịch sử văn hóa Hội,https://gody.vn/chau-a/viet-nam/quang-nam/bao-tang-lich-su-van-hoa-hoi-an-hoi-an-museum-of-history-culture
quang-nam,Biển An Bàng - Hội An,https://gody.vn/chau-a/viet-nam/quang-nam/bien-an-bang
quang-nam,Biển Tam Thanh,https://gody.vn/chau-a/viet-nam/quang-nam/bien-tam-thanh
quang-nam,Cao Lầu Thanh - Hội An,https://gody.vn/chau-a/viet-nam/quang-nam/cao-lau-thanh
quang-nam,Chợ đêm Nguyễn Hoàng - Hội An,https://gody.vn/chau-a/viet-nam/quang-nam/cho-dem-nguyen-hoang-hoi-an
quang-nam,Chợ Hội An,https://gody.vn/chau-a/viet-nam/quang-nam/cho-hoi-an
quang-nam,Chùa Cầu Hội An,https://gody.vn/chau-a/viet-nam/quang-nam/chua-cau-japanese-covered-bridge
quang-nam,Chùa Chúc Thánh - Hội An,https://gody.vn/chau-a/viet-nam/quang-nam/chua-chuc-thanh
quang-nam,Chùa Pháp Bảo - Hội An,https://gody.vn/chau-a/viet-nam/quang-nam/chua-phap-bao-phap-bao-pagoda
quang-nam,Chùa phước lâm - Hội An,https://gody.vn/chau-a/viet-nam/quang-nam/chua-phuoc-lam
quang-nam,Cơm gà Bà Buội - Hội An,https://gody.vn/chau-a/viet-nam/quang-nam/com-ga-ba-buoi
quang-nam,Cổng Trời Đông Giang,https://gody.vn/chau-a/viet-nam/quang-nam/cong-troi-dong-giang
quang-nam,Công viên đất nung Thanh Hà - Hội An,https://gody.vn/chau-a/viet-nam/quang-nam/cong-vien-dat-nung-thanh-ha
quang-nam,Công Viên Văn Hóa Chủ Đề Ấn Tượng Hội An ( Hoi An Impression Theme Park ),https://gody.vn/chau-a/viet-nam/quang-nam/cong-vien-van-hoa-chu-de-an-tuong-hoi-an-hoi-an-impression-theme-park
quang-nam,Cù Lao Chàm Hội An,https://gody.vn/chau-a/viet-nam/quang-nam/cu-lao-cham
quang-nam,Đảo Cẩm Nam,https://gody.vn/chau-a/viet-nam/quang-nam/dao-cam-nam
quang-nam,Đảo Thuận Tình,https://gody.vn/chau-a/viet-nam/quang-nam/dao-thuan-tinh
quang-nam,Đền thờ Quan Công - Hội An,https://gody.vn/chau-a/viet-nam/quang-nam/den-tho-quan-cong-quan-cong-temple
quang-nam,Địa đạo Kỳ Anh,https://gody.vn/chau-a/viet-nam/quang-nam/dia-dao-ky-anh
quang-nam,Đình Cẩm Phô Hội an,https://gody.vn/chau-a/viet-nam/quang-nam/dinh-cam-pho
quang-nam,Đồi chè Đồng Giang,https://gody.vn/chau-a/viet-nam/quang-nam/doi-che-dong-giang
quang-nam,Giếng Bá Lễ - Hội An,https://gody.vn/chau-a/viet-nam/quang-nam/gieng-ba-le-ba-le-well
quang-nam,Hang Dơi Tiên An,https://gody.vn/chau-a/viet-nam/quang-nam/hang-doi-tien-an
quang-nam,Hội quán Hải Nam - Hội An,https://gody.vn/chau-a/viet-nam/quang-nam/hoi-quan-hai-nam-hainan-assembly-hall
quang-nam,Hội quán Phúc Kiến - Hội An,https://gody.vn/chau-a/viet-nam/quang-nam/hoi-quan-phuc-kien-assembly-hall-of-the-fujian
quang-nam,Hội quán Quảng Đông - Hội An,https://gody.vn/chau-a/viet-nam/quang-nam/hoi-quan-quang-dong-cantonese-assembly-hall
quang-nam,Hội quán Triều Châu - Hội An,https://gody.vn/chau-a/viet-nam/quang-nam/hoi-quan-trieu-chau-assembly-hall-of-the-chaozhou-chinese-congregation
quang-nam,Hội quán Trung Hoa - Hội An,https://gody.vn/chau-a/viet-nam/quang-nam/hoi-quan-trung-hoa-chinese-all-community-assembly-hall
quang-nam,Hòn Kẽm Đá Dừng,https://gody.vn/chau-a/viet-nam/quang-nam/hon-kem-da-dung
quang-nam,Jack’s Cat Cafe - Hội An,https://gody.vn/chau-a/viet-nam/quang-nam/jacks-cat-cafe
quang-nam,Không gian hội ngộ Cotic (COTIC art space-cafe) - Hội An,https://gody.vn/chau-a/viet-nam/quang-nam/khong-gian-hoi-ngo-cotic-cotic-art-space-cafe
quang-nam,Khu di tích Văn Thánh- Khổng Miếu,https://gody.vn/chau-a/viet-nam/quang-nam/khu-di-tich-van-thanh-khong-mieu
quang-nam,Khu du lịch sinh thái hồ Phú Ninh,https://gody.vn/chau-a/viet-nam/quang-nam/khu-du-lich-sinh-thai-ho-phu-ninh
quang-nam,Khu du lịch sinh thái Khe Lim,https://gody.vn/chau-a/viet-nam/quang-nam/khu-du-lich-sinh-thai-khe-lim
quang-nam,Khu Du lịch Vinahouse,https://gody.vn/chau-a/viet-nam/quang-nam/khu-du-lich-vinahouse
quang-nam,Làng Bích Họa Tam Thanh,https://gody.vn/chau-a/viet-nam/quang-nam/lang-bich-hoa-tam-thanh
quang-nam,Làng đúc đồng Phước Kiều,https://gody.vn/chau-a/viet-nam/quang-nam/lang-duc-dong-phuoc-kieu
quang-nam,Làng gốm Thanh Hà - Hội An,https://gody.vn/chau-a/viet-nam/quang-nam/lang-gom-thanh-ha
quang-nam,Làng rau Trà Quế - Hội An,https://gody.vn/chau-a/viet-nam/quang-nam/lang-rau-tra-que-tra-que-vegetable-village
quang-nam,Lò gạch cũ Duy Vinh,https://gody.vn/chau-a/viet-nam/quang-nam/lo-gach-cu-duy-vinh
quang-nam,Miếu Hy Hòa - Hội An,https://gody.vn/chau-a/viet-nam/quang-nam/mieu-hy-hoa
quang-nam,Mót Hội An,https://gody.vn/chau-a/viet-nam/quang-nam/mot-hoi-an-tra-thao-moc-sa-chanh
quang-nam,Nhà cổ Diệp Đồng Nguyên - Hội An,https://gody.vn/chau-a/viet-nam/quang-nam/nha-co-diep-dong-nguyen-diep-dong-nguyen-house
quang-nam,Nhà cổ Đức An - Hội An,https://gody.vn/chau-a/viet-nam/quang-nam/nha-co-duc-an-duc-an-old-house
quang-nam,Nhà cổ Phùng Hưng - Hội An,https://gody.vn/chau-a/viet-nam/quang-nam/nha-co-phung-hung-phung-hung-ancient-house
quang-nam,Nhà cổ Quân Thắng - Hội An,https://gody.vn/chau-a/viet-nam/quang-nam/nha-co-quan-thang-quan-thang-ancient-house
quang-nam,Nhà cổ Tấn Ký - Hội An,https://gody.vn/chau-a/viet-nam/quang-nam/nha-co-tan-ky
quang-nam,Nhà lưu niệm cố chủ tịch nước Võ Chí Công,https://gody.vn/chau-a/viet-nam/quang-nam/nha-luu-niem-co-chu-tich-nuoc-vo-chi-cong
quang-nam,Nhà thờ cổ tộc Trần - Hội An,https://gody.vn/chau-a/viet-nam/quang-nam/nha-tho-co-toc-tran-tran-family-chapel
quang-nam,Rừng dừa Bảy Mẫu - Hội An,https://gody.vn/chau-a/viet-nam/quang-nam/rung-dua-bay-mau
quang-nam,Suối Tiên Quảng Nam,https://gody.vn/chau-a/viet-nam/quang-nam/suoi-tien-quang-nam
quang-nam,Tam Quan Bà Mụ - Hội An,https://gody.vn/chau-a/viet-nam/quang-nam/tam-quan-ba-mu
quang-nam,Thác Grăng,https://gody.vn/chau-a/viet-nam/quang-nam/thac-grang
quang-nam,Thác Hố Giang Thơm,https://gody.vn/chau-a/viet-nam/quang-nam/thac-ho-giang-thom
quang-nam,Thánh địa Mỹ Sơn,https://gody.vn/chau-a/viet-nam/quang-nam/thanh-dia-my-son
quang-nam,Tháp Chiên Đàn,https://gody.vn/chau-a/viet-nam/quang-nam/thap-chien-dan
quang-nam,Tháp Khương Mỹ,https://gody.vn/chau-a/viet-nam/quang-nam/thap-khuong-my
quang-nam,Triển lãm Tháng Ba (March Gallery) - Hội An,https://gody.vn/chau-a/viet-nam/quang-nam/trien-lam-thang-ba-march-gallery
quang-nam,Trung tâm biểu diễn Lune Hội An,https://gody.vn/chau-a/viet-nam/quang-nam/trung-tam-bieu-dien-lune-hoi-an-lune-perfoming-center-hoi-an
quang-nam,Trung tâm Hoa Văn Lễ Nghĩa - Hội An,https://gody.vn/chau-a/viet-nam/quang-nam/trung-tam-hoa-van-le-nghia
quang-nam,Trung tâm nghệ thuật xứ Đàng Trong - Hội An,https://gody.vn/chau-a/viet-nam/quang-nam/trung-tam-nghe-thuat-xu-dang-trong-hoi-an-handicraft-workshop
quang-nam,Tượng đài Mẹ Thứ,https://gody.vn/chau-a/viet-nam/quang-nam/tuong-dai-me-thu
quang-nam,Vinpearl Land Nam Hội An,https://gody.vn/chau-a/viet-nam/quang-nam/vinpearl-land-nam-hoi-an
quang-nam,Xưởng thủ công mỹ nghệ Hội An,https://gody.vn/chau-a/viet-nam/quang-nam/xuong-thu-cong-my-nghe-hoi-an-hoi-an-handicraft-workshop
kon-tum,Bảo tàng Kon Tum,https://gody.vn/chau-a/viet-nam/kon-tum/bao-tang-kon-tum
kon-tum,Cá gỏi kiến vàng 87 Sa Thầy,https://gody.vn/chau-a/viet-nam/kon-tum/ca-goi-kien-vang-87-sa-thay
kon-tum,Cầu treo Kon Klor,https://gody.vn/chau-a/viet-nam/kon-tum/cau-treo-kon-klor
kon-tum,Chùa Bác Ái Kontum,https://gody.vn/chau-a/viet-nam/kon-tum/chua-bac-ai-kontum
kon-tum,Đặc sản Cá Tầm,https://gody.vn/chau-a/viet-nam/kon-tum/dac-san-ca-tam
kon-tum,Đặc sản Gỏi lá Út Cưng Kon Tum,https://gody.vn/chau-a/viet-nam/kon-tum/dac-san-goi-la-ut-cung-kon-tum
kon-tum,Đặc sản Heo măng đen quay Kon Tum,https://gody.vn/chau-a/viet-nam/kon-tum/dac-san-heo-mang-den-quay-kon-tum
kon-tum,Đặc sản Thịt nhím đường Hùng Vương,https://gody.vn/chau-a/viet-nam/kon-tum/dac-san-thit-nhim-duong-hung-vuong
kon-tum,Đặc sản Xôi măng Đường Lê Lợi,https://gody.vn/chau-a/viet-nam/kon-tum/dac-san-xoi-mang-duong-le-loi
kon-tum,Khu Di Tích Chiến Thắng Đak Tô - Tân Cảnh,https://gody.vn/chau-a/viet-nam/kon-tum/khu-di-tich-chien-thang-dak-to-tan-canh
kon-tum,Khu du lịch sinh thái Măng Đen,https://gody.vn/chau-a/viet-nam/kon-tum/khu-du-lich-sinh-thai-mang-den
kon-tum,Khu du lich sinh thái Thác Pa Sỹ,https://gody.vn/chau-a/viet-nam/kon-tum/khu-du-lich-sinh-thai-thac-pa-sy
kon-tum,Ngã Ba Đông Dương,https://gody.vn/chau-a/viet-nam/kon-tum/nga-ba-dong-duong
kon-tum,Ngục Kon Tum,https://gody.vn/chau-a/viet-nam/kon-tum/nguc-kon-tum
kon-tum,Nhà ngục Kon Tum,https://gody.vn/chau-a/viet-nam/kon-tum/nha-nguc-kon-tum
kon-tum,Nhà Rông Kon Klor,https://gody.vn/chau-a/viet-nam/kon-tum/nha-rong-kon-klor
kon-tum,Nhà thờ Gỗ,https://gody.vn/chau-a/viet-nam/kon-tum/nha-tho-go
kon-tum,Núi Ngọc Linh KonTum,https://gody.vn/chau-a/viet-nam/kon-tum/nui-ngoc-linh-kontum
kon-tum,Rừng Thông Măng Đen,https://gody.vn/chau-a/viet-nam/kon-tum/rung-thong-mang-den
kon-tum,Sông Đắk Bla,https://gody.vn/chau-a/viet-nam/kon-tum/song-dak-bla
kon-tum,Sông Đăk Bla KonTum,https://gody.vn/chau-a/viet-nam/kon-tum/song-dak-bla-kontum
kon-tum,Thác Pau Suh (Thác Pa Sỹ),https://gody.vn/chau-a/viet-nam/kon-tum/thac-pau-suh-thac-pa-sy
kon-tum,Thác Yaly tại Kontum,https://gody.vn/chau-a/viet-nam/kon-tum/thac-yaly-tai-kontum
kon-tum,Tòa Giám Mục Kontum,https://gody.vn/chau-a/viet-nam/kon-tum/toa-giam-muc-kontum
kon-tum,Vườn Quốc Gia Tại KonTum,https://gody.vn/chau-a/viet-nam/kon-tum/vuon-quoc-gia-tai-kontum
kon-tum,Đi đến,https://gody.vn/chau-a/viet-nam/kon-tum/di-den
kon-tum,Đi lại,https://gody.vn/chau-a/viet-nam/kon-tum/di-lai
kon-tum,Ăn uống,https://gody.vn/chau-a/viet-nam/kon-tum/an-uong
kon-tum,Mua sắm,https://gody.vn/chau-a/viet-nam/kon-tum/mua-sam
kon-tum,Đi khi nào,https://gody.vn/chau-a/viet-nam/kon-tum/di-khi-nao
quang-tri,Bãi biển Cửa Tùng,https://gody.vn/chau-a/viet-nam/quang-tri/bai-bien-cua-tung
quang-tri,Bãi biển Triệu Lăng,https://gody.vn/chau-a/viet-nam/quang-tri/bai-bien-trieu-lang
quang-tri,Bãi Đá Hoa,https://gody.vn/chau-a/viet-nam/quang-tri/bai-da-hoa
quang-tri,Bãi Mũi Trèo,https://gody.vn/chau-a/viet-nam/quang-tri/bai-mui-treo
quang-tri,Căn cứ Khe Sanh,https://gody.vn/chau-a/viet-nam/quang-tri/can-cu-khe-sanh
quang-tri,Cầu Hiền Lương và sông Bến Hải,https://gody.vn/chau-a/viet-nam/quang-tri/cau-hien-luong-va-song-ben-hai
quang-tri,Cầu treo Đakrông,https://gody.vn/chau-a/viet-nam/quang-tri/cau-treo-dakrong
quang-tri,Chợ phiên Cam Lộ,https://gody.vn/chau-a/viet-nam/quang-tri/cho-phien-cam-lo
quang-tri,Chùa Cam Lộ,https://gody.vn/chau-a/viet-nam/quang-tri/chua-cam-lo
quang-tri,Chùa Châu Quang,https://gody.vn/chau-a/viet-nam/quang-tri/chua-chau-quang
quang-tri,Cửa khẩu Lao Bảo,https://gody.vn/chau-a/viet-nam/quang-tri/cua-khau-lao-bao
quang-tri,Đảo Cồn Cỏ,https://gody.vn/chau-a/viet-nam/quang-tri/dao-con-co
quang-tri,Địa đạo Vịnh Mốc,https://gody.vn/chau-a/viet-nam/quang-tri/dia-dao-vinh-moc
quang-tri,Động Prai Quảng Trị,https://gody.vn/chau-a/viet-nam/quang-tri/dong-prai-quang-tri
quang-tri,Làng cổ Bích La,https://gody.vn/chau-a/viet-nam/quang-tri/lang-co-bich-la
quang-tri,Mũi Lò Vôi,https://gody.vn/chau-a/viet-nam/quang-tri/mui-lo-voi
quang-tri,Nghĩa trang liệt sĩ Trường Sơn,https://gody.vn/chau-a/viet-nam/quang-tri/nghia-trang-liet-si-truong-son
quang-tri,Nhà thờ An Đôn,https://gody.vn/chau-a/viet-nam/quang-tri/nha-tho-an-don
quang-tri,"Núi Talung, núi Klu",https://gody.vn/chau-a/viet-nam/quang-tri/nui-talung-nui-klu
quang-tri,Sông Đakrông,https://gody.vn/chau-a/viet-nam/quang-tri/song-dakrong
quang-tri,Suối nước nóng Klu,https://gody.vn/chau-a/viet-nam/quang-tri/suoi-nuoc-nong-klu
quang-tri,Thác Chênh Vênh,https://gody.vn/chau-a/viet-nam/quang-tri/thac-chenh-venh
quang-tri,Thành cổ Quảng Trị,https://gody.vn/chau-a/viet-nam/quang-tri/thanh-co-quang-tri
quang-tri,Thánh địa La Vang,https://gody.vn/chau-a/viet-nam/quang-tri/thanh-dia-la-vang
ha-nam,Bánh đa Kiện Khê,https://gody.vn/chau-a/viet-nam/ha-nam/banh-da-kien-khe
ha-nam,Bát cảnh sơn,https://gody.vn/chau-a/viet-nam/ha-nam/bat-canh-son
ha-nam,Bún cá Phủ Lý (Noodle with fish),https://gody.vn/chau-a/viet-nam/ha-nam/bun-ca-phu-ly-noodle-with-fish
ha-nam,Bún mọc - Quán Báu Béo,https://gody.vn/chau-a/viet-nam/ha-nam/bun-moc-quan-bau-beo
ha-nam,Bún riêu cua Phủ Lý (Noodle with Crab),https://gody.vn/chau-a/viet-nam/ha-nam/bun-rieu-cua-phu-ly-noodle-with-crab
ha-nam,Chân gà nướng Phủ Lý (Grilled chicken's foot),https://gody.vn/chau-a/viet-nam/ha-nam/chan-ga-nuong-phu-ly-grilled-chickens-foot
ha-nam,Chè bà Phóng (Sweet Soup),https://gody.vn/chau-a/viet-nam/ha-nam/che-ba-phong-sweet-soup
ha-nam,Chùa Bà Đanh (Ba Danh Pagoda),https://gody.vn/chau-a/viet-nam/ha-nam/chua-ba-danh-ba-danh-pagoda
ha-nam,Đặc sản Bánh cuốn chả Phủ Lý,https://gody.vn/chau-a/viet-nam/ha-nam/dac-san-banh-cuon-cha-phu-ly
ha-nam,Đền Lăng (Lang Temple),https://gody.vn/chau-a/viet-nam/ha-nam/den-lang-lang-temple
ha-nam,Đền Lảnh Giang (Lanh Giang Temple),https://gody.vn/chau-a/viet-nam/ha-nam/den-lanh-giang-lanh-giang-temple
ha-nam,Đền Tiên Ông (Tien Ong Temple),https://gody.vn/chau-a/viet-nam/ha-nam/den-tien-ong-tien-ong-temple
ha-nam,Đền Trần Thương (Tran Thuong Temple),https://gody.vn/chau-a/viet-nam/ha-nam/den-tran-thuong-tran-thuong-temple
ha-nam,Đền Trúc (Cane Temple),https://gody.vn/chau-a/viet-nam/ha-nam/den-truc-cane-temple
ha-nam,Địa tạng Phi lai tự (Dia Tang Pagoda),https://gody.vn/chau-a/viet-nam/ha-nam/dia-tang-phi-lai-tu-dia-tang-pagoda
ha-nam,Đình đá Tiên Phong (Tien Phong Stone Temple),https://gody.vn/chau-a/viet-nam/ha-nam/dinh-da-tien-phong-tien-phong-stone-temple
ha-nam,Động Phúc Long (Phuc Long Cave),https://gody.vn/chau-a/viet-nam/ha-nam/dong-phuc-long-phuc-long-cave
ha-nam,Hang Luồn (Luon cave),https://gody.vn/chau-a/viet-nam/ha-nam/hang-luon-luon-cave
ha-nam,Hồ Chùa Bầu (Bau Pagoda Lake),https://gody.vn/chau-a/viet-nam/ha-nam/ho-chua-bau-bau-pagoda-lake
ha-nam,Kẽm Trống (Kem Trong Scenic),https://gody.vn/chau-a/viet-nam/ha-nam/kem-trong-kem-trong-scenic
ha-nam,Khu du lịch Tam Chúc,https://gody.vn/chau-a/viet-nam/ha-nam/khu-du-lich-tam-chuc
ha-nam,Làng hoa Phù Vân,https://gody.vn/chau-a/viet-nam/ha-nam/lang-hoa-phu-van
ha-nam,Làng lụa Nha Xá (Nha Xa silk Village),https://gody.vn/chau-a/viet-nam/ha-nam/lang-lua-nha-xa-nha-xa-silk-village
ha-nam,Làng mây tre đan Ngọc Động (Ngoc Dong Village),https://gody.vn/chau-a/viet-nam/ha-nam/lang-may-tre-dan-ngoc-dong-ngoc-dong-village
ha-nam,Làng thêu Thanh Hà (Thanh Ha Village),https://gody.vn/chau-a/viet-nam/ha-nam/lang-theu-thanh-ha-thanh-ha-village
ha-nam,Làng trống Đọi Tam (Doi Tam Drum Village),https://gody.vn/chau-a/viet-nam/ha-nam/lang-trong-doi-tam-doi-tam-drum-village
ha-nam,Ngũ Động Sơn (Five cave Mountain),https://gody.vn/chau-a/viet-nam/ha-nam/ngu-dong-son-five-cave-mountain
ha-nam,Nhà Bá Kiến (Ba Kien's House),https://gody.vn/chau-a/viet-nam/ha-nam/nha-ba-kien-ba-kiens-house
ha-nam,Vương cung thánh đường Sở Kiện (Basilique de l'Immaculée-Conception de Kiện Khê),https://gody.vn/chau-a/viet-nam/ha-nam/vuong-cung-thanh-duong-so-kien-basilique-de-limmaculee-conception-de-kien-khe
ha-nam,Xôi Cô Sen (Cô Sen Sticky Rice),https://gody.vn/chau-a/viet-nam/ha-nam/xoi-co-sen-co-sen-sticky-rice
lao-cai,Bạch Mộc Lương Tử,https://gody.vn/chau-a/viet-nam/lao-cai/bach-moc-luong-tu
lao-cai,Bản Cát Cát - Sapa,https://gody.vn/chau-a/viet-nam/lao-cai/ban-cat-cat
lao-cai,Bản Hồ (Ban Ho Village) - Sapa,https://gody.vn/chau-a/viet-nam/lao-cai/ban-ho-ban-ho-village
lao-cai,Bản Tả Phìn - Sapa,https://gody.vn/chau-a/viet-nam/lao-cai/ban-ta-phin
lao-cai,Bản Tả Van - Sapa,https://gody.vn/chau-a/viet-nam/lao-cai/ban-ta-van
lao-cai,Bản Ý Linh Hồ (Y Linh Ho Village) - Sapa,https://gody.vn/chau-a/viet-nam/lao-cai/ban-y-linh-ho-y-linh-ho-village
lao-cai,Bảo tàng Văn Hóa Sapa,https://gody.vn/chau-a/viet-nam/lao-cai/bao-tang-van-hoa-sapa-sapa-culture-museum
lao-cai,Cánh đồng hoa Tam giác mạch Lử Thẩn,https://gody.vn/chau-a/viet-nam/lao-cai/canh-dong-hoa-tam-giac-mach-lu-than
lao-cai,Cầu Mây Sapa,https://gody.vn/chau-a/viet-nam/lao-cai/cau-may-sapa
lao-cai,Chợ Cốc Lếu,https://gody.vn/chau-a/viet-nam/lao-cai/cho-coc-leu
lao-cai,Chợ Mường Hum,https://gody.vn/chau-a/viet-nam/lao-cai/cho-muong-hum
lao-cai,Chợ phiên Bắc Hà,https://gody.vn/chau-a/viet-nam/lao-cai/cho-phien-bac-ha
lao-cai,Chợ phiên Cán Cẩu,https://gody.vn/chau-a/viet-nam/lao-cai/cho-phien-can-cau-can-cau-market
lao-cai,Chợ phiên Cao Sơn (Cao Son Market),https://gody.vn/chau-a/viet-nam/lao-cai/cho-phien-cao-son-cao-son-market
lao-cai,Chợ phiên Lùng Khấu Nhin,https://gody.vn/chau-a/viet-nam/lao-cai/cho-phien-lung-khau-nhin
lao-cai,Chợ phiên Lùng Phình,https://gody.vn/chau-a/viet-nam/lao-cai/cho-phien-lung-phinh
lao-cai,Chợ phiên Mường Khương (Muong Khuong Martket),https://gody.vn/chau-a/viet-nam/lao-cai/cho-phien-muong-khuong-muong-khuong-martket
lao-cai,Chợ phiên Nghĩa Đô,https://gody.vn/chau-a/viet-nam/lao-cai/cho-phien-nghia-do
lao-cai,Chợ phiên Sín Chéng,https://gody.vn/chau-a/viet-nam/lao-cai/cho-phien-sin-cheng-sin-cheng-market
lao-cai,Cộng Cà Phê - Sapa,https://gody.vn/chau-a/viet-nam/lao-cai/cong-ca-phe
lao-cai,Cửa khẩu Lào Cai,https://gody.vn/chau-a/viet-nam/lao-cai/cua-khau-lao-cai
lao-cai,Đền Bắc Hà,https://gody.vn/chau-a/viet-nam/lao-cai/den-bac-ha
lao-cai,Đền Bảo Hà (Đền ông Hoàng Bảy),https://gody.vn/chau-a/viet-nam/lao-cai/den-bao-ha
lao-cai,Đền Hàng Phố - Sapa,https://gody.vn/chau-a/viet-nam/lao-cai/den-hang-pho
lao-cai,Đền Thượng,https://gody.vn/chau-a/viet-nam/lao-cai/den-thuong-thuong-temple
lao-cai,Đền Trung Đô,https://gody.vn/chau-a/viet-nam/lao-cai/den-trung-do
lao-cai,Đèo Ô Quy Hồ,https://gody.vn/chau-a/viet-nam/lao-cai/deo-o-quy-ho
lao-cai,Đèo Trạm Tôn (Tram Ton Pass),https://gody.vn/chau-a/viet-nam/lao-cai/deo-tram-ton-tram-ton-pass
lao-cai,Dinh Hoàng A Tưởng,https://gody.vn/chau-a/viet-nam/lao-cai/dinh-hoang-a-tuong
lao-cai,Dốc A Lù (A Lu Hill),https://gody.vn/chau-a/viet-nam/lao-cai/doc-a-lu-a-lu-hill
lao-cai,Động Cốc San (Coc San Cave,https://gody.vn/chau-a/viet-nam/lao-cai/dong-coc-san-coc-san-cave
lao-cai,Động Tả Phìn Sapa,https://gody.vn/chau-a/viet-nam/lao-cai/dong-ta-phin-ta-phin-cave
lao-cai,Fansipan Legend - Sapa,https://gody.vn/chau-a/viet-nam/lao-cai/fansipan-legend
lao-cai,Fansipan Terrace Cafe & Homestay - Sapa,https://gody.vn/chau-a/viet-nam/lao-cai/fansipan-terrace-sapa
lao-cai,Gem Valley Coffee - Sapa,https://gody.vn/chau-a/viet-nam/lao-cai/gem-valley-coffee
lao-cai,Hồ Đồng Tuyển,https://gody.vn/chau-a/viet-nam/lao-cai/ho-dong-tuyen
lao-cai,Hồ Sapa (Sapa Lake),https://gody.vn/chau-a/viet-nam/lao-cai/ho-sapa-sapa-lake
lao-cai,Khu cắm trại The Haven Sapa,https://gody.vn/chau-a/viet-nam/lao-cai/khu-cam-trai-the-haven-sapa
lao-cai,Khu du lịch sinh thái Thác Bạc - Sapa,https://gody.vn/chau-a/viet-nam/lao-cai/khu-du-lich-sinh-thai-thac-bac
lao-cai,Khu nghỉ dưỡng Victoria Sapa Resort và Spa - Sapa,https://gody.vn/chau-a/viet-nam/lao-cai/khu-nghi-duong-victoria-sapa-resort-va-spa
lao-cai,Làng Giàng Tả Chải (Giang Ta Chai Village) - Sapa,https://gody.vn/chau-a/viet-nam/lao-cai/lang-giang-ta-chai-giang-ta-chai-village
lao-cai,Núi Lảo Thẩn - Y Tý,https://gody.vn/chau-a/viet-nam/lao-cai/lao-than-y-ty
lao-cai,Ngũ Chỉ Sơn - Sapa,https://gody.vn/chau-a/viet-nam/lao-cai/ngu-chi-son
lao-cai,Nhà Hàng Little Vietnam (Little Vietnam Restaurant) - Sapa,https://gody.vn/chau-a/viet-nam/lao-cai/nha-hang-little-vietnam-little-vietnam-restaurant
lao-cai,Nhà thờ đá Sa Pa,https://gody.vn/chau-a/viet-nam/lao-cai/nha-tho-sa-pa
lao-cai,Nóc nhà Đông Dương Fansipan - Sapa,https://gody.vn/chau-a/viet-nam/lao-cai/noc-nha-dong-duong-fansipan
lao-cai,Núi Hàm Rồng - Sapa,https://gody.vn/chau-a/viet-nam/lao-cai/nui-ham-rong
lao-cai,Quảng Trường Sapa (Sapa Square ),https://gody.vn/chau-a/viet-nam/lao-cai/quang-truong-sa-pa-sapa-square
lao-cai,Suối Lũng Pô (Lung Po River),https://gody.vn/chau-a/viet-nam/lao-cai/suoi-lung-po-lung-po-river
lao-cai,Suối Vàng (Golden spring) - Sapa,https://gody.vn/chau-a/viet-nam/lao-cai/suoi-vang-golden-spring
lao-cai,Thác Tiên Sa (thác Cát Cát) - Sapa,https://gody.vn/chau-a/viet-nam/lao-cai/thac-tien-sa-thac-cat-cat
lao-cai,Thác Tình yêu Sapa,https://gody.vn/chau-a/viet-nam/lao-cai/thac-tinh-yeu-sapa-love-waterfall-sapa
lao-cai,Thắng cảnh Hang Tiên,https://gody.vn/chau-a/viet-nam/lao-cai/thang-canh-hang-tien
lao-cai,Thành cổ Nghị Lang,https://gody.vn/chau-a/viet-nam/lao-cai/thanh-co-nghi-lang
lao-cai,The Haven Sapa Camp Site,https://gody.vn/chau-a/viet-nam/lao-cai/the-haven-sapa-camp-site
lao-cai,Thung lũng hoa Bắc Hà - Thải Giàng Phố (Bac Ha Flower Valley),https://gody.vn/chau-a/viet-nam/lao-cai/thung-lung-hoa-bac-ha-thai-giang-pho-bac-ha-flower-valley
lao-cai,Thung lũng Mường Hoa - Sapa,https://gody.vn/chau-a/viet-nam/lao-cai/thung-lung-muong-hoa
lao-cai,Tu viện Tả Phìn - Sapa,https://gody.vn/chau-a/viet-nam/lao-cai/tu-vien-ta-phin
lao-cai,Y Tý,https://gody.vn/chau-a/viet-nam/lao-cai/y-ty
hau-giang,Bảo Gia Farm,https://gody.vn/chau-a/viet-nam/hau-giang/bao-gia-farm
hau-giang,Cháo lòng Cái Tắc,https://gody.vn/chau-a/viet-nam/hau-giang/chao-long-cai-tac
hau-giang,Chợ Nổi Ngã Bảy,https://gody.vn/chau-a/viet-nam/hau-giang/cho-noi-nga-bay
hau-giang,Công viên giải trí Kittyd & Minnied (Kittyd & Minnied Amusement Park),https://gody.vn/chau-a/viet-nam/hau-giang/cong-vien-giai-tri-kittyd-minnied-kittyd-minnied-amusement-park
hau-giang,Đền thờ Bác Hồ (Uncle Ho's Temple),https://gody.vn/chau-a/viet-nam/hau-giang/den-tho-bac-ho-uncle-hos-temple
hau-giang,Điểm mua Bưởi năm roi Phú Hữu (Phu Huu Nam Roi Pomelo),https://gody.vn/chau-a/viet-nam/hau-giang/diem-mua-buoi-nam-roi-phu-huu-phu-huu-nam-roi-pomelo
hau-giang,Kênh xáng Xà No (Xà No Channel),https://gody.vn/chau-a/viet-nam/hau-giang/kenh-xang-xa-no-xa-no-channel
hau-giang,Khóm Cầu Đúc (Cau Duc Pineapple),https://gody.vn/chau-a/viet-nam/hau-giang/khom-cau-duc-cau-duc-pineapple
hau-giang,Khu bảo tồn thiên nhiên Lung Ngọc Hoàng,https://gody.vn/chau-a/viet-nam/hau-giang/khu-bao-ton-thien-nhien-lung-ngoc-hoang
hau-giang,Khu căn cứ Bà Bái (Pursuant to the Committee of Can Tho province),https://gody.vn/chau-a/viet-nam/hau-giang/khu-can-cu-ba-bai-pursuant-to-the-committee-of-can-tho-province
hau-giang,Khu di tích 75 (Relic area 75),https://gody.vn/chau-a/viet-nam/hau-giang/khu-di-tich-75-relic-area-75
hau-giang,Khu du lịch sinh thái Phú Hữu (Phu Huu Ecological Tourist Area),https://gody.vn/chau-a/viet-nam/hau-giang/khu-du-lich-sinh-thai-phu-huu-phu-huu-ecological-tourist-area
hau-giang,Khu du lịch sinh thái Tầm Vu (Tam Vu Ecological Tourist Area),https://gody.vn/chau-a/viet-nam/hau-giang/khu-du-lich-sinh-thai-tam-vu-tam-vu-ecological-tourist-area
hau-giang,Khu du lịch sinh thái Tây Đô,https://gody.vn/chau-a/viet-nam/hau-giang/khu-du-lich-sinh-thai-tay-do
hau-giang,Khu Sinh Thái Rừng Tràm Chim Vị Thủy (Tram Chim Vi Thuy Forest Ecology Area),https://gody.vn/chau-a/viet-nam/hau-giang/khu-sinh-thai-rung-tram-chim-vi-thuy-tram-chim-vi-thuy-forest-ecology-area
hau-giang,Nhà Hàng Tân Hậu Giang - Lẩu cá Linh bông điên điển,https://gody.vn/chau-a/viet-nam/hau-giang/nha-hang-tan-hau-giang-lau-ca-linh-bong-dien-dien
hau-giang,Vườn quýt đường Long Trị (Long Tri Sugar Tangerine garden),https://gody.vn/chau-a/viet-nam/hau-giang/vuon-quyt-duong-long-tri-long-tri-sugar-tangerine-garden
an-giang,BẢO TÀNG AN GIANG,https://gody.vn/chau-a/viet-nam/an-giang/bao-tang-an-giang
an-giang,Cánh đồng hoa dừa cạn,https://gody.vn/chau-a/viet-nam/an-giang/canh-dong-hoa-dua-can
an-giang,Chợ Châu Đốc,https://gody.vn/chau-a/viet-nam/an-giang/cho-chau-doc
an-giang,Chợ Tịnh Biên,https://gody.vn/chau-a/viet-nam/an-giang/cho-tinh-bien
an-giang,Chùa Bà Châu Đốc,https://gody.vn/chau-a/viet-nam/an-giang/chua-ba-chau-doc
an-giang,Chùa Huỳnh Đào,https://gody.vn/chau-a/viet-nam/an-giang/chua-huynh-dao
an-giang,Chùa Tây An,https://gody.vn/chau-a/viet-nam/an-giang/chua-tay-an
an-giang,Chùa Vạn Linh Tự,https://gody.vn/chau-a/viet-nam/an-giang/chua-van-linh-tu
an-giang,ĐẢO ÔNG HỒ (HỔ),https://gody.vn/chau-a/viet-nam/an-giang/dao-ong-ho-ho
an-giang,Di Chỉ Óc Eo,https://gody.vn/chau-a/viet-nam/an-giang/di-chi-oc-eo
an-giang,Đình Phát Giao Hảo,https://gody.vn/chau-a/viet-nam/an-giang/dinh-phat-giao-hao
an-giang,Đồi Tức Dụp,https://gody.vn/chau-a/viet-nam/an-giang/doi-tuc-dup
an-giang,Hồ Latina,https://gody.vn/chau-a/viet-nam/an-giang/ho-latina
an-giang,Hồ Soài So,https://gody.vn/chau-a/viet-nam/an-giang/ho-soai-so
an-giang,Hồ Tà Pạ,https://gody.vn/chau-a/viet-nam/an-giang/ho-ta-pa
an-giang,Khu du lịch Núi Sập,https://gody.vn/chau-a/viet-nam/an-giang/khu-du-lich-nui-sap
an-giang,Khu du lịch sinh thái Mỹ Luông,https://gody.vn/chau-a/viet-nam/an-giang/khu-du-lich-sinh-thai-my-luong
an-giang,Khu du lịch Vạn Hương Mai,https://gody.vn/chau-a/viet-nam/an-giang/khu-du-lich-van-huong-mai
an-giang,Làng làm lụa Tân Châu,https://gody.vn/chau-a/viet-nam/an-giang/lang-lam-lua-tan-chau
an-giang,Làng người Chăm Châu Giang,https://gody.vn/chau-a/viet-nam/an-giang/lang-nguoi-cham-chau-giang
an-giang,Làng nổi Châu Đốc,https://gody.vn/chau-a/viet-nam/an-giang/lang-noi-chau-doc
an-giang,Làng Nổi ở An Giang,https://gody.vn/chau-a/viet-nam/an-giang/lang-noi-o-an-giang
an-giang,Làng thổ cẩm Châu Giang,https://gody.vn/chau-a/viet-nam/an-giang/lang-tho-cam-chau-giang
an-giang,LÀNG THỔ CẨM VĂN GIÁO,https://gody.vn/chau-a/viet-nam/an-giang/lang-tho-cam-van-giao
an-giang,LĂNG THOẠI NGỌC HẬU,https://gody.vn/chau-a/viet-nam/an-giang/lang-thoai-ngoc-hau
an-giang,Miếu Bà Chúa Xứ,https://gody.vn/chau-a/viet-nam/an-giang/mieu-ba-chua-xu
an-giang,Núi Ba Thê,https://gody.vn/chau-a/viet-nam/an-giang/nui-ba-the
an-giang,Núi Cô Tô,https://gody.vn/chau-a/viet-nam/an-giang/nui-co-to
an-giang,Núi Sam - Miếu bà Chúa Xứ,https://gody.vn/chau-a/viet-nam/an-giang/nui-sam-mieu-ba-chua-xu
an-giang,Rừng tràm Trà Sư,https://gody.vn/chau-a/viet-nam/an-giang/rung-tram-tra-su
an-giang,Thất Sơn,https://gody.vn/chau-a/viet-nam/an-giang/that-son
an-giang,Xứ sở cây thốt nốt Tịnh Biên,https://gody.vn/chau-a/viet-nam/an-giang/xu-so-cay-thot-not-tinh-bien
ninh-thuan,Bãi biển Bình Tiên,https://gody.vn/chau-a/viet-nam/ninh-thuan/bai-bien-binh-tien
ninh-thuan,Bãi biển Ninh Chữ,https://gody.vn/chau-a/viet-nam/ninh-thuan/bai-bien-ninh-chu
ninh-thuan,Bãi Chuối Ninh Thuận,https://gody.vn/chau-a/viet-nam/ninh-thuan/bai-chuoi-ninh-thuan
ninh-thuan,Bãi Hỏm (Bãi Rùa),https://gody.vn/chau-a/viet-nam/ninh-thuan/bai-hom-bai-rua
ninh-thuan,Bãi Kinh Ninh Thuận,https://gody.vn/chau-a/viet-nam/ninh-thuan/bai-kinh-ninh-thuan
ninh-thuan,Bãi Nước Ngọt,https://gody.vn/chau-a/viet-nam/ninh-thuan/bai-nuoc-ngot
ninh-thuan,Bãi Phụ - Hòn Quy,https://gody.vn/chau-a/viet-nam/ninh-thuan/bai-phu-hon-quy
ninh-thuan,Bãi tắm Bà Điên,https://gody.vn/chau-a/viet-nam/ninh-thuan/bai-tam-ba-dien
ninh-thuan,Bãi Thùng Ninh Thuận,https://gody.vn/chau-a/viet-nam/ninh-thuan/bai-thung-ninh-thuan
ninh-thuan,Bãi Tràng - Mũi Dinh,https://gody.vn/chau-a/viet-nam/ninh-thuan/bai-trang-mui-dinh
ninh-thuan,Bảo tàng Ninh Thuận - Phan Rang,https://gody.vn/chau-a/viet-nam/ninh-thuan/bao-tang-ninh-thuan
ninh-thuan,Biển Cà Ná,https://gody.vn/chau-a/viet-nam/ninh-thuan/bien-ca-na
ninh-thuan,Bờ kè Khánh Hội - Phan Rang,https://gody.vn/chau-a/viet-nam/ninh-thuan/bo-ke-khanh-hoi
ninh-thuan,Cánh đồng hoa thì là,https://gody.vn/chau-a/viet-nam/ninh-thuan/canh-dong-hoa-thi-la
ninh-thuan,Cầu An Đông - Phan Rang,https://gody.vn/chau-a/viet-nam/ninh-thuan/cau-an-dong
ninh-thuan,Cầu Ninh Chữ - Phan Rang,https://gody.vn/chau-a/viet-nam/ninh-thuan/cau-ninh-chu
ninh-thuan,Công viên biển Bình Sơn - Phan Rang,https://gody.vn/chau-a/viet-nam/ninh-thuan/cong-vien-bien-binh-son
ninh-thuan,Cung đường biển 701 Cà Ná- Phan Rang,https://gody.vn/chau-a/viet-nam/ninh-thuan/cung-duong-bien-701-ca-na-phan-rang
ninh-thuan,Cung đường biển 702 Phan Rang- Bình Tiên,https://gody.vn/chau-a/viet-nam/ninh-thuan/cung-duong-bien-702-phan-rang-binh-tien
ninh-thuan,Đầm Nại - Tri Thủy - Phan Rang,https://gody.vn/chau-a/viet-nam/ninh-thuan/dam-nai-tri-thuy
ninh-thuan,Đập Lâm Cấm,https://gody.vn/chau-a/viet-nam/ninh-thuan/dap-lam-cam
ninh-thuan,Đèo Ngoạn Mục,https://gody.vn/chau-a/viet-nam/ninh-thuan/deo-ngoan-muc
ninh-thuan,Địa điểm Suối Lạnh,https://gody.vn/chau-a/viet-nam/ninh-thuan/dia-diem-suoi-lanh
ninh-thuan,Đồi cát Nam Cương,https://gody.vn/chau-a/viet-nam/ninh-thuan/doi-cat-nam-cuong
ninh-thuan,Đồi cát Sơn Hải,https://gody.vn/chau-a/viet-nam/ninh-thuan/doi-cat-son-hai
ninh-thuan,Đồng cừu An Hòa,https://gody.vn/chau-a/viet-nam/ninh-thuan/dong-cuu-an-hoa
ninh-thuan,Đồng cừu Sơn Hải,https://gody.vn/chau-a/viet-nam/ninh-thuan/dong-cuu-son-hai
ninh-thuan,Đường sắt Phan Rang- Đà Lạt,https://gody.vn/chau-a/viet-nam/ninh-thuan/duong-sat-phan-rang-da-lat
ninh-thuan,Hải đăng Mũi Dinh,https://gody.vn/chau-a/viet-nam/ninh-thuan/hai-dang-mui-dinh
ninh-thuan,Hang Rái Ninh Thuận,https://gody.vn/chau-a/viet-nam/ninh-thuan/hang-rai-ninh-thuan
ninh-thuan,Hồ Đá Hang,https://gody.vn/chau-a/viet-nam/ninh-thuan/ho-da-hang
ninh-thuan,Hồ Treo Núi Chúa,https://gody.vn/chau-a/viet-nam/ninh-thuan/ho-treo-nui-chua
ninh-thuan,Hòn Đỏ Ninh Thuận,https://gody.vn/chau-a/viet-nam/ninh-thuan/hon-do-ninh-thuan
ninh-thuan,Khu du lịch sinh thái SAKAI,https://gody.vn/chau-a/viet-nam/ninh-thuan/khu-du-lich-sinh-thai-sakai
ninh-thuan,Khu Du Lịch Văn Hoá Sinh Thái Sen Caraih Mỹ Nghiệp,https://gody.vn/chau-a/viet-nam/ninh-thuan/khu-du-lich-van-hoa-sinh-thai-sen-caraih-my-nghiep
ninh-thuan,Làng dệt thổ cẩm Chăm Mỹ Nghiệp,https://gody.vn/chau-a/viet-nam/ninh-thuan/lang-det-tho-cam-cham-my-nghiep
ninh-thuan,Làng gốm Bàu Trúc - Phan Rang,https://gody.vn/chau-a/viet-nam/ninh-thuan/lang-gom-bau-truc
ninh-thuan,Làng Mông Cổ Sơn Hải- Khu du lịch Tanyoli,https://gody.vn/chau-a/viet-nam/ninh-thuan/lang-mong-co-son-hai-khu-du-lich-tanyoli
ninh-thuan,Quảng trường thành Phố Phan Rang- tháp Chàm Ninh Thuận,https://gody.vn/chau-a/viet-nam/ninh-thuan/quang-truong-thanh-pho-phan-rang-thap-cham-ninh-thuan
ninh-thuan,Suối Ba Hồ Ninh Thuận,https://gody.vn/chau-a/viet-nam/ninh-thuan/suoi-ba-ho-ninh-thuan
ninh-thuan,Suối Kiền Kiền,https://gody.vn/chau-a/viet-nam/ninh-thuan/suoi-kien-kien
ninh-thuan,Suối nước Lồ Ồ,https://gody.vn/chau-a/viet-nam/ninh-thuan/suoi-nuoc-lo-o
ninh-thuan,Suối Rừng Trâu,https://gody.vn/chau-a/viet-nam/ninh-thuan/suoi-rung-trau
ninh-thuan,Thác Chapơr,https://gody.vn/chau-a/viet-nam/ninh-thuan/thac-chapor
ninh-thuan,Thác Tiên Ninh Thuận,https://gody.vn/chau-a/viet-nam/ninh-thuan/thac-tien-ninh-thuan
ninh-thuan,Tháp Chăm Pôklong Garai - Phan Rang,https://gody.vn/chau-a/viet-nam/ninh-thuan/thap-cham-poklong-garai
ninh-thuan,Thiền Viện Trúc Lâm Viên Ngộ,https://gody.vn/chau-a/viet-nam/ninh-thuan/thien-vien-truc-lam-vien-ngo
ninh-thuan,Trùng Sơn Cổ Tự - Phan Rang,https://gody.vn/chau-a/viet-nam/ninh-thuan/trung-son-co-tu
ninh-thuan,Vịnh Vĩnh Hy,https://gody.vn/chau-a/viet-nam/ninh-thuan/vinh-vinh-hy
ninh-thuan,Vườn nho Ba Mọi,https://gody.vn/chau-a/viet-nam/ninh-thuan/vuon-nho-ba-moi
ninh-thuan,Vườn nho Thái An,https://gody.vn/chau-a/viet-nam/ninh-thuan/vuon-nho-thai-an
ninh-thuan,Vườn quốc gia Núi Chúa,https://gody.vn/chau-a/viet-nam/ninh-thuan/vuon-quoc-gia-nui-chua
ninh-thuan,Vườn quốc gia Phước Bình,https://gody.vn/chau-a/viet-nam/ninh-thuan/vuon-quoc-gia-phuoc-binh
ninh-thuan,Vườn trái cây Lâm Sơn,https://gody.vn/chau-a/viet-nam/ninh-thuan/vuon-trai-cay-lam-son
ninh-thuan,Ăn uống,https://gody.vn/chau-a/viet-nam/ninh-thuan/an-uong
ninh-thuan,Mua sắm,https://gody.vn/chau-a/viet-nam/ninh-thuan/mua-sam
dak-nong,Buôn Jun – Buôn Lê,https://gody.vn/chau-a/viet-nam/dak-nong/buon-jun-buon-le
dak-nong,Chùa Hoa Nghiêm,https://gody.vn/chau-a/viet-nam/dak-nong/chua-hoa-nghiem
dak-nong,Chùa Huệ Đức,https://gody.vn/chau-a/viet-nam/dak-nong/chua-hue-duc
dak-nong,Chùa Pháp Hoa,https://gody.vn/chau-a/viet-nam/dak-nong/chua-phap-hoa
dak-nong,Đồi Chè Gia Nghĩa,https://gody.vn/chau-a/viet-nam/dak-nong/doi-che-gia-nghia
dak-nong,Hang Động Núi Lửa Chư Bluk,https://gody.vn/chau-a/viet-nam/dak-nong/hang-dong-nui-lua-chu-bluk
dak-nong,Hồ Doãn Văn,https://gody.vn/chau-a/viet-nam/dak-nong/ho-doan-van
dak-nong,Hồ Ea Snô (Ea Sno Lake),https://gody.vn/chau-a/viet-nam/dak-nong/ho-ea-sno-ea-sno-lake
dak-nong,Hồ Tà Đùng,https://gody.vn/chau-a/viet-nam/dak-nong/ho-ta-dung
dak-nong,Hồ Tây Đắk Mil,https://gody.vn/chau-a/viet-nam/dak-nong/ho-tay-dak-mil
dak-nong,Hồ Trúc Đắk Nông,https://gody.vn/chau-a/viet-nam/dak-nong/ho-truc-dak-nong
dak-nong,Khu Bảo Tồn Thiên Nhiên Tà Đùng,https://gody.vn/chau-a/viet-nam/dak-nong/khu-bao-ton-thien-nhien-ta-dung
dak-nong,Khu Du Lịch Đồi Tâm Linh,https://gody.vn/chau-a/viet-nam/dak-nong/khu-du-lich-doi-tam-linh
dak-nong,Khu Du Lịch Sinh Thái Nâm Nung,https://gody.vn/chau-a/viet-nam/dak-nong/khu-du-lich-sinh-thai-nam-nung
dak-nong,Nhà Ngục Đăk Mil,https://gody.vn/chau-a/viet-nam/dak-nong/nha-nguc-dak-mil
dak-nong,Ruby Farm,https://gody.vn/chau-a/viet-nam/dak-nong/ruby-farm
dak-nong,Thác Ba Tầng,https://gody.vn/chau-a/viet-nam/dak-nong/thac-ba-tang
dak-nong,Thác Đắk Buk So,https://gody.vn/chau-a/viet-nam/dak-nong/thac-dak-buk-so
dak-nong,Thác Đăk G’lun,https://gody.vn/chau-a/viet-nam/dak-nong/thac-dak-glun
dak-nong,Thác Diệu Thanh,https://gody.vn/chau-a/viet-nam/dak-nong/thac-dieu-thanh
dak-nong,Thác Dray Sáp,https://gody.vn/chau-a/viet-nam/dak-nong/thac-dray-sap
dak-nong,Thác Đray Sáp (Dray Sap Waterfall),https://gody.vn/chau-a/viet-nam/dak-nong/thac-dray-sap-dray-sap-waterfall
dak-nong,Thác Gia Long,https://gody.vn/chau-a/viet-nam/dak-nong/thac-gia-long
dak-nong,Thác Liêng Nung,https://gody.vn/chau-a/viet-nam/dak-nong/thac-lieng-nung
dak-nong,Thác Lưu Ly,https://gody.vn/chau-a/viet-nam/dak-nong/thac-luu-ly
dak-nong,Thác Trinh Nữ (Trinh Nu Waterfall),https://gody.vn/chau-a/viet-nam/dak-nong/thac-trinh-nu-trinh-nu-waterfall
dak-nong,Thiền viện Trúc lâm Đạo Nguyên,https://gody.vn/chau-a/viet-nam/dak-nong/thien-vien-truc-lam-dao-nguyen
kien-giang,Aroi Dessert Cafe - Phú Quốc,https://gody.vn/chau-a/viet-nam/kien-giang/aroi-dessert-cafe
kien-giang,Bãi Bà Kèo - Phú Quốc,https://gody.vn/chau-a/viet-nam/kien-giang/bai-ba-keo-phu-quoc
kien-giang,Bãi biển Cửa Cạn - Phú Quốc,https://gody.vn/chau-a/viet-nam/kien-giang/bai-bien-cua-can-phu-quoc
kien-giang,Bãi biển Gành Dầu - Phú Quốc,https://gody.vn/chau-a/viet-nam/kien-giang/bai-bien-ganh-dau-phu-quoc
kien-giang,Bãi Dài - Phú Quốc,https://gody.vn/chau-a/viet-nam/kien-giang/bai-dai-dao-phu-quoc
kien-giang,Bãi Khem - Phú Quốc,https://gody.vn/chau-a/viet-nam/kien-giang/bai-khem-phu-quoc
kien-giang,Bãi Biển Ông Lang - Phú Quốc,https://gody.vn/chau-a/viet-nam/kien-giang/bai-ong-lang
kien-giang,Bãi Rạch Vẹm - Phú Quốc,https://gody.vn/chau-a/viet-nam/kien-giang/bai-rach-vem-phu-quoc
kien-giang,Bãi Sao - Phú Quốc,https://gody.vn/chau-a/viet-nam/kien-giang/bai-sao-phu-quoc
kien-giang,Bãi Trường - Phú Quốc,https://gody.vn/chau-a/viet-nam/kien-giang/bai-truong-phu-quoc
kien-giang,Bãi Vòng - Phú Quốc,https://gody.vn/chau-a/viet-nam/kien-giang/bai-vong-phu-quoc
kien-giang,Bãi Vũng Bầu - Phú Quốc,https://gody.vn/chau-a/viet-nam/kien-giang/bai-vung-bau-phu-quoc
kien-giang,Bún kèn Út Lượm - Phú Quốc,https://gody.vn/chau-a/viet-nam/kien-giang/bun-ken-ut-luom
kien-giang,Bún quậy Kiến Xây - Phú Quốc,https://gody.vn/chau-a/viet-nam/kien-giang/bun-quay-kien-xay
kien-giang,Cầu Hôn (Kiss Bridge) - Phú Quốc,https://gody.vn/chau-a/viet-nam/kien-giang/cau-hon
kien-giang,Chợ đêm Hà Tiên (Ha Tien night market),https://gody.vn/chau-a/viet-nam/kien-giang/cho-dem-ha-tien-ha-tien-night-market
kien-giang,Chợ Dương Đông - Phú Quốc,https://gody.vn/chau-a/viet-nam/kien-giang/cho-duong-dong
kien-giang,Chùa Hang Kiên Giang,https://gody.vn/chau-a/viet-nam/kien-giang/chua-hang-kien-giang
kien-giang,Chùa Hộ Quốc - Phú Quốc,https://gody.vn/chau-a/viet-nam/kien-giang/chua-ho-quoc-dao-phu-quoc
kien-giang,Chùa Sư Muôn - Phú Quốc,https://gody.vn/chau-a/viet-nam/kien-giang/chua-su-muon-phu-quoc
kien-giang,Chùa Tam Bảo (Sacred Temple of the Three Jewels),https://gody.vn/chau-a/viet-nam/kien-giang/chua-tam-bao-sacred-temple-of-the-three-jewels
kien-giang,Chuồn Chuồn Bistro & Skybar - Phú Quốc,https://gody.vn/chau-a/viet-nam/kien-giang/chuon-chuon-bistro-skybar
kien-giang,Cơ sở sản xuất Rượu Sim - Phú Quốc,https://gody.vn/chau-a/viet-nam/kien-giang/co-so-san-xuat-ruou-sim
kien-giang,Coffee Centre Phú Cường (Coffee Sophia),https://gody.vn/chau-a/viet-nam/kien-giang/coffee-centre-phu-cuong-coffee-sophia
kien-giang,Đảo Hải Tặc (Pirate Islands),https://gody.vn/chau-a/viet-nam/kien-giang/dao-hai-tac-pirate-islands
kien-giang,Đảo Hòn Thơm - Phú Quốc,https://gody.vn/chau-a/viet-nam/kien-giang/dao-hon-thom-phu-quoc
kien-giang,Đảo Nam Du,https://gody.vn/chau-a/viet-nam/kien-giang/dao-nam-du
kien-giang,Đảo ngọc Phú Quốc,https://gody.vn/chau-a/viet-nam/kien-giang/dao-phu-quoc
kien-giang,Đền Thờ Nguyễn Trung Trực,https://gody.vn/chau-a/viet-nam/kien-giang/den-tho-nguyen-trung-truc
kien-giang,Dinh Cậu - Phú Quốc,https://gody.vn/chau-a/viet-nam/kien-giang/dinh-cau-dao-phu-quoc
kien-giang,Vườn Quốc Gia Phú Quốc,https://gody.vn/chau-a/viet-nam/kien-giang/du-lich-vuon-quoc-gia-phu-quoc
kien-giang,Golden Camp Hòn Sơn,https://gody.vn/chau-a/viet-nam/kien-giang/golden-camp-hon-son
kien-giang,Golden Sand Bar - Phú Quốc,https://gody.vn/chau-a/viet-nam/kien-giang/golden-sand-bar
kien-giang,Hải đăng Nam Du,https://gody.vn/chau-a/viet-nam/kien-giang/hai-dang-nam-du
kien-giang,Hòn Chông (Hon Chong),https://gody.vn/chau-a/viet-nam/kien-giang/hon-chong-hon-chong
kien-giang,Hòn Dăm - Phú Quốc,https://gody.vn/chau-a/viet-nam/kien-giang/hon-dam-phu-quoc
kien-giang,Hòn Đồi Mồi - Phú Quốc,https://gody.vn/chau-a/viet-nam/kien-giang/hon-doi-moi-phu-quoc
kien-giang,Hòn Gầm Ghì - Phú Quốc,https://gody.vn/chau-a/viet-nam/kien-giang/hon-gam-ghi-phu-quoc
kien-giang,Hòn Mây Rút - Phú Quốc,https://gody.vn/chau-a/viet-nam/kien-giang/hon-may-rut-phu-quoc
kien-giang,Hòn Móng Tay,https://gody.vn/chau-a/viet-nam/kien-giang/hon-mong-tay
kien-giang,Hòn Một - Phú Quốc,https://gody.vn/chau-a/viet-nam/kien-giang/hon-mot-phu-quoc
kien-giang,Hòn Rỏi - Phú Quốc,https://gody.vn/chau-a/viet-nam/kien-giang/hon-roi-phu-quoc
kien-giang,Hòn trẹm (Hon trem),https://gody.vn/chau-a/viet-nam/kien-giang/hon-trem-hon-trem
kien-giang,Hòn Xưởng - Phú Quốc,https://gody.vn/chau-a/viet-nam/kien-giang/hon-xuong-phu-quoc
kien-giang,INK 360 - Phú Quốc,https://gody.vn/chau-a/viet-nam/kien-giang/INK-360-phu-quoc
kien-giang,Khu du lịch biển Mũi Nai (Mui Nai Resort),https://gody.vn/chau-a/viet-nam/kien-giang/khu-du-lich-bien-mui-nai-mui-nai-resort
kien-giang,Làng chài Hàm Ninh - Phú Quốc,https://gody.vn/chau-a/viet-nam/kien-giang/lang-chai-ham-ninh-dao-phu-quoc
kien-giang,Làng chài Rạch Vẹm - Phú Quốc,https://gody.vn/chau-a/viet-nam/kien-giang/lang-chai-rach-vem-dao-phu-quoc
kien-giang,Mũi Gành Dầu - Phú Quốc,https://gody.vn/chau-a/viet-nam/kien-giang/mui-ganh-dau
kien-giang,Nhà ghẹ Phú Quốc,https://gody.vn/chau-a/viet-nam/kien-giang/nha-ghe-phu-quoc
kien-giang,Nhà thùng sản xuất nước mắm truyền thống - Phú Quốc,https://gody.vn/chau-a/viet-nam/kien-giang/nha-thung-san-xuat-nuoc-mam
kien-giang,Nhà tù Phú Quốc,https://gody.vn/chau-a/viet-nam/kien-giang/nha-tu-phu-quoc
kien-giang,Núi đá dựng (Mounting Stone),https://gody.vn/chau-a/viet-nam/kien-giang/nui-da-dung-mounting-stone
kien-giang,OCSEN Beach Bar & Club - Phú Quốc,https://gody.vn/chau-a/viet-nam/kien-giang/ocsen-beach-bar-club-phu-quoc
kien-giang,Ocvan Kitchen Beach Bar - Phú Quốc,https://gody.vn/chau-a/viet-nam/kien-giang/ocvan-kitchen-beach-bar
kien-giang,Phú Quốc United Center - Grand World Phú Quốc,https://gody.vn/chau-a/viet-nam/kien-giang/phu-quoc-united-center-grand-world-phu-quoc
kien-giang,Pizza Regina - Phú Quốc,https://gody.vn/chau-a/viet-nam/kien-giang/pizza-regina-phu-quoc
kien-giang,Cà Phê Sữa Đá - Phú Quốc,https://gody.vn/chau-a/viet-nam/kien-giang/quan-ca-phe-sua-da
kien-giang,Quần đảo An Thới,https://gody.vn/chau-a/viet-nam/kien-giang/quan-dao-an-thoi
kien-giang,Quán Ốc Ớt Ngọt - Phú Quốc,https://gody.vn/chau-a/viet-nam/kien-giang/quan-oc-ot-ngot
kien-giang,Rock Sunset Island Bar - Phú Quốc,https://gody.vn/chau-a/viet-nam/kien-giang/rock-sunset-island-bar
kien-giang,Shri Beach Club & Bar - Phú Quốc,https://gody.vn/chau-a/viet-nam/kien-giang/shri-beach-club-bar
kien-giang,Skyline Cafe & Rooftop Bar - Phú Quốc,https://gody.vn/chau-a/viet-nam/kien-giang/skyline-cafe-va-rooftop-bar
kien-giang,Sơn Trà Hill Coffee - Phú Quốc,https://gody.vn/chau-a/viet-nam/kien-giang/son-tra-hill-coffee
kien-giang,Sun World Hòn Thơm Phú Quốc,https://gody.vn/chau-a/viet-nam/kien-giang/sun-world-hon-thom-phu-quoc
kien-giang,Sunset Sanato Beach Club - Phú Quốc,https://gody.vn/chau-a/viet-nam/kien-giang/sunset-sanato-beach-club
kien-giang,Suối Đá Bàn - Phú Quốc,https://gody.vn/chau-a/viet-nam/kien-giang/suoi-da-ban-phu-quoc
kien-giang,Suối Đá Ngọn Phú Quốc,https://gody.vn/chau-a/viet-nam/kien-giang/suoi-da-ngon-phu-quoc
kien-giang,Suối Tranh - Phú Quốc,https://gody.vn/chau-a/viet-nam/kien-giang/suoi-tranh-phu-quoc
kien-giang,Thạch Động,https://gody.vn/chau-a/viet-nam/kien-giang/thach-dong
kien-giang,Thuỷ cung Kim Quy - Phú Quốc,https://gody.vn/chau-a/viet-nam/kien-giang/thuy-cung-kim-quy
kien-giang,Trang trại Phú Quốc Countryside,https://gody.vn/chau-a/viet-nam/kien-giang/trang-trai-phu-quoc-countryside
kien-giang,Trung Tâm Bảo Tồn Chó Xoáy Phú Quốc Trang Trại Thanh Nga,https://gody.vn/chau-a/viet-nam/kien-giang/trung-tam-bao-ton-cho-xoay-phu-quoc-trang-trai-thanh-nga
kien-giang,Vinpearl Land Phú Quốc,https://gody.vn/chau-a/viet-nam/kien-giang/vinpearl-land-phu-quoc
kien-giang,Vinpearl Safari Phú Quốc,https://gody.vn/chau-a/viet-nam/kien-giang/vinpearl-safari-phu-quoc
kien-giang,VinWonders Phú Quốc,https://gody.vn/chau-a/viet-nam/kien-giang/vinwonders-phu-quoc
kien-giang,Vườn quốc gia U Minh Thượng,https://gody.vn/chau-a/viet-nam/kien-giang/vuon-quoc-gia-u-minh-thuong
kien-giang,Vườn Tiêu Khu Tượng - Phú Quốc,https://gody.vn/chau-a/viet-nam/kien-giang/vuon-tieu-khu-tuong
kien-giang,Vườn tiêu Suối Đá - Phú Quốc,https://gody.vn/chau-a/viet-nam/kien-giang/vuon-tieu-suoi-da
kien-giang,Xin Chào Restaurant – Cafe & Bar Phú Quốc,https://gody.vn/chau-a/viet-nam/kien-giang/xin-chao-restaurant-cafe-bar
lam-dong,An Cafe - Đà Lạt,https://gody.vn/chau-a/viet-nam/lam-dong/an-cafe-dalat
lam-dong,An Khuê Farmhouse,https://gody.vn/chau-a/viet-nam/lam-dong/an-khue-farmhouse
lam-dong,Băng ghế trắng Nhà thiếu nhi Đà Lạt,https://gody.vn/chau-a/viet-nam/lam-dong/bang-ghe-trang-nha-thieu-nhi-da-lat
lam-dong,Bánh Căn Tăng Bạt Hổ - Đà Lạt,https://gody.vn/chau-a/viet-nam/lam-dong/banh-can-tang-bat-ho
lam-dong,Bánh mì Xíu mại Hoàng Diệu - Đà Lạt,https://gody.vn/chau-a/viet-nam/lam-dong/banh-mi-xiu-mai-hoang-dieu
lam-dong,B A R E F O O T village,https://gody.vn/chau-a/viet-nam/lam-dong/barefoot-village
lam-dong,Biệt Thự Hằng Nga - Đà Lạt,https://gody.vn/chau-a/viet-nam/lam-dong/biet-thu-hang-nga-crazy-house-dalat
lam-dong,Bức tường Hàn Quốc Soul and Story - Đà Lạt,https://gody.vn/chau-a/viet-nam/lam-dong/buc-tuong-han-quoc-soul-and-story-da-lat
lam-dong,Cà phê F Cánh đồng hoa - Đà Lạt,https://gody.vn/chau-a/viet-nam/lam-dong/ca-phe-f-canh-dong-hoa
lam-dong,Little Paris Coffee - Đà Lạt,https://gody.vn/chau-a/viet-nam/lam-dong/ca-phe-little-paris
lam-dong,Cà phê Mê Linh Đà Lạt (Me Linh Coffee Garden) - Đà Lạt,https://gody.vn/chau-a/viet-nam/lam-dong/ca-phe-me-linh-da-lat-me-linh-coffee-garden
lam-dong,Cafe Nông Trại Vui Vẻ Sunny Farm Đà Lạt,https://gody.vn/chau-a/viet-nam/lam-dong/cafe-nong-trai-vui-ve-sunny-farm-da-lat-sunny-farm-da-lat
lam-dong,Camp Art - Đà Lạt,https://gody.vn/chau-a/viet-nam/lam-dong/camp-art-da-lat
lam-dong,Cánh Đồng Hoa Cẩm Tú Cầu Đà Lạt,https://gody.vn/chau-a/viet-nam/lam-dong/canh-dong-hoa-cam-tu-cau-da-lat-hydrangea-garden
lam-dong,Cánh đồng Lavender khu vực hồ Tuyền Lâm,https://gody.vn/chau-a/viet-nam/lam-dong/canh-dong-lavender-khu-vuc-ho-tuyen-lam
lam-dong,Cầu gỗ săn mây Cầu Đất Farm - Đà Lạt,https://gody.vn/chau-a/viet-nam/lam-dong/cau-go-san-may-cau-dat-farm
lam-dong,Cây cầu sắt giữa rừng Đà Lạt,https://gody.vn/chau-a/viet-nam/lam-dong/cay-cau-sat-giua-rung-da-lat
lam-dong,Cây Thông Cô Đơn (Hồ suối Vàng),https://gody.vn/chau-a/viet-nam/lam-dong/cay-thong-co-don-ho-suoi-vang
lam-dong,Chè Hé Đà Lạt,https://gody.vn/chau-a/viet-nam/lam-dong/che-he-da-lat
lam-dong,Chika Farm - Đà Lạt,https://gody.vn/chau-a/viet-nam/lam-dong/chika-farm
lam-dong,Chợ Âm Phủ - Đà lạt,https://gody.vn/chau-a/viet-nam/lam-dong/cho-dem-da-lat
lam-dong,Chùa Di Đà - Bảo Lâm,https://gody.vn/chau-a/viet-nam/lam-dong/chua-di-da
lam-dong,Chùa Di Đà - Thác Tam Hợp - Bảo lộc,https://gody.vn/chau-a/viet-nam/lam-dong/chua-di-da-thac-tam-hop
lam-dong,Chùa Linh Ẩn,https://gody.vn/chau-a/viet-nam/lam-dong/chua-linh-an
lam-dong,Chùa Linh Phước - Đà Lạt,https://gody.vn/chau-a/viet-nam/lam-dong/chua-linh-phuoc
lam-dong,Chùa Linh Quy Pháp Ấn - Bảo Lâm,https://gody.vn/chau-a/viet-nam/lam-dong/chua-linh-quy-phap-an
lam-dong,Chùa Linh Sơn - Đà Lạt,https://gody.vn/chau-a/viet-nam/lam-dong/chua-linh-son
lam-dong,Chùa Thiên Vương Cổ Sát - Đà Lạt,https://gody.vn/chau-a/viet-nam/lam-dong/chua-thien-vuong-co-sat-chua-tau-da-lat
lam-dong,Con đường Mai Anh Đào Dốc Đa Quý - Trại Mát,https://gody.vn/chau-a/viet-nam/lam-dong/con-duong-mai-anh-dao-doc-da-quy-trai-mat
lam-dong,Đại Học Đà Lạt (Dalat University),https://gody.vn/chau-a/viet-nam/lam-dong/dai-hoc-da-lat-dalat-university
lam-dong,Dala Waterfall Camping,https://gody.vn/chau-a/viet-nam/lam-dong/dala-waterfall-camping
lam-dong,Dalat Camp,https://gody.vn/chau-a/viet-nam/lam-dong/dalat-camp
lam-dong,Dalat Golf Café,https://gody.vn/chau-a/viet-nam/lam-dong/dalat-golf-cafe
lam-dong,Đập Đa M'bri,https://gody.vn/chau-a/viet-nam/lam-dong/dap-da-mbri
lam-dong,Đập Thủy Điện AnKroet Đà Lạt,https://gody.vn/chau-a/viet-nam/lam-dong/dap-thuy-dien-ankroet-da-lat
lam-dong,Dinh III - dinh Bảo Đại - Đà lạt,https://gody.vn/chau-a/viet-nam/lam-dong/dinh-bao-dai
lam-dong,Đỉnh Langbiang - Đà Lạt,https://gody.vn/chau-a/viet-nam/lam-dong/dinh-langbiang
lam-dong,Dinh Tỉnh trưởng Đà Lạt,https://gody.vn/chau-a/viet-nam/lam-dong/dinh-tinh-truong-da-lat
lam-dong,D'LATS-Xông hơi công cộng và tắm suối nước nóng Đà Lạt,https://gody.vn/chau-a/viet-nam/lam-dong/dlats-xong-hoi-cong-cong-va-tam-suoi-nuoc-nong-da-lat
lam-dong,Dốc Nhà Bò - Đà Lạt,https://gody.vn/chau-a/viet-nam/lam-dong/doc-nha-bo
lam-dong,Đồi chè Cầu Đất - Đà Lạt,https://gody.vn/chau-a/viet-nam/lam-dong/doi-che-cau-dat
lam-dong,Đồi chè Tâm Châu - Bảo Lâm,https://gody.vn/chau-a/viet-nam/lam-dong/doi-che-tam-chau
lam-dong,Đồi cỏ hồng - Đà Lạt,https://gody.vn/chau-a/viet-nam/lam-dong/doi-co-hong
lam-dong,Đồi Cù Bảo Lâm,https://gody.vn/chau-a/viet-nam/lam-dong/doi-cu-bao-lam
lam-dong,Đồi Robin đèo Prenn - Đà Lạt,https://gody.vn/chau-a/viet-nam/lam-dong/doi-robin-deo-prenn-da-lat
lam-dong,Đồi Thiên Phúc Đức - Đà Lạt,https://gody.vn/chau-a/viet-nam/lam-dong/doi-thien-phuc-duc-thien-phuc-duc-hill
lam-dong,Đường hầm đất sét - Đà Lạt,https://gody.vn/chau-a/viet-nam/lam-dong/duong-ham-dat-set
lam-dong,Đường Hầm Xe Lửa Cũ Đà Lạt,https://gody.vn/chau-a/viet-nam/lam-dong/duong-ham-xe-lua-cu-da-lat
lam-dong,Đường ray Trần Quý Cáp,https://gody.vn/chau-a/viet-nam/lam-dong/duong-ray-tran-quy-cap
lam-dong,F Cánh đồng Hoa Cafe - Đà Lạt,https://gody.vn/chau-a/viet-nam/lam-dong/f-canh-dong-hoa-cafe-da-lat
lam-dong,Forest Scent - Đà Lạt,https://gody.vn/chau-a/viet-nam/lam-dong/forest-scent-da-lat
lam-dong,Fresh Garden Đà Lạt,https://gody.vn/chau-a/viet-nam/lam-dong/fresh-garden-da-lat
lam-dong,Ga Xe Lửa Đà Lạt,https://gody.vn/chau-a/viet-nam/lam-dong/ga-xe-lua-da-lat-dalat-railway-station
lam-dong,Hiệp Khách Lầu - Đà Lạt,https://gody.vn/chau-a/viet-nam/lam-dong/hiep-khach-lau
lam-dong,Hồ Nam Phương - Bảo Lộc,https://gody.vn/chau-a/viet-nam/lam-dong/ho-nam-phuong-nam-phuong-lake
lam-dong,Hồ Tuyền Lâm - Đà lạt,https://gody.vn/chau-a/viet-nam/lam-dong/ho-tuyen-lam
lam-dong,Hồ Xuân Hương - Đà lạt,https://gody.vn/chau-a/viet-nam/lam-dong/ho-xuan-huong
lam-dong,Kem Bơ Thanh Thảo - Đà Lạt,https://gody.vn/chau-a/viet-nam/lam-dong/kem-bo-thanh-thao
lam-dong,Khu du lịch Hồ Than Thở - Đà Lạt,https://gody.vn/chau-a/viet-nam/lam-dong/khu-du-lich-ho-than-tho-lake-of-sighs
lam-dong,Khu du lịch Madagui,https://gody.vn/chau-a/viet-nam/lam-dong/khu-du-lich-madagui
lam-dong,Khu du lịch Rừng lá Phong Đà Lạt,https://gody.vn/chau-a/viet-nam/lam-dong/khu-du-lich-rung-la-phong-da-lat
lam-dong,Khu du lịch sinh thái Hoa Sơn Điền Trang,https://gody.vn/chau-a/viet-nam/lam-dong/khu-du-lich-sinh-thai-hoa-son-dien-trang
lam-dong,Kombi Land Đà Lạt,https://gody.vn/chau-a/viet-nam/lam-dong/komi-land-da-lat
lam-dong,Là Việt Coffee - Đà Lạt,https://gody.vn/chau-a/viet-nam/lam-dong/la-viet-coffee-la-viet-coffee
lam-dong,Lạc Tiên Giới Đà Lạt,https://gody.vn/chau-a/viet-nam/lam-dong/lac-tien-gioi-da-lat
lam-dong,Làng Cù Lần,https://gody.vn/chau-a/viet-nam/lam-dong/lang-cu-lan
lam-dong,Làng hoa Vạn Thành - Đà Lạt,https://gody.vn/chau-a/viet-nam/lam-dong/lang-hoa-van-thanh-van-thanh-flower-village
lam-dong,Làng Kala - Kala CamPark,https://gody.vn/chau-a/viet-nam/lam-dong/lang-kala-kala-campark
lam-dong,Lăng mộ Nguyễn Hữu Hào,https://gody.vn/chau-a/viet-nam/lam-dong/lang-mo-nguyen-huu-hao
lam-dong,Làng Vũ Thị - Đà Lạt,https://gody.vn/chau-a/viet-nam/lam-dong/lang-vu-thi-vu-thi-village
lam-dong,L'angfarm - Đặc sản Đà Lạt,https://gody.vn/chau-a/viet-nam/lam-dong/langfarm-dac-san-da-lat
lam-dong,Lâu đài Harry Portter Coffee - Đà Lạt,https://gody.vn/chau-a/viet-nam/lam-dong/lau-dai-harry-portter-coffee
lam-dong,Lẩu gà lá é Tao Ngộ - Đà Lạt,https://gody.vn/chau-a/viet-nam/lam-dong/lau-ga-la-e-tao-ngo
lam-dong,Lon Ton CampArt - Đà Lạt,https://gody.vn/chau-a/viet-nam/lam-dong/lon-ton-campart
lam-dong,Lululola Acoustic Coffee - Đà Lạt,https://gody.vn/chau-a/viet-nam/lam-dong/Lululola-Acoustic-Coffee
lam-dong,Ma Rừng Lữ Quán,https://gody.vn/chau-a/viet-nam/lam-dong/ma-rung-lu-quan
lam-dong,Makakamp Coffee - Đà Lạt,https://gody.vn/chau-a/viet-nam/lam-dong/makakamp-coffee
lam-dong,Mây lang thang - Đà Lạt,https://gody.vn/chau-a/viet-nam/lam-dong/may-lang-thang-da-lat
lam-dong,Một Ngày Ở Trong Rừng Camping,https://gody.vn/chau-a/viet-nam/lam-dong/mot-ngay-o-trong-rung-camping
lam-dong,Nhà hàng trên đỉnh Đồi Trăng - Đà Lạt,https://gody.vn/chau-a/viet-nam/lam-dong/nha-hang-tren-dinh-doi-trang
lam-dong,Nhà thờ Camly (Camly Church) - Đà Lạt,https://gody.vn/chau-a/viet-nam/lam-dong/nha-tho-camly-camly-church
lam-dong,Nhà thờ Chính tòa Đà Lạt (Nhà thờ Con Gà),https://gody.vn/chau-a/viet-nam/lam-dong/nha-tho-chinh-toa-da-lat-nha-tho-con-ga-dalat-cathedral
lam-dong,Nhà thờ Domaine De Marie - Đà lạt,https://gody.vn/chau-a/viet-nam/lam-dong/nha-tho-domaine-de-marie-domaine-de-marie-church
lam-dong,Nông trại Cún Puppy Farm (Puppy Farm) - Đà Lạt,https://gody.vn/chau-a/viet-nam/lam-dong/nong-trai-cun-puppy-farm-puppy-farm
lam-dong,Nông trại Cừu Frenzy Farm - Đà Lạt,https://gody.vn/chau-a/viet-nam/lam-dong/nong-trai-cuu-frenzy-farm
lam-dong,Nông trại Đà Lạt (Dalat Milk Farm),https://gody.vn/chau-a/viet-nam/lam-dong/nong-trai-da-lat-dalat-milk-farm
lam-dong,Nướng ngói Cu Đức - Đà Lạt,https://gody.vn/chau-a/viet-nam/lam-dong/nuong-ngoi-cu-duc
lam-dong,Phân viện Sinh Học Tây Nguyên - Đà lạt,https://gody.vn/chau-a/viet-nam/lam-dong/phan-vien-sinh-hoc-tay-nguyen
lam-dong,Quán cà phê Khu vườn mùa hè - Đà Lạt,https://gody.vn/chau-a/viet-nam/lam-dong/quan-ca-phe-khu-vuon-mua-he
lam-dong,Quán của thời thanh xuân (Youth House) - Đà Lạt,https://gody.vn/chau-a/viet-nam/lam-dong/quan-cua-thoi-thanh-xuan-youth-house
lam-dong,Quán Lưng Chừng - Đà Lạt,https://gody.vn/chau-a/viet-nam/lam-dong/quan-lung-chung
lam-dong,Quảng trường Lâm Viên - Đà Lạt,https://gody.vn/chau-a/viet-nam/lam-dong/quang-truong-lam-vien-da-lat
lam-dong,Rừng Hoa Bất Tử - Đà Lạt,https://gody.vn/chau-a/viet-nam/lam-dong/rung-hoa-bat-tu
lam-dong,Rừng Tà Năng,https://gody.vn/chau-a/viet-nam/lam-dong/rung-ta-nang
lam-dong,Rừng thông B'lá,https://gody.vn/chau-a/viet-nam/lam-dong/rung-thong-bla
lam-dong,Khu du lịch Samten Hills Đà Lạt,https://gody.vn/chau-a/viet-nam/lam-dong/samten-hills
lam-dong,School Bus Coffee - Đà Lạt,https://gody.vn/chau-a/viet-nam/lam-dong/school-bus-coffee
lam-dong,Showroom Hoa khô Đà Lạt (Rừng Hoa Đà Lạt),https://gody.vn/chau-a/viet-nam/lam-dong/showroom-hoa-kho-da-lat
lam-dong,Siêu thị Big C Đà Lạt (Big C Da Lat Supermarket),https://gody.vn/chau-a/viet-nam/lam-dong/sieu-thi-big-c-da-lat-big-c-da-lat-supermarket
lam-dong,Still Cafe - Đà Lạt,https://gody.vn/chau-a/viet-nam/lam-dong/still-cafe-dalat
lam-dong,Suối Thông Dalat Cottage Resort,https://gody.vn/chau-a/viet-nam/lam-dong/suoi-thong-dalat-cottage-resort
lam-dong,Suối Tía,https://gody.vn/chau-a/viet-nam/lam-dong/suoi-tia
lam-dong,Thác Bảo Đại,https://gody.vn/chau-a/viet-nam/lam-dong/thac-bao-dai
lam-dong,Thác Bobla (Thác Liên Đầm),https://gody.vn/chau-a/viet-nam/lam-dong/thac-bobla
lam-dong,Thác Dambri Bảo Lộc,https://gody.vn/chau-a/viet-nam/lam-dong/thac-dambri
lam-dong,Thác Datanla - Đà Lạt,https://gody.vn/chau-a/viet-nam/lam-dong/thac-datanla
lam-dong,Thác Păng Tiêng,https://gody.vn/chau-a/viet-nam/lam-dong/thac-pang-tieng
lam-dong,Thác Tàm Thàm,https://gody.vn/chau-a/viet-nam/lam-dong/thac-tam-tham
lam-dong,Thác Voi-Thác Liêng Rowoa (Elephant Falls),https://gody.vn/chau-a/viet-nam/lam-dong/thac-voi-thac-lieng-rowoa-elephant-falls
lam-dong,The Camping Dalas - CampArt & Cafe,https://gody.vn/chau-a/viet-nam/lam-dong/the-camping-dalas-campart-cafe
lam-dong,The Seen House Hồ Tuyền Lâm - Đà Lạt,https://gody.vn/chau-a/viet-nam/lam-dong/the-seen-house-ho-tuyen-lam
lam-dong,The Wilder Nest Homestay - Đà Lạt,https://gody.vn/chau-a/viet-nam/lam-dong/the-wilder-nest-homestay-dalat
lam-dong,Thị trấn D’ran,https://gody.vn/chau-a/viet-nam/lam-dong/thi-tran-dran
lam-dong,Thiền Viện Vạn Hạnh - Đà lạt,https://gody.vn/chau-a/viet-nam/lam-dong/thien-vien-van-hanh
lam-dong,Thôn Lũng Glamping,https://gody.vn/chau-a/viet-nam/lam-dong/thon-lung-glamping-da-lat
lam-dong,Thongdalat.Space Café - Đà Lạt,https://gody.vn/chau-a/viet-nam/lam-dong/thongdalatspace-cafe
lam-dong,Thung lũng Tình Yêu - Đà lạt,https://gody.vn/chau-a/viet-nam/lam-dong/thung-lung-tinh-yeu
lam-dong,Thung lũng Vàng - Đà lạt,https://gody.vn/chau-a/viet-nam/lam-dong/thung-lung-vang
lam-dong,Tiệm bánh Cối Xay Gió - Đà Lạt,https://gody.vn/chau-a/viet-nam/lam-dong/tiem-banh-coi-xay-gio-coi-xay-gio-bakery
lam-dong,Tiệm bánh mì Liên Hoa - Đà lạt,https://gody.vn/chau-a/viet-nam/lam-dong/tiem-banh-mi-lien-hoa-lien-hoa-bakery
lam-dong,Tiệm Cà phê Cô Bông - Đà Lạt,https://gody.vn/chau-a/viet-nam/lam-dong/tiem-ca-phe-co-bong
lam-dong,Tiệm cà phê Nhà Bên Suối - Đà Lạt,https://gody.vn/chau-a/viet-nam/lam-dong/tiem-ca-phe-nha-ben-suoi
lam-dong,Tiệm cà phê Phía tây mặt trời - Đà Lạt,https://gody.vn/chau-a/viet-nam/lam-dong/tiem-ca-phe-phia-tay-mat-troi
lam-dong,Tiệm cà phê Tháng 3 - Đà Lạt,https://gody.vn/chau-a/viet-nam/lam-dong/tiem-ca-phe-thang-3
lam-dong,Tiệm cafe Túi Mơ To - Đà Lạt,https://gody.vn/chau-a/viet-nam/lam-dong/tiem-cafe-tui-mo-to-da-lat
lam-dong,Trường cao đẳng Sư Phạm Đà Lạt,https://gody.vn/chau-a/viet-nam/lam-dong/truong-cao-dang-su-pham-da-lat
lam-dong,Tu Viện Bát Nhã - Bảo Lộc,https://gody.vn/chau-a/viet-nam/lam-dong/tu-vien-bat-nha
lam-dong,Twin Beans Farm - Đà lạt,https://gody.vn/chau-a/viet-nam/lam-dong/twin-beans-farm-da-lat
lam-dong,Vườn Ánh Sáng Lumiere Đà Lạt,https://gody.vn/chau-a/viet-nam/lam-dong/vuon-anh-sang-lumiere-da-lat
lam-dong,Vườn dâu Biofresh - Đà lạt,https://gody.vn/chau-a/viet-nam/lam-dong/vuon-dau-biofresh
lam-dong,Vườn hoa thành phố Đà Lạt,https://gody.vn/chau-a/viet-nam/lam-dong/vuon-hoa-thanh-pho-da-lat
lam-dong,Vườn thú Zoodoo Đà Lạt,https://gody.vn/chau-a/viet-nam/lam-dong/vuon-thu-zoodoo-da-lat-zoodoo-dalat
lam-dong,Cà phê Woodstock - Đà Lạt,https://gody.vn/chau-a/viet-nam/lam-dong/woodstock-cafe
lam-dong,Xóm Lèo Đà Lạt,https://gody.vn/chau-a/viet-nam/lam-dong/xom-leo-da-lat
ha-giang,Bãi đá cổ Nấm Dẩn,https://gody.vn/chau-a/viet-nam/ha-giang/bai-da-co-nam-dan
ha-giang,Bãi đá cổ Xín Mần (The Ancient Stone Xin Man),https://gody.vn/chau-a/viet-nam/ha-giang/bai-da-co-xin-man-the-ancient-stone-xin-man
ha-giang,Café Cực Bắc,https://gody.vn/chau-a/viet-nam/ha-giang/cafe-cuc-bac
ha-giang,Cafe Núi Cấm,https://gody.vn/chau-a/viet-nam/ha-giang/cafe-nui-cam
ha-giang,Cao nguyên đá Đồng Văn (Dong Van stone plateau),https://gody.vn/chau-a/viet-nam/ha-giang/cao-nguyen-da-dong-van-dong-van-stone-plateau
ha-giang,Cây cô đơn,https://gody.vn/chau-a/viet-nam/ha-giang/cay-co-don
ha-giang,Cháo ấu tẩu Ngân Hà (Special Congee at Ngan Ha Food stall),https://gody.vn/chau-a/viet-nam/ha-giang/chao-au-tau-ngan-ha-special-congee-at-ngan-ha-food-stall
ha-giang,Chợ Quyết Tiến,https://gody.vn/chau-a/viet-nam/ha-giang/cho-quyet-tien
ha-giang,Chùa Sùng Khánh (Sung Khanh Pagoda),https://gody.vn/chau-a/viet-nam/ha-giang/chua-sung-khanh-sung-khanh-pagoda
ha-giang,Cơm niêu An Nhiên,https://gody.vn/chau-a/viet-nam/ha-giang/com-nieu-an-nhien
ha-giang,Cổng trời Quản Bạ,https://gody.vn/chau-a/viet-nam/ha-giang/cong-troi-quan-ba
ha-giang,Cột cờ Lũng Cú,https://gody.vn/chau-a/viet-nam/ha-giang/cot-co-lung-cu
ha-giang,Cột mốc 428 (Milestone 428),https://gody.vn/chau-a/viet-nam/ha-giang/cot-moc-428-milestone-428
ha-giang,Cột mốc số 0 (Milestone No.0),https://gody.vn/chau-a/viet-nam/ha-giang/cot-moc-so-0-milestone-no0
ha-giang,Cửa khẩu Bạch Đích (Bach Dich Borber Gate),https://gody.vn/chau-a/viet-nam/ha-giang/cua-khau-bach-dich-bach-dich-borber-gate
ha-giang,Cửa khẩu Săm Pun (Sam Pun Border Gate),https://gody.vn/chau-a/viet-nam/ha-giang/cua-khau-sam-pun-sam-pun-border-gate
ha-giang,Cửa khẩu Thanh Thủy (Thanh Thuy Border Gate),https://gody.vn/chau-a/viet-nam/ha-giang/cua-khau-thanh-thuy-thanh-thuy-border-gate
ha-giang,"Cung đường chữ M (""M"" Slope)",https://gody.vn/chau-a/viet-nam/ha-giang/cung-duong-chu-m-m-slope
ha-giang,Đền Thác Con (Thac Con Temple),https://gody.vn/chau-a/viet-nam/ha-giang/den-thac-con-thac-con-temple
ha-giang,Đèo Mã Pí Lèng,https://gody.vn/chau-a/viet-nam/ha-giang/deo-ma-pi-leng
ha-giang,Di tích lịch sử Căng Bắc Mê (Historical sites Cang Bac Me),https://gody.vn/chau-a/viet-nam/ha-giang/di-tich-lich-su-cang-bac-me-historical-sites-cang-bac-me
ha-giang,Đỉnh Chiêu Lầu Thi (Kiou Leou Ti Mountain Top),https://gody.vn/chau-a/viet-nam/ha-giang/dinh-chieu-lau-thi-kiou-leou-ti-mountain-top
ha-giang,Dinh Thự họ Vương,https://gody.vn/chau-a/viet-nam/ha-giang/dinh-thu-ho-vuong
ha-giang,Dốc Bắc Sum (Bac Sum Pass),https://gody.vn/chau-a/viet-nam/ha-giang/doc-bac-sum-bac-sum-pass
ha-giang,Dốc Chín Khoanh (Nine Ramp),https://gody.vn/chau-a/viet-nam/ha-giang/doc-chin-khoanh-nine-ramp
ha-giang,Dốc Tà Làng,https://gody.vn/chau-a/viet-nam/ha-giang/doc-ta-lang
ha-giang,Dốc Thẩm Mã (Tham Ma Slope),https://gody.vn/chau-a/viet-nam/ha-giang/doc-tham-ma-tham-ma-slope
ha-giang,Đồn Cao (Don Cao Fortress),https://gody.vn/chau-a/viet-nam/ha-giang/don-cao-don-cao-fortress
ha-giang,Động Lùng Khúy (Dong Khuy Cave),https://gody.vn/chau-a/viet-nam/ha-giang/dong-lung-khuy-dong-khuy-cave
ha-giang,Hang Bách Sơn (Bach Son Cave),https://gody.vn/chau-a/viet-nam/ha-giang/hang-bach-son-bach-son-cave
ha-giang,Hang Nà Luông (Na Luong Cave),https://gody.vn/chau-a/viet-nam/ha-giang/hang-na-luong-na-luong-cave
ha-giang,Hang Nặm Pạu (Nam Pau Cave),https://gody.vn/chau-a/viet-nam/ha-giang/hang-nam-pau-nam-pau-cave
ha-giang,Hang Phương Thiện (Phuong Thien Cave),https://gody.vn/chau-a/viet-nam/ha-giang/hang-phuong-thien-phuong-thien-cave
ha-giang,Hang Tham Luồng,https://gody.vn/chau-a/viet-nam/ha-giang/hang-tham-luong
ha-giang,Hang Thủng (Thung Cave),https://gody.vn/chau-a/viet-nam/ha-giang/hang-thung-thung-cave
ha-giang,Hang Tùng Bá,https://gody.vn/chau-a/viet-nam/ha-giang/hang-tung-ba
ha-giang,Hồ Noong (Noong Lake),https://gody.vn/chau-a/viet-nam/ha-giang/ho-noong-noong-lake
ha-giang,Hố Sụt,https://gody.vn/chau-a/viet-nam/ha-giang/ho-sut
ha-giang,Hoàng Su Phì,https://gody.vn/chau-a/viet-nam/ha-giang/hoang-su-phi
ha-giang,Khu du lịch sinh thái Hồ Quang Minh (Quang Minh Lake Eco-Tourism),https://gody.vn/chau-a/viet-nam/ha-giang/khu-du-lich-sinh-thai-ho-quang-minh-quang-minh-lake-eco-tourism
ha-giang,Khu du lịch Thác Tiên – Đèo Gió (Fairy Waterfall - Windy Pass Tourist Site),https://gody.vn/chau-a/viet-nam/ha-giang/khu-du-lich-thac-tien-deo-gio-fairy-waterfall-windy-pass-tourist-site
ha-giang,Làng dệt thổ cẩm Lùng Tám (Lung Tam Village),https://gody.vn/chau-a/viet-nam/ha-giang/lang-det-tho-cam-lung-tam-lung-tam-village
ha-giang,Làng Thiên Hương (Thien Hương Village),https://gody.vn/chau-a/viet-nam/ha-giang/lang-thien-huong-thien-huong-village
ha-giang,Làng văn hóa du lịch cộng đồng thôn Pả Vi Hạ,https://gody.vn/chau-a/viet-nam/ha-giang/lang-van-hoa-du-lich-cong-dong-thon-pa-vi-ha
ha-giang,Làng văn hóa du lịch Lũng Cẩm (Lung Cam Village),https://gody.vn/chau-a/viet-nam/ha-giang/lang-van-hoa-du-lich-lung-cam-lung-cam-village
ha-giang,Làng văn hoá Lô Lô Chải (Lo Lo Chai Cultural Village),https://gody.vn/chau-a/viet-nam/ha-giang/lang-van-hoa-lo-lo-chai-lo-lo-chai-cultural-village
ha-giang,Lũng Táo (Lung Tao Village),https://gody.vn/chau-a/viet-nam/ha-giang/lung-tao-lung-tao-village
ha-giang,Nhà hàng Cơm dân tộc Hà Giang (Restaurant of Ethnic group's food),https://gody.vn/chau-a/viet-nam/ha-giang/nha-hang-com-dan-toc-ha-giang-restaurant-of-ethnic-groups-food
ha-giang,Nhà trà của Bộ lạc BaiYue (Tea House of BaiYue Tribe),https://gody.vn/chau-a/viet-nam/ha-giang/nha-tra-cua-bo-lac-baiyue-tea-house-of-baiyue-tribe
ha-giang,Nộm da trâu Hà Giang,https://gody.vn/chau-a/viet-nam/ha-giang/nom-da-trau-ha-giang
ha-giang,Núi Cấm Sơn (Cam Son Mountain),https://gody.vn/chau-a/viet-nam/ha-giang/nui-cam-son-cam-son-mountain
ha-giang,Núi đôi Quản Bạ (Quan Ba Twin Mountain-Fairy Mountain),https://gody.vn/chau-a/viet-nam/ha-giang/nui-doi-quan-ba-quan-ba-twin-mountain-fairy-mountain
ha-giang,"Phim trường ""Chuyện của Pao"" (Pao's Story Film Studio)",https://gody.vn/chau-a/viet-nam/ha-giang/phim-truong-chuyen-cua-pao-paos-story-film-studio
ha-giang,Phố Cáo (Cao Town),https://gody.vn/chau-a/viet-nam/ha-giang/pho-cao-cao-town
ha-giang,Phố cổ Đồng Văn,https://gody.vn/chau-a/viet-nam/ha-giang/pho-co-dong-van
ha-giang,Quán bán Thắng dền - Đặc sản Hà Giang (Ha Giang's Speciality: Thang Den),https://gody.vn/chau-a/viet-nam/ha-giang/quan-ban-thang-den-dac-san-ha-giang-ha-giangs-speciality-thang-den
ha-giang,Quảng trường 26/3 (March 26 Square),https://gody.vn/chau-a/viet-nam/ha-giang/quang-truong-263-march-26-square
ha-giang,Rừng thông Yên Minh,https://gody.vn/chau-a/viet-nam/ha-giang/rung-thong-yen-minh
ha-giang,Sông Nho Quế,https://gody.vn/chau-a/viet-nam/ha-giang/song-nho-que
ha-giang,Tả Phìn Hồ (Ta Phin Ho Mountain),https://gody.vn/chau-a/viet-nam/ha-giang/ta-phin-ho-ta-phin-ho-mountain
ha-giang,Thác Luồng,https://gody.vn/chau-a/viet-nam/ha-giang/thac-luong
ha-giang,Thác Táng Tinh -Thác Tiên (Tang Tinh Waterfall),https://gody.vn/chau-a/viet-nam/ha-giang/thac-tang-tinh-thac-tien-tang-tinh-waterfall
ha-giang,Thác Thí (Thi Waterfall),https://gody.vn/chau-a/viet-nam/ha-giang/thac-thi-thi-waterfall
ha-giang,Thạch Lâm Viên (Thach Lam Vien Eco-Tourism),https://gody.vn/chau-a/viet-nam/ha-giang/thach-lam-vien-thach-lam-vien-eco-tourism
ha-giang,Thài Phìn Tủng (Thai Phin Tung Commune),https://gody.vn/chau-a/viet-nam/ha-giang/thai-phin-tung-thai-phin-tung-commune
ha-giang,Thị trấn Phó Bảng,https://gody.vn/chau-a/viet-nam/ha-giang/thi-tran-pho-bang
ha-giang,Thung lũng Sà Phìn (Sa Phin Valley),https://gody.vn/chau-a/viet-nam/ha-giang/thung-lung-sa-phin-sa-phin-valley
ha-giang,Thung lũng Sủng Là,https://gody.vn/chau-a/viet-nam/ha-giang/thung-lung-sung-la
ha-giang,Vách đá thần,https://gody.vn/chau-a/viet-nam/ha-giang/vach-da-than
ha-giang,Đi đến,https://gody.vn/chau-a/viet-nam/ha-giang/di-den
ha-giang,Đi lại,https://gody.vn/chau-a/viet-nam/ha-giang/di-lai
ha-giang,Ăn uống,https://gody.vn/chau-a/viet-nam/ha-giang/an-uong
ha-giang,Mua sắm,https://gody.vn/chau-a/viet-nam/ha-giang/mua-sam
ha-giang,Đi khi nào,https://gody.vn/chau-a/viet-nam/ha-giang/di-khi-nao
tay-ninh,Bảo tàng tỉnh Tây Ninh,https://gody.vn/chau-a/viet-nam/tay-ninh/bao-tang-tinh-tay-ninh
tay-ninh,Căn cứ trung ương cục miền Nam,https://gody.vn/chau-a/viet-nam/tay-ninh/can-cu-trung-uong-cuc-mien-nam
tay-ninh,Chùa Giác Ngạn,https://gody.vn/chau-a/viet-nam/tay-ninh/chua-giac-ngan
tay-ninh,Chùa Phước Lưu,https://gody.vn/chau-a/viet-nam/tay-ninh/chua-phuoc-luu
tay-ninh,Chùa Thiền Lâm (Chùa Gò Kén),https://gody.vn/chau-a/viet-nam/tay-ninh/chua-thien-lam-chua-go-ken
tay-ninh,Cửa khẩu Mộc Bài,https://gody.vn/chau-a/viet-nam/tay-ninh/cua-khau-moc-bai
tay-ninh,Đền thờ Trần Hưng Đạo,https://gody.vn/chau-a/viet-nam/tay-ninh/den-tho-tran-hung-dao
tay-ninh,Đình thần Phước Hội,https://gody.vn/chau-a/viet-nam/tay-ninh/dinh-than-phuoc-hoi
tay-ninh,Đình Thanh Phước,https://gody.vn/chau-a/viet-nam/tay-ninh/dinh-thanh-phuoc
tay-ninh,Hồ Dầu Tiếng,https://gody.vn/chau-a/viet-nam/tay-ninh/ho-dau-tieng
tay-ninh,Khu du lịch Long Điền Sơn,https://gody.vn/chau-a/viet-nam/tay-ninh/khu-du-lich-long-dien-son-long-dien-son-water-park
tay-ninh,Khu Du Lịch Sinh Thái Long Trung,https://gody.vn/chau-a/viet-nam/tay-ninh/khu-du-lich-sinh-thai-long-trung
tay-ninh,Ma Lữ Quán Camping,https://gody.vn/chau-a/viet-nam/tay-ninh/ma-lu-quan-camping
tay-ninh,Nông trại Nam Trạng,https://gody.vn/chau-a/viet-nam/tay-ninh/nong-trai-nam-trang
tay-ninh,Núi Bà Đen,https://gody.vn/chau-a/viet-nam/tay-ninh/nui-ba-den
tay-ninh,Núi Bà Đen (Black Virgin Mountain),https://gody.vn/chau-a/viet-nam/tay-ninh/nui-ba-den-black-virgin-mountain
tay-ninh,Quan Đế Thánh miếu,https://gody.vn/chau-a/viet-nam/tay-ninh/quan-de-thanh-mieu
tay-ninh,Rừng Chàng Riệc,https://gody.vn/chau-a/viet-nam/tay-ninh/rung-chang-riec
tay-ninh,Khu du lịch Sun World Ba Den Mountain,https://gody.vn/chau-a/viet-nam/tay-ninh/sun-world-ba-den-mountain
tay-ninh,Thánh thất Cao Đài (Gaotai Temple in Tay Ninh),https://gody.vn/chau-a/viet-nam/tay-ninh/thanh-that-cao-dai-gaotai-temple-in-tay-ninh
tay-ninh,Tháp Chóp Mạt (Tháp cổ Chót Mạt),https://gody.vn/chau-a/viet-nam/tay-ninh/thap-chop-mat
tay-ninh,Tháp cổ Bình Thạnh,https://gody.vn/chau-a/viet-nam/tay-ninh/thap-co-binh-thanh
tay-ninh,Thư viện tỉnh Tây Ninh,https://gody.vn/chau-a/viet-nam/tay-ninh/thu-vien-tinh-tay-ninh
tay-ninh,Thung lũng Ma Thiên Lãnh,https://gody.vn/chau-a/viet-nam/tay-ninh/thung-lung-ma-thien-lanh-ma-thien-lanh-valley
tay-ninh,Tịnh xá Ngọc Thuận,https://gody.vn/chau-a/viet-nam/tay-ninh/tinh-xa-ngoc-thuan
tay-ninh,Tòa thánh Cao Đài (Tòa Thánh Tây Ninh),https://gody.vn/chau-a/viet-nam/tay-ninh/toa-thanh-cao-dai
tay-ninh,Vườn nho rừng Tây Ninh,https://gody.vn/chau-a/viet-nam/tay-ninh/vuon-nho-rung-tay-ninh
tay-ninh,Vườn quốc gia Lò Gò - Xa Mát,https://gody.vn/chau-a/viet-nam/tay-ninh/vuon-quoc-gia-lo-go-xa-mat
tay-ninh,Vườn trái cây Gò Chùa,https://gody.vn/chau-a/viet-nam/tay-ninh/vuon-trai-cay-go-chua
tay-ninh,Vườn trái cây Út Phương,https://gody.vn/chau-a/viet-nam/tay-ninh/vuon-trai-cay-ut-phuong
tay-ninh,Ăn uống,https://gody.vn/chau-a/viet-nam/tay-ninh/an-uong
tay-ninh,Mua sắm,https://gody.vn/chau-a/viet-nam/tay-ninh/mua-sam
tay-ninh,Đi khi nào,https://gody.vn/chau-a/viet-nam/tay-ninh/di-khi-nao
khanh-hoa,An Cafe - Nha Trang,https://gody.vn/chau-a/viet-nam/khanh-hoa/an-cafe
khanh-hoa,Ana Beach House Cafe - Nha Trang,https://gody.vn/chau-a/viet-nam/khanh-hoa/ana-beach-house-cafe
khanh-hoa,Bãi biển Đại Lãnh - Vạn Ninh,https://gody.vn/chau-a/viet-nam/khanh-hoa/bai-bien-dai-lanh
khanh-hoa,Bãi biển Dốc Lết - Ninh Hoà,https://gody.vn/chau-a/viet-nam/khanh-hoa/bai-bien-doc-let
khanh-hoa,Bãi Biển Nhũ Tiên Nha Trang,https://gody.vn/chau-a/viet-nam/khanh-hoa/bai-bien-nhu-tien
khanh-hoa,Bãi Bô Thôn Bình Lập,https://gody.vn/chau-a/viet-nam/khanh-hoa/bai-bo-thon-binh-lap
khanh-hoa,Bãi Dài Nha Trang,https://gody.vn/chau-a/viet-nam/khanh-hoa/bai-dai-nha-trang
khanh-hoa,Bãi Tranh - Nha Trang,https://gody.vn/chau-a/viet-nam/khanh-hoa/bai-tranh-nha-trang
khanh-hoa,Bánh căn 51 - Nha Trang,https://gody.vn/chau-a/viet-nam/khanh-hoa/banh-can-51
khanh-hoa,Bánh canh Bà Thừa - Nha Trang,https://gody.vn/chau-a/viet-nam/khanh-hoa/banh-canh-ba-thua
khanh-hoa,Bánh xèo chảo - Nha Trang,https://gody.vn/chau-a/viet-nam/khanh-hoa/banh-xeo-chao-nha-trang
khanh-hoa,Biển trung tâm thành phố Nha Trang,https://gody.vn/chau-a/viet-nam/khanh-hoa/bien-trung-tam-thanh-pho-nha-trang
khanh-hoa,Bò nướng Lạc Cảnh - Nha Trang,https://gody.vn/chau-a/viet-nam/khanh-hoa/bo-nuong-lac-canh
khanh-hoa,Bún cá Nguyên Loan - Nha Trang,https://gody.vn/chau-a/viet-nam/khanh-hoa/bun-ca-nguyen-loan
khanh-hoa,Bún cá sứa Năm Beo - Nha Trang,https://gody.vn/chau-a/viet-nam/khanh-hoa/bun-ca-sua-nam-beo
khanh-hoa,Cafe Rainforest - Nha Trang,https://gody.vn/chau-a/viet-nam/khanh-hoa/cafe-rainforest
khanh-hoa,Chùa Long Sơn - Nha Trang,https://gody.vn/chau-a/viet-nam/khanh-hoa/chua-long-son
khanh-hoa,Chùa Suối Đổ,https://gody.vn/chau-a/viet-nam/khanh-hoa/chua-suoi-do
khanh-hoa,City Fox Bistro - Nha Trang,https://gody.vn/chau-a/viet-nam/khanh-hoa/city-fox-bistro
khanh-hoa,Cơm gà Hà Nha Trang,https://gody.vn/chau-a/viet-nam/khanh-hoa/com-ga-ha-nha-trang
khanh-hoa,Công viên Phù Đổng - Nha Trang,https://gody.vn/chau-a/viet-nam/khanh-hoa/cong-vien-phu-dong-nha-trang
khanh-hoa,Đầm Môn (Dam Mon island),https://gody.vn/chau-a/viet-nam/khanh-hoa/dam-mon-dam-mon-island
khanh-hoa,Đầm Nha Phu,https://gody.vn/chau-a/viet-nam/khanh-hoa/dam-nha-phu
khanh-hoa,Đảo Bình Ba - Cam Ranh,https://gody.vn/chau-a/viet-nam/khanh-hoa/dao-binh-ba-dia-diem
khanh-hoa,Đảo Bình Hưng,https://gody.vn/chau-a/viet-nam/khanh-hoa/dao-binh-hung
khanh-hoa,Đảo Bình Lập,https://gody.vn/chau-a/viet-nam/khanh-hoa/dao-binh-lap
khanh-hoa,Đảo Cá Voi (Hòn Ông),https://gody.vn/chau-a/viet-nam/khanh-hoa/dao-ca-voi-hon-ong
khanh-hoa,Đảo Điệp Sơn,https://gody.vn/chau-a/viet-nam/khanh-hoa/dao-diep-son-dia-diem
khanh-hoa,Đảo Khỉ - Nha Trang,https://gody.vn/chau-a/viet-nam/khanh-hoa/dao-khi-nha-trang
khanh-hoa,Đảo Yến (Hòn Nội) - Nha Trang,https://gody.vn/chau-a/viet-nam/khanh-hoa/dao-yen-hon-noi-khanh-hoa
khanh-hoa,Đỉnh Hòn Bà,https://gody.vn/chau-a/viet-nam/khanh-hoa/dinh-hon-ba
khanh-hoa,Hồ Đá Bàn (Lake Stone),https://gody.vn/chau-a/viet-nam/khanh-hoa/ho-da-ban-lake-stone
khanh-hoa,Hòn Chồng Cafe - Nha Trang,https://gody.vn/chau-a/viet-nam/khanh-hoa/hon-chong-cafe
khanh-hoa,Hòn Chồng và Hòn Vợ - Nha Trang,https://gody.vn/chau-a/viet-nam/khanh-hoa/hon-chong-va-hon-vo
khanh-hoa,Hòn Mun - Nha Trang,https://gody.vn/chau-a/viet-nam/khanh-hoa/hon-mun
khanh-hoa,Hòn Tằm - Nha Trang,https://gody.vn/chau-a/viet-nam/khanh-hoa/hon-tam
khanh-hoa,Jungle Coffee - Nha Trang,https://gody.vn/chau-a/viet-nam/khanh-hoa/jungle-coffee
khanh-hoa,Khu du lịch 100 Trứng,https://gody.vn/chau-a/viet-nam/khanh-hoa/khu-du-lich-100-trung
khanh-hoa,Khu du lịch Con Sẻ Tre - Nha Trang,https://gody.vn/chau-a/viet-nam/khanh-hoa/khu-du-lich-con-se-tre
khanh-hoa,Khu du lịch Hồ Kênh Hạ - Nha Trang,https://gody.vn/chau-a/viet-nam/khanh-hoa/khu-du-lich-ho-kenh-ha-nha-trang
khanh-hoa,Khu du lịch Làng Tre - Nha Trang,https://gody.vn/chau-a/viet-nam/khanh-hoa/khu-du-lich-lang-tre-nha-trang
khanh-hoa,Khu du lịch sinh thái Ba Hồ (Ba Ho Waterfalls Cliff Jumping),https://gody.vn/chau-a/viet-nam/khanh-hoa/khu-du-lich-sinh-thai-ba-ho-ba-ho-waterfalls-cliff-jumping
khanh-hoa,Khu du lịch sinh thái Sao Biển - Nha Trang,https://gody.vn/chau-a/viet-nam/khanh-hoa/khu-du-lich-sinh-thai-sao-bien
khanh-hoa,Khu du lịch sinh thái Thạch Lâm,https://gody.vn/chau-a/viet-nam/khanh-hoa/khu-du-lich-sinh-thai-thach-lam
khanh-hoa,Khu du lịch sinh thái Yang Bay,https://gody.vn/chau-a/viet-nam/khanh-hoa/khu-du-lich-sinh-thai-yang-bay
khanh-hoa,Khu du lịch Thủy cung Trí Nguyên - Nha Trang,https://gody.vn/chau-a/viet-nam/khanh-hoa/khu-du-lich-thuy-chung-tri-nguyen-nha-trang
khanh-hoa,Khu du lịch Waterland suối Thạch Lâm,https://gody.vn/chau-a/viet-nam/khanh-hoa/khu-du-lich-waterland-suoi-thach-lam
khanh-hoa,Khu Nghỉ Dưỡng Yến Bay Ngọc Sương,https://gody.vn/chau-a/viet-nam/khanh-hoa/khu-nghi-duong-yen-bay-ngoc-suong
khanh-hoa,Lầu Bảo Đại - Nha Trang,https://gody.vn/chau-a/viet-nam/khanh-hoa/lau-bao-dai
khanh-hoa,Nem nướng Ninh Hòa - Đặng Văn Quyên,https://gody.vn/chau-a/viet-nam/khanh-hoa/nem-nuong-ninh-hoa-dang-van-quyen
khanh-hoa,Nhà thờ Đá (Núi) Nha Trang,https://gody.vn/chau-a/viet-nam/khanh-hoa/nha-tho-da-nha-trang
khanh-hoa,Runam Bistro - Nha Trang,https://gody.vn/chau-a/viet-nam/khanh-hoa/runam-bistro-nha-trang
khanh-hoa,Sailing Club - Nha Trang,https://gody.vn/chau-a/viet-nam/khanh-hoa/sailing-club-nha-trang
khanh-hoa,Skylight - Nha Trang,https://gody.vn/chau-a/viet-nam/khanh-hoa/skylight-nha-trang
khanh-hoa,Suối Ba Hồ,https://gody.vn/chau-a/viet-nam/khanh-hoa/suoi-ba-ho
khanh-hoa,Suối đá Giăng,https://gody.vn/chau-a/viet-nam/khanh-hoa/suoi-da-giang
khanh-hoa,Suối Đổ (Do Waterfall),https://gody.vn/chau-a/viet-nam/khanh-hoa/suoi-do-do-waterfall
khanh-hoa,Suối Hoa Lan,https://gody.vn/chau-a/viet-nam/khanh-hoa/suoi-hoa-lan
khanh-hoa,Suối khoáng nóng Nha Trang I-Resort,https://gody.vn/chau-a/viet-nam/khanh-hoa/suoi-khoang-nong-nha-trang-i-resort
khanh-hoa,Thác Bầu - Suối Mấu,https://gody.vn/chau-a/viet-nam/khanh-hoa/thac-bau-suoi-mau
khanh-hoa,Thác Tà Gụ,https://gody.vn/chau-a/viet-nam/khanh-hoa/thac-ta-gu
khanh-hoa,Thác Yangbay,https://gody.vn/chau-a/viet-nam/khanh-hoa/thac-yangbay
khanh-hoa,Thành cổ Diên Khánh,https://gody.vn/chau-a/viet-nam/khanh-hoa/thanh-co-dien-khanh
khanh-hoa,Tháp Bà Ponagar - Nha trang,https://gody.vn/chau-a/viet-nam/khanh-hoa/thap-ba-ponagar
khanh-hoa,Trốn Café - Nha Trang,https://gody.vn/chau-a/viet-nam/khanh-hoa/tron-cafe
khanh-hoa,Viện hải dương học Nha Trang,https://gody.vn/chau-a/viet-nam/khanh-hoa/vien-hai-duong-hoc-nha-trang
khanh-hoa,Vịnh Ninh Vân - Ninh hoà,https://gody.vn/chau-a/viet-nam/khanh-hoa/vinh-ninh-van
khanh-hoa,Vịnh Vân Phong,https://gody.vn/chau-a/viet-nam/khanh-hoa/vinh-van-phong
khanh-hoa,Vinpearl Land Nha Trang,https://gody.vn/chau-a/viet-nam/khanh-hoa/vinpearl-land-nha-trang
khanh-hoa,VinWonders Nha Trang,https://gody.vn/chau-a/viet-nam/khanh-hoa/vinwonders-nha-trang
ben-tre,Ann's Coffee,https://gody.vn/chau-a/viet-nam/ben-tre/anns-coffee
ben-tre,Bảo tàng Bến Tre,https://gody.vn/chau-a/viet-nam/ben-tre/bao-tang-ben-tre
ben-tre,Biển Thạnh Phú,https://gody.vn/chau-a/viet-nam/ben-tre/bien-thanh-phu
ben-tre,CẦU RẠCH LIỄU,https://gody.vn/chau-a/viet-nam/ben-tre/cau-rach-lieu
ben-tre,CHỢ BẾN TRE,https://gody.vn/chau-a/viet-nam/ben-tre/cho-ben-tre
ben-tre,CHÙA HỘI TÔN,https://gody.vn/chau-a/viet-nam/ben-tre/chua-hoi-ton
ben-tre,Chùa Tuyên Linh,https://gody.vn/chau-a/viet-nam/ben-tre/chua-tuyen-linh
ben-tre,Chùa Vạn Phước,https://gody.vn/chau-a/viet-nam/ben-tre/chua-van-phuoc-ben-tre
ben-tre,Cồn Ốc - Bến Tre,https://gody.vn/chau-a/viet-nam/ben-tre/con-oc-ben-tre
ben-tre,Cồn Phú Đa,https://gody.vn/chau-a/viet-nam/ben-tre/con-phu-da
ben-tre,Cồn Phụng,https://gody.vn/chau-a/viet-nam/ben-tre/con-phung
ben-tre,Cù lao Minh,https://gody.vn/chau-a/viet-nam/ben-tre/cu-lao-minh
ben-tre,Đình Bình Hoà,https://gody.vn/chau-a/viet-nam/ben-tre/dinh-binh-hoa
ben-tre,Đình Phú Lễ,https://gody.vn/chau-a/viet-nam/ben-tre/dinh-phu-le
ben-tre,Khu du lịch Cồn Quy,https://gody.vn/chau-a/viet-nam/ben-tre/khu-du-lich-con-quy
ben-tre,Khu du lịch Lan Vương,https://gody.vn/chau-a/viet-nam/ben-tre/khu-du-lich-lan-vuong
ben-tre,Khu du lịch Làng Bè,https://gody.vn/chau-a/viet-nam/ben-tre/khu-du-lich-lang-be
ben-tre,Khu lăng mộ cụ Nguyễn Đình Chiểu,https://gody.vn/chau-a/viet-nam/ben-tre/khu-lang-mo-cu-nguyen-dinh-chieu
ben-tre,Làng du kích Đồng Khởi,https://gody.vn/chau-a/viet-nam/ben-tre/lang-du-kich-dong-khoi
ben-tre,Làng hoa cảnh chợ Lách,https://gody.vn/chau-a/viet-nam/ben-tre/lang-hoa-canh-cho-lach
ben-tre,LeKao's Coffee,https://gody.vn/chau-a/viet-nam/ben-tre/lekaos-coffee
ben-tre,Nông trại sinh thái Người Giữ Rừng,https://gody.vn/chau-a/viet-nam/ben-tre/nong-trai-sinh-thai-nguoi-giu-rung
ben-tre,Ola Tea House,https://gody.vn/chau-a/viet-nam/ben-tre/ola-tea-house
ben-tre,Sân chim Vàm Hồ,https://gody.vn/chau-a/viet-nam/ben-tre/san-chim-vam-ho
ben-tre,Sweet Home,https://gody.vn/chau-a/viet-nam/ben-tre/sweet-home
ben-tre,Vườn trái cây Cái Mơn,https://gody.vn/chau-a/viet-nam/ben-tre/vuon-trai-cay-cai-mon
hoa-binh,Ba Khan,https://gody.vn/chau-a/viet-nam/hoa-binh/ba-khan
hoa-binh,Bảo tàng không gian văn hóa Mường,https://gody.vn/chau-a/viet-nam/hoa-binh/bao-tang-khong-gian-van-hoa-muong
hoa-binh,Cắm trại Đà Bắc,https://gody.vn/chau-a/viet-nam/hoa-binh/cam-trai-da-bac
hoa-binh,Cắm trại Kim Bôi,https://gody.vn/chau-a/viet-nam/hoa-binh/cam-trai-kim-boi
hoa-binh,Chùa Hang (Hang Pagoda),https://gody.vn/chau-a/viet-nam/hoa-binh/chua-hang-hang-pagoda
hoa-binh,Chùa Phật Quang (Phật Quang Pagoda),https://gody.vn/chau-a/viet-nam/hoa-binh/chua-phat-quang-phat-quang-pagoda
hoa-binh,Chùa Tiên – Đầm Đa (Chua Tien-Dam Da Pagoda),https://gody.vn/chau-a/viet-nam/hoa-binh/chua-tien-dam-da-chua-tien-dam-da-pagoda
hoa-binh,Đặc sản Cam Cao Phong - Vườn cam Bà Sen,https://gody.vn/chau-a/viet-nam/hoa-binh/dac-san-cam-cao-phong-vuon-cam-ba-sen
hoa-binh,Đặc sản Chả cuốn lá bưởi Việt Hoa,https://gody.vn/chau-a/viet-nam/hoa-binh/dac-san-cha-cuon-la-buoi-viet-hoa
hoa-binh,Đặc sản Rau rừng đồ,https://gody.vn/chau-a/viet-nam/hoa-binh/dac-san-rau-rung-do
hoa-binh,Đền Bồng Lai (Bồng Lai Temple),https://gody.vn/chau-a/viet-nam/hoa-binh/den-bong-lai-bong-lai-temple
hoa-binh,Đền Chúa Thác Bờ (Chúa Thác Bờ Temple),https://gody.vn/chau-a/viet-nam/hoa-binh/den-chua-thac-bo-chua-thac-bo-temple
hoa-binh,Đèo Thung Khe,https://gody.vn/chau-a/viet-nam/hoa-binh/deo-thung-khe
hoa-binh,Động Đá Bạc (Đá Bạc Cave),https://gody.vn/chau-a/viet-nam/hoa-binh/dong-da-bac-da-bac-cave
hoa-binh,Động Hoa Tiên (Hoa Tiên Cave),https://gody.vn/chau-a/viet-nam/hoa-binh/dong-hoa-tien-hoa-tien-cave
hoa-binh,Động Thác Bờ (Thác Bờ Cave),https://gody.vn/chau-a/viet-nam/hoa-binh/dong-thac-bo-thac-bo-cave
hoa-binh,Động Thiên Long (Thiên Long Cave),https://gody.vn/chau-a/viet-nam/hoa-binh/dong-thien-long-thien-long-cave
hoa-binh,Hồ Đồng Chanh,https://gody.vn/chau-a/viet-nam/hoa-binh/ho-dong-chanh
hoa-binh,Hồ Hòa Bình (Hoà Bình Lake),https://gody.vn/chau-a/viet-nam/hoa-binh/ho-hoa-binh-hoa-binh-lake
hoa-binh,Joy Camping,https://gody.vn/chau-a/viet-nam/hoa-binh/joy-camping
hoa-binh,Khu du lịch Cửu Thác Tú Sơn,https://gody.vn/chau-a/viet-nam/hoa-binh/khu-du-lich-cuu-thac-tu-son
hoa-binh,Khu du lịch Đầm Long (Hà Nội),https://gody.vn/chau-a/viet-nam/hoa-binh/khu-du-lich-dam-long-ha-noi
hoa-binh,Khu du lịch thác Thăng Thiên (Thang Thien Waterfall resort),https://gody.vn/chau-a/viet-nam/hoa-binh/khu-du-lich-thac-thang-thien-thang-thien-waterfall-resort
hoa-binh,Thác Thăng Thiên,https://gody.vn/chau-a/viet-nam/hoa-binh/khu-du-lich-thac-thang-thien-thang-thien-waterfall-tourist-site
hoa-binh,Lũng Vân (Lung Van),https://gody.vn/chau-a/viet-nam/hoa-binh/lung-van-lung-van
hoa-binh,Nhà hàng quán ngon Hòa Bình - Đặc sản Thịt trâu nấu lá lồm,https://gody.vn/chau-a/viet-nam/hoa-binh/nha-hang-quan-ngon-hoa-binh-dac-san-thit-trau-nau-la-lom
hoa-binh,Nhà máy thuỷ điện Hoà Bình (Hoa Binh Hydropower Plant),https://gody.vn/chau-a/viet-nam/hoa-binh/nha-may-thuy-dien-hoa-binh-hoa-binh-hydropower-plant
hoa-binh,Suối nước nóng Kim Bôi,https://gody.vn/chau-a/viet-nam/hoa-binh/suoi-nuoc-nong-kim-boi
hoa-binh,Thác Mu,https://gody.vn/chau-a/viet-nam/hoa-binh/thac-mu
hoa-binh,Thác Pùng,https://gody.vn/chau-a/viet-nam/hoa-binh/thac-pung
hoa-binh,Thung lũng Mai Châu,https://gody.vn/chau-a/viet-nam/hoa-binh/thung-lung-mai-chau
hoa-binh,Thung Nai,https://gody.vn/chau-a/viet-nam/hoa-binh/thung-nai
da-nang,43 FACTORY COFFEE ROASTER,https://gody.vn/chau-a/viet-nam/da-nang/43-factory-coffee-roaster
da-nang,Bà Nà Hills,https://gody.vn/chau-a/viet-nam/da-nang/ba-na-hills
da-nang,Bãi biển Mỹ Khê,https://gody.vn/chau-a/viet-nam/da-nang/bai-bien-my-khe
da-nang,Bãi Bụt,https://gody.vn/chau-a/viet-nam/da-nang/bai-but-da-nang
da-nang,Bãi Cát Vàng,https://gody.vn/chau-a/viet-nam/da-nang/bai-cat-vang
da-nang,Bãi cháy Sơn Trà (Đà Nẵng),https://gody.vn/chau-a/viet-nam/da-nang/bai-chay-son-tra-da-nang
da-nang,Bãi cỏ cháy Đà Nẵng,https://gody.vn/chau-a/viet-nam/da-nang/bai-co-chay-da-nang
da-nang,Bãi Đá Đen,https://gody.vn/chau-a/viet-nam/da-nang/bai-da-den
da-nang,Bãi Đa Sơn Trà (Đà Nẵng),https://gody.vn/chau-a/viet-nam/da-nang/bai-da-son-tra-da-nang
da-nang,Bãi Nam Sơn Trà,https://gody.vn/chau-a/viet-nam/da-nang/bai-nam-son-tra
da-nang,Bãi Non Nước,https://gody.vn/chau-a/viet-nam/da-nang/bai-non-nuoc
da-nang,Bãi Rạng,https://gody.vn/chau-a/viet-nam/da-nang/bai-rang
da-nang,Bãi tắm Liên Chiểu,https://gody.vn/chau-a/viet-nam/da-nang/bai-tam-lien-chieu
da-nang,Bán đảo Sơn Trà,https://gody.vn/chau-a/viet-nam/da-nang/ban-dao-son-tra
da-nang,Bảo tàng 3D ( Art in Paradise DaNang ),https://gody.vn/chau-a/viet-nam/da-nang/bao-tang-3d-art-in-paradise-danang
da-nang,Bảo tàng Đà Nẵng ( Da Nang Museum ),https://gody.vn/chau-a/viet-nam/da-nang/bao-tang-da-nang-da-nang-museum
da-nang,Bảo tàng điêu khắc Chăm thành phố Đà Nẵng,https://gody.vn/chau-a/viet-nam/da-nang/bao-tang-dieu-khac-cham-thanh-pho-da-nang
da-nang,Bảo tàng điêu khắc Champa,https://gody.vn/chau-a/viet-nam/da-nang/bao-tang-dieu-khac-champa
da-nang,Bảo tàng Đồng Đình ( Dong Dinh Museum ),https://gody.vn/chau-a/viet-nam/da-nang/bao-tang-dong-dinh-dong-dinh-museum
da-nang,Bảo tàng mỹ thuật Đà Năng ( Da Nang Fine Arts Museum ),https://gody.vn/chau-a/viet-nam/da-nang/bao-tang-my-thuat-da-nang-da-nang-fine-arts-museum
da-nang,Bến Du Thuyền Đà Nẵng (DHC Marina),https://gody.vn/chau-a/viet-nam/da-nang/ben-du-thuyen-da-nang-dhc-marina
da-nang,Biển Bắc Mỹ An,https://gody.vn/chau-a/viet-nam/da-nang/bien-bac-my-an
da-nang,Biển Phạm Văn Đồng,https://gody.vn/chau-a/viet-nam/da-nang/bien-pham-van-dong
da-nang,Biển Tiên Sa ( Tien Sa Beach ),https://gody.vn/chau-a/viet-nam/da-nang/bien-tien-sa-tien-sa-beach
da-nang,Biển Xuân Thiều ( Red Beach ),https://gody.vn/chau-a/viet-nam/da-nang/bien-xuan-thieu-red-beach
da-nang,Cầu Rồng Đà Nẵng,https://gody.vn/chau-a/viet-nam/da-nang/cau-rong-da-nang
da-nang,Cầu Thuận Phước,https://gody.vn/chau-a/viet-nam/da-nang/cau-thuan-phuoc
da-nang,Cầu tình yêu,https://gody.vn/chau-a/viet-nam/da-nang/cau-tinh-yeu
da-nang,Cầu Trần Thị Lý,https://gody.vn/chau-a/viet-nam/da-nang/cau-tran-thi-ly
da-nang,Cầu Vàng Bà Nà Hills ( Golden Bridge ),https://gody.vn/chau-a/viet-nam/da-nang/cau-vang-ba-na-hills-golden-bridge
da-nang,Cây đa Con Nai,https://gody.vn/chau-a/viet-nam/da-nang/cay-da-con-nai
da-nang,Cây đa đại thụ,https://gody.vn/chau-a/viet-nam/da-nang/cay-da-dai-thu
da-nang,Cây thông cô đơn,https://gody.vn/chau-a/viet-nam/da-nang/cay-thong-co-don
da-nang,Chợ Bắc Mỹ An,https://gody.vn/chau-a/viet-nam/da-nang/cho-bac-my-an
da-nang,Chợ Cồn (Con Market),https://gody.vn/chau-a/viet-nam/da-nang/cho-con-con-market
da-nang,Chợ đêm An Thượng Đà Nẵng,https://gody.vn/chau-a/viet-nam/da-nang/cho-dem-an-thuong-da-nang
da-nang,Chợ đêm Sơn Trà - Đà Nẵng,https://gody.vn/chau-a/viet-nam/da-nang/cho-dem-son-tra-da-nang
da-nang,Chợ đêm Sơn Trà (Son Tra Night Market),https://gody.vn/chau-a/viet-nam/da-nang/cho-dem-son-tra-son-tra-night-market
da-nang,Chợ Hòa Khánh,https://gody.vn/chau-a/viet-nam/da-nang/cho-hoa-khanh
da-nang,Chùa Bửu Đài Sơn,https://gody.vn/chau-a/viet-nam/da-nang/chua-buu-dai-son
da-nang,Chùa không tên - Đà Sơn,https://gody.vn/chau-a/viet-nam/da-nang/chua-khong-ten-da-son
da-nang,Chùa Linh Ứng,https://gody.vn/chau-a/viet-nam/da-nang/chua-linh-ung
da-nang,Chùa Nam Hải,https://gody.vn/chau-a/viet-nam/da-nang/chua-nam-hai
da-nang,Chùa Pháp Lâm (Phap Lam Pagoda),https://gody.vn/chau-a/viet-nam/da-nang/chua-phap-lam-phap-lam-pagoda
da-nang,Chùa Phổ Đà,https://gody.vn/chau-a/viet-nam/da-nang/chua-pho-da
da-nang,Chùa Quan Âm,https://gody.vn/chau-a/viet-nam/da-nang/chua-quan-am
da-nang,Chùa Tam Thai,https://gody.vn/chau-a/viet-nam/da-nang/chua-tam-thai
da-nang,Công viên APEC,https://gody.vn/chau-a/viet-nam/da-nang/cong-vien-apec
da-nang,Công viên Biển Đông - Đà Nẵng,https://gody.vn/chau-a/viet-nam/da-nang/cong-vien-bien-dong-da-nang
da-nang,Công viên Châu Á Đà Nẵng ( Sun World Danang Wonders ),https://gody.vn/chau-a/viet-nam/da-nang/cong-vien-chau-a-da-nang-sun-world-danang-wonders
da-nang,Công viên suối khoáng nóng núi Thần Tài,https://gody.vn/chau-a/viet-nam/da-nang/cong-vien-suoi-khoang-nong-nui-than-tai
da-nang,Công Viên Suối Khoáng Nóng Núi Thần Tài ( Hot Spring Park ),https://gody.vn/chau-a/viet-nam/da-nang/cong-vien-suoi-khoang-nong-nui-than-tai-hot-spring-park
da-nang,Cung văn hóa thiếu nhi Đà Nẵng,https://gody.vn/chau-a/viet-nam/da-nang/cung-van-hoa-thieu-nhi-da-nang
da-nang,Đền Lĩnh Chúa Linh Từ,https://gody.vn/chau-a/viet-nam/da-nang/den-linh-chua-linh-tu
da-nang,Đèo Hải Vân,https://gody.vn/chau-a/viet-nam/da-nang/deo-hai-van
da-nang,Đỉnh Bàn Cờ,https://gody.vn/chau-a/viet-nam/da-nang/dinh-ban-co
da-nang,Đông Hoa Nghiêm ( Hoa Nghiem Cave ),https://gody.vn/chau-a/viet-nam/da-nang/dong-hoa-nghiem-hoa-nghiem-cave
da-nang,Ghềnh Bàng,https://gody.vn/chau-a/viet-nam/da-nang/ghenh-bang
da-nang,Ghềnh đá Nam Ô,https://gody.vn/chau-a/viet-nam/da-nang/ghenh-da-nam-o
da-nang,Giếng trời Đà Nẵng,https://gody.vn/chau-a/viet-nam/da-nang/gieng-troi-da-nang
da-nang,Hải đăng Thuận Phước,https://gody.vn/chau-a/viet-nam/da-nang/hai-dang-thuan-phuoc
da-nang,Hải Đăng Tiên Sa,https://gody.vn/chau-a/viet-nam/da-nang/hai-dang-tien-sa
da-nang,Hải Vân Quan,https://gody.vn/chau-a/viet-nam/da-nang/hai-van-quan
da-nang,Hồ Đồng Xanh - Đồng Nghệ,https://gody.vn/chau-a/viet-nam/da-nang/ho-dong-xanh-dong-nghe
da-nang,Hồ Hòa Trung ( Hoa Trung Lake),https://gody.vn/chau-a/viet-nam/da-nang/ho-hoa-trung-hoa-trung-lake
da-nang,Hồ Xanh bán đảo Sơn Trà,https://gody.vn/chau-a/viet-nam/da-nang/ho-xanh-ban-dao-son-tra
da-nang,Khu du lịch Hòa Phú Thành ( Hoa Phu Thanh Park ),https://gody.vn/chau-a/viet-nam/da-nang/khu-du-lich-hoa-phu-thanh-hoa-phu-thanh-park
da-nang,Khu du lịch sinh thái Suối Hoa,https://gody.vn/chau-a/viet-nam/da-nang/khu-du-lich-sinh-thai-suoi-hoa
da-nang,Khu du lịch Suối Lương,https://gody.vn/chau-a/viet-nam/da-nang/khu-du-lich-suoi-luong
da-nang,Làng bích họa Đà Nẵng,https://gody.vn/chau-a/viet-nam/da-nang/lang-bich-hoa-da-nang
da-nang,Làng chiếu Cẩm Nê,https://gody.vn/chau-a/viet-nam/da-nang/lang-chieu-cam-ne
da-nang,Làng cổ Phong Nam,https://gody.vn/chau-a/viet-nam/da-nang/lang-co-phong-nam
da-nang,Làng cổ Túy Loan,https://gody.vn/chau-a/viet-nam/da-nang/lang-co-tuy-loan
da-nang,Mũi Súng Sơn Trà,https://gody.vn/chau-a/viet-nam/da-nang/mui-sung-son-tra
da-nang,Ngôi nhà úp ngược ( Upside Down World Danang ),https://gody.vn/chau-a/viet-nam/da-nang/ngoi-nha-up-nguoc-upside-down-world-danang
da-nang,Ngon Villa Da Nang Restaurant,https://gody.vn/chau-a/viet-nam/da-nang/ngon-villa-da-nang-restaurant
da-nang,Ngũ Hành Sơn,https://gody.vn/chau-a/viet-nam/da-nang/ngu-hanh-son
da-nang,Nhà Thờ Chính Tòa Đà Nẵng,https://gody.vn/chau-a/viet-nam/da-nang/nha-tho-chinh-toa-da-nang
da-nang,Rạn Nam Ô (Nam O reef),https://gody.vn/chau-a/viet-nam/da-nang/ran-nam-o-nam-o-reef
da-nang,Rừng thông Bồ Bồ,https://gody.vn/chau-a/viet-nam/da-nang/rung-thong-bo-bo
da-nang,Sân bay trực thăng cũ,https://gody.vn/chau-a/viet-nam/da-nang/san-bay-truc-thang-cu
da-nang,Sevva Sky Lounge,https://gody.vn/chau-a/viet-nam/da-nang/sevva-sky-lounge
da-nang,Sky 36 (Bar Sky 36),https://gody.vn/chau-a/viet-nam/da-nang/sky-36-bar-sky-36
da-nang,Sơn Trà Tịnh Viên,https://gody.vn/chau-a/viet-nam/da-nang/son-tra-tinh-vien
da-nang,Sông Hàn và 4 cây cầu kỉ lục,https://gody.vn/chau-a/viet-nam/da-nang/song-han-va-4-cau-ki-luc
da-nang,Suối Mơ - Đà Nẵng,https://gody.vn/chau-a/viet-nam/da-nang/suoi-mo-da-nang
da-nang,Thác Ba Đờ Phọt,https://gody.vn/chau-a/viet-nam/da-nang/thac-ba-do-phot
da-nang,Trạm Rada Sơn Trà,https://gody.vn/chau-a/viet-nam/da-nang/tram-rada-son-tra
da-nang,Trung Hưng Bửu Tòa ( Cao Dai Temple ),https://gody.vn/chau-a/viet-nam/da-nang/trung-hung-buu-toa-cao-dai-temple
da-nang,Trung tâm giải trí phức hợp Helio Center,https://gody.vn/chau-a/viet-nam/da-nang/trung-tam-giai-tri-phuc-hop-helio-center
da-nang,Vườn Hoa Le Jardin D’Amour,https://gody.vn/chau-a/viet-nam/da-nang/vuon-hoa-le-jardin-damour
da-nang,Yên Retreat,https://gody.vn/chau-a/viet-nam/da-nang/yen-retreat
da-nang,Đi đến,https://gody.vn/chau-a/viet-nam/da-nang/di-den
da-nang,Đi lại,https://gody.vn/chau-a/viet-nam/da-nang/di-lai
da-nang,Ăn uống,https://gody.vn/chau-a/viet-nam/da-nang/an-uong
da-nang,Mua sắm,https://gody.vn/chau-a/viet-nam/da-nang/mua-sam
da-nang,Đi khi nào,https://gody.vn/chau-a/viet-nam/da-nang/di-khi-nao
long-an,Cảng biển Tân Lập (Tan Lap Port),https://gody.vn/chau-a/viet-nam/long-an/cang-bien-tan-lap-tan-lap-port
long-an,Chùa Thiên Phước,https://gody.vn/chau-a/viet-nam/long-an/chua-thien-phuoc
long-an,Chùa Tôn Thạnh,https://gody.vn/chau-a/viet-nam/long-an/chua-ton-thanh
long-an,Cửa khẩu Bình Hiệp,https://gody.vn/chau-a/viet-nam/long-an/cua-khau-binh-hiep
long-an,Khu bảo tồn đất ngập nước Láng Sen,https://gody.vn/chau-a/viet-nam/long-an/khu-bao-ton-dat-ngap-nuoc-lang-sen
long-an,Khu di tích lịch sử Ngã Tư Đức Hoà,https://gody.vn/chau-a/viet-nam/long-an/khu-di-tich-lich-su-nga-tu-duc-hoa
long-an,Khu di tích lịch sử Vàm Nhựt Tảo,https://gody.vn/chau-a/viet-nam/long-an/khu-di-tich-lich-su-vam-nhut-tao
long-an,Khu di tích núi Đất,https://gody.vn/chau-a/viet-nam/long-an/khu-di-tich-nui-dat
long-an,Khu du lịch Cát Tường Phú Sinh,https://gody.vn/chau-a/viet-nam/long-an/khu-du-lich-cat-tuong-phu-sinh
long-an,Khu du lịch Đồng Tháp Mười,https://gody.vn/chau-a/viet-nam/long-an/khu-du-lich-dong-thap-muoi
long-an,Khu du lịch làng cổ Phước Lộc Thọ,https://gody.vn/chau-a/viet-nam/long-an/khu-du-lich-lang-co-phuoc-loc-tho
long-an,Khu sinh thái Công viên nước Rio (Rio ecological park - water park),https://gody.vn/chau-a/viet-nam/long-an/khu-sinh-thai-cong-vien-nuoc-rio-rio-ecological-park-water-park
long-an,Làng nổi Tân Lập,https://gody.vn/chau-a/viet-nam/long-an/lang-noi-tan-lap
long-an,Nhà cổ trăm cột Cần Đước,https://gody.vn/chau-a/viet-nam/long-an/nha-co-tram-cot-can-duoc
long-an,Vườn hoa kiểng Thanh Tâm,https://gody.vn/chau-a/viet-nam/long-an/vuon-hoa-kieng-thanh-tam
quang-ninh,Bãi biển Minh Châu,https://gody.vn/chau-a/viet-nam/quang-ninh/bai-bien-minh-chau
quang-ninh,Bãi Biển Trà Cổ,https://gody.vn/chau-a/viet-nam/quang-ninh/bai-bien-tra-co
quang-ninh,Bãi biển Tuần Châu,https://gody.vn/chau-a/viet-nam/quang-ninh/bai-bien-tuan-chau
quang-ninh,Bãi Cháy - Hạ Long,https://gody.vn/chau-a/viet-nam/quang-ninh/bai-chay
quang-ninh,Bảo tàng Quảng Ninh,https://gody.vn/chau-a/viet-nam/quang-ninh/bao-tang-quang-ninh
quang-ninh,Bảo tàng và thư viện Quảng Ninh,https://gody.vn/chau-a/viet-nam/quang-ninh/bao-tang-thu-vien-quang-ninh
quang-ninh,Bình Liêu,https://gody.vn/chau-a/viet-nam/quang-ninh/binh-lieu
quang-ninh,Cáp treo Nữ Hoàng - Hạ Long,https://gody.vn/chau-a/viet-nam/quang-ninh/cap-treo-nu-hoang-ha-long
quang-ninh,Cáp treo Yên Tử,https://gody.vn/chau-a/viet-nam/quang-ninh/cap-treo-yen-tu
quang-ninh,Cầu Bãi Cháy Hạ Long,https://gody.vn/chau-a/viet-nam/quang-ninh/cau-bai-chay
quang-ninh,Cầu tình yêu Uông Bí,https://gody.vn/chau-a/viet-nam/quang-ninh/cau-tinh-yeu-uong-bi
quang-ninh,Chợ đêm Quảng Ninh,https://gody.vn/chau-a/viet-nam/quang-ninh/cho-dem-quang-ninh
quang-ninh,Chùa Ba Vàng,https://gody.vn/chau-a/viet-nam/quang-ninh/chua-ba-vang
quang-ninh,Chùa Cái Bầu,https://gody.vn/chau-a/viet-nam/quang-ninh/chua-cai-bau
quang-ninh,Chùa Lôi Âm - Hạ Long,https://gody.vn/chau-a/viet-nam/quang-ninh/chua-loi-am
quang-ninh,Chùa Long Tiên - Hạ Long,https://gody.vn/chau-a/viet-nam/quang-ninh/chua-long-tien
quang-ninh,Công viên hoa Hạ Long,https://gody.vn/chau-a/viet-nam/quang-ninh/cong-vien-hoa-ha-long
quang-ninh,Cung cá heo Hạ Long,https://gody.vn/chau-a/viet-nam/quang-ninh/cung-ca-heo
quang-ninh,Đảo Cô Tô,https://gody.vn/chau-a/viet-nam/quang-ninh/dao-co-to
quang-ninh,Đảo Mắt Rồng,https://gody.vn/chau-a/viet-nam/quang-ninh/dao-mat-rong
quang-ninh,Đảo Ngọc Vừng (Jade dizzy Island),https://gody.vn/chau-a/viet-nam/quang-ninh/dao-ngoc-vung-jade-dizzy-island
quang-ninh,Đảo Quan Lạn (Quan Lan Island),https://gody.vn/chau-a/viet-nam/quang-ninh/dao-quan-lan-quan-lan-island
quang-ninh,Đảo Soi Sim,https://gody.vn/chau-a/viet-nam/quang-ninh/dao-soi-sim
quang-ninh,Đảo Ti Tốp,https://gody.vn/chau-a/viet-nam/quang-ninh/dao-ti-top
quang-ninh,Đảo Tuần Châu - Hạ Long,https://gody.vn/chau-a/viet-nam/quang-ninh/dao-tuan-chau
quang-ninh,Đền Cửa Ông - Cẩm Phả,https://gody.vn/chau-a/viet-nam/quang-ninh/den-cua-ong
quang-ninh,Động Kim Quy,https://gody.vn/chau-a/viet-nam/quang-ninh/dong-kim-quy
quang-ninh,Động Mê Cung Hạ Long,https://gody.vn/chau-a/viet-nam/quang-ninh/dong-me-cung
quang-ninh,Động Thiên Cung,https://gody.vn/chau-a/viet-nam/quang-ninh/dong-thien-cung
quang-ninh,Du lịch sinh thái Khe Song - Thác Bạc - Yên Tử,https://gody.vn/chau-a/viet-nam/quang-ninh/du-lich-sinh-thai-khe-song-thac-bac-yen-tu
quang-ninh,Eo Gió Quan Lạn,https://gody.vn/chau-a/viet-nam/quang-ninh/eo-gio-quan-lan
quang-ninh,Hang đầu gỗ - Hạ Long,https://gody.vn/chau-a/viet-nam/quang-ninh/hang-dau-go-the-wood-hole
quang-ninh,Hang Luồn,https://gody.vn/chau-a/viet-nam/quang-ninh/hang-luon
quang-ninh,Hang Sửng Sốt,https://gody.vn/chau-a/viet-nam/quang-ninh/hang-sung-sot
quang-ninh,Hang Thiên Cảnh Sơn,https://gody.vn/chau-a/viet-nam/quang-ninh/hang-thien-canh-son
quang-ninh,Hang Trống và Hang Trinh Nữ,https://gody.vn/chau-a/viet-nam/quang-ninh/hang-trong-hang-trinh-nu
quang-ninh,Hồ Bến Châu,https://gody.vn/chau-a/viet-nam/quang-ninh/ho-ben-chau
quang-ninh,Hồ Khe Chè,https://gody.vn/chau-a/viet-nam/quang-ninh/ho-khe-che
quang-ninh,Hồ Yên Trung,https://gody.vn/chau-a/viet-nam/quang-ninh/ho-yen-trung
quang-ninh,Hòn Đỉnh Hương (Stone Incense Burner) - Hạ Long,https://gody.vn/chau-a/viet-nam/quang-ninh/hon-dinh-huong-stone-incense-burner
quang-ninh,Hòn Gà Chọi - Hòn Trống Mái (Cockfight stone) - Hạ Long,https://gody.vn/chau-a/viet-nam/quang-ninh/hon-ga-choi-hon-trong-mai-cockfight-stone
quang-ninh,Khu di tích Yên Tử,https://gody.vn/chau-a/viet-nam/quang-ninh/khu-di-tich-yen-tu
quang-ninh,Khu vui chơi Tuần Châu,https://gody.vn/chau-a/viet-nam/quang-ninh/khu-vui-choi-tuan-chau
quang-ninh,Làng chài Cửa Vạn - Hạ Long,https://gody.vn/chau-a/viet-nam/quang-ninh/lang-chai-cua-van
quang-ninh,Núi Bài Thơ - Hạ Long,https://gody.vn/chau-a/viet-nam/quang-ninh/nui-bai-tho
quang-ninh,Núi Yên Tử,https://gody.vn/chau-a/viet-nam/quang-ninh/nui-yen-tu
quang-ninh,Quảng trường Hạ Long,https://gody.vn/chau-a/viet-nam/quang-ninh/quang-truong-ha-long
quang-ninh,Sun World Ha Long,https://gody.vn/chau-a/viet-nam/quang-ninh/sun-world-ha-long
quang-ninh,Vịnh Bái Tử Long,https://gody.vn/chau-a/viet-nam/quang-ninh/vinh-bai-tu-long-bai-tu-long-bay
quang-ninh,Vịnh Hạ Long,https://gody.vn/chau-a/viet-nam/quang-ninh/vinh-ha-long
